fecha,linea,turno,envase,maquina,toma,kg,und,baja
2026-01-02,1,3,3500005,1,1,31.0,176,true
2026-01-02,1,3,3500005,2,1,29.0,164,true
2026-01-02,1,3,3500005,3,1,29.0,164,true
2026-01-02,1,3,3500005,4,1,26.0,147,true
2026-01-02,1,3,3500005,5,1,25.0,142,true
2026-01-02,1,3,3500005,6,1,39.0,221,true
2026-01-02,1,3,3500005,7,1,14.0,80,true
2026-01-02,1,3,3500005,8,1,12.0,68,true
2026-01-02,1,3,3500005,9,1,16.0,91,true
2026-01-02,1,3,3500005,10,1,11.0,63,true
2026-01-02,1,3,3500005,11,1,11.0,63,true
2026-01-02,1,3,3500005,12,1,10.0,57,true
2026-01-02,1,3,3500005,13,1,17.0,97,true
2026-01-02,4,3,3500162,1,1,36.0,172,true
2026-01-02,4,3,3500162,2,1,31.0,148,true
2026-01-02,4,3,3500162,3,1,32.0,153,true
2026-01-02,4,3,3500162,4,1,24.0,115,true
2026-01-02,4,3,3500162,5,1,21.0,100,true
2026-01-02,4,3,3500162,6,1,41.0,196,true
2026-01-02,4,3,3500162,7,1,18.0,86,true
2026-01-02,4,3,3500162,8,1,16.0,77,true
2026-01-02,4,3,3500162,9,1,11.0,53,true
2026-01-02,4,3,3500162,10,1,14.0,67,true
2026-01-02,4,3,3500162,11,1,12.0,58,true
2026-01-02,4,3,3500162,12,1,11.0,53,true
2026-01-02,4,3,3500162,13,1,16.0,77,true
2026-01-02,1,1,3500005,1,1,15.0,85,true
2026-01-02,1,1,3500005,2,1,11.0,63,true
2026-01-02,1,1,3500005,3,1,10.0,57,true
2026-01-02,1,1,3500005,4,1,12.0,68,true
2026-01-02,1,1,3500005,5,1,11.0,63,true
2026-01-02,1,1,3500005,6,1,29.0,164,true
2026-01-02,1,1,3500005,7,1,10.0,57,true
2026-01-02,1,1,3500005,8,1,10.0,57,true
2026-01-02,1,1,3500005,9,1,11.0,63,true
2026-01-02,1,1,3500005,10,1,11.0,63,true
2026-01-02,1,1,3500005,11,1,19.0,108,true
2026-01-02,1,1,3500005,12,1,10.0,57,true
2026-01-02,1,1,3500005,13,1,10.0,57,true
2026-01-02,2,1,3500162,1,1,20.0,96,true
2026-01-02,2,1,3500162,2,1,15.0,72,true
2026-01-02,2,1,3500162,3,1,18.0,86,true
2026-01-02,2,1,3500162,4,1,20.0,96,true
2026-01-02,2,1,3500162,5,1,15.0,72,true
2026-01-02,2,1,3500162,6,1,20.0,96,true
2026-01-02,2,1,3500162,7,1,15.0,72,true
2026-01-02,2,1,3500162,8,1,12.0,58,true
2026-01-02,2,1,3500162,9,1,12.0,58,true
2026-01-02,2,1,3500162,10,1,10.0,48,true
2026-01-02,2,1,3500162,11,1,11.0,53,true
2026-01-02,2,1,3500162,12,1,10.0,48,true
2026-01-02,2,1,3500162,13,1,21.0,100,true
2026-01-02,4,1,3500162,1,1,12.0,58,true
2026-01-02,4,1,3500162,2,1,18.0,86,true
2026-01-02,4,1,3500162,3,1,20.0,96,true
2026-01-02,4,1,3500162,4,1,21.0,100,true
2026-01-02,4,1,3500162,5,1,23.0,110,true
2026-01-02,4,1,3500162,6,1,26.0,124,true
2026-01-02,4,1,3500162,7,1,10.0,48,true
2026-01-02,4,1,3500162,8,1,10.0,48,true
2026-01-02,4,1,3500162,9,1,10.0,48,true
2026-01-02,4,1,3500162,10,1,10.0,48,true
2026-01-02,4,1,3500162,11,1,10.0,48,true
2026-01-02,4,1,3500162,12,1,10.0,48,true
2026-01-02,4,1,3500162,13,1,20.0,96,true
2026-01-02,6,1,3500888,1,1,20.0,33,true
2026-01-02,6,1,3500888,2,1,25.0,41,true
2026-01-02,6,1,3500888,3,1,18.0,30,true
2026-01-02,6,1,3500888,4,1,19.0,31,true
2026-01-02,6,1,3500888,5,1,30.0,49,true
2026-01-02,6,1,3500888,6,1,35.0,57,true
2026-01-02,6,1,3500888,7,1,12.0,20,true
2026-01-02,6,1,3500888,8,1,10.0,17,true
2026-01-02,6,1,3500888,9,1,10.0,17,true
2026-01-02,6,1,3500888,10,1,10.0,17,true
2026-01-02,6,1,3500888,11,1,10.0,17,true
2026-01-02,6,1,3500888,12,1,12.0,20,true
2026-01-02,6,1,3500888,13,1,22.0,36,true
2026-01-02,1,2,3500005,1,1,22.0,125,true
2026-01-02,1,2,3500005,2,1,18.0,102,true
2026-01-02,1,2,3500005,3,1,12.0,68,true
2026-01-02,1,2,3500005,4,1,16.0,91,true
2026-01-02,1,2,3500005,5,1,12.0,68,true
2026-01-02,1,2,3500005,6,1,20.0,113,true
2026-01-02,1,2,3500005,7,1,12.0,68,true
2026-01-02,1,2,3500005,8,1,27.0,153,true
2026-01-02,1,2,3500005,9,1,18.0,102,true
2026-01-02,1,2,3500005,10,1,12.0,68,true
2026-01-02,1,2,3500005,11,1,19.0,108,true
2026-01-02,1,2,3500005,12,1,14.0,80,true
2026-01-02,1,2,3500005,13,1,22.0,125,true
2026-01-02,2,2,3500162,1,1,26.0,124,true
2026-01-02,2,2,3500162,2,1,22.0,105,true
2026-01-02,2,2,3500162,3,1,30.0,143,true
2026-01-02,2,2,3500162,4,1,29.0,139,true
2026-01-02,2,2,3500162,5,1,12.0,58,true
2026-01-02,2,2,3500162,6,1,28.0,134,true
2026-01-02,2,2,3500162,7,1,18.0,86,true
2026-01-02,2,2,3500162,8,1,35.0,167,true
2026-01-02,2,2,3500162,9,1,18.0,86,true
2026-01-02,2,2,3500162,10,1,12.0,58,true
2026-01-02,2,2,3500162,11,1,19.0,91,true
2026-01-02,2,2,3500162,12,1,24.0,115,true
2026-01-02,2,2,3500162,13,1,29.0,139,true
2026-01-02,4,2,3500162,1,1,32.0,153,true
2026-01-02,4,2,3500162,2,1,29.0,139,true
2026-01-02,4,2,3500162,3,1,18.0,86,true
2026-01-02,4,2,3500162,4,1,12.0,58,true
2026-01-02,4,2,3500162,5,1,16.0,77,true
2026-01-02,4,2,3500162,6,1,24.0,115,true
2026-01-02,4,2,3500162,7,1,18.0,86,true
2026-01-02,4,2,3500162,8,1,37.0,177,true
2026-01-02,4,2,3500162,9,1,14.0,67,true
2026-01-02,4,2,3500162,10,1,10.0,48,true
2026-01-02,4,2,3500162,11,1,19.0,91,true
2026-01-02,4,2,3500162,12,1,22.0,105,true
2026-01-02,4,2,3500162,13,1,27.0,129,true
2026-01-02,6,2,3500888,1,1,37.0,60,true
2026-01-02,6,2,3500888,2,1,30.0,49,true
2026-01-02,6,2,3500888,3,1,27.0,44,true
2026-01-02,6,2,3500888,4,1,18.0,30,true
2026-01-02,6,2,3500888,5,1,17.0,28,true
2026-01-02,6,2,3500888,6,1,22.0,36,true
2026-01-02,6,2,3500888,7,1,19.0,31,true
2026-01-02,6,2,3500888,8,1,39.0,63,true
2026-01-02,6,2,3500888,9,1,10.0,17,true
2026-01-02,6,2,3500888,10,1,14.0,23,true
2026-01-02,6,2,3500888,11,1,19.0,31,true
2026-01-02,6,2,3500888,12,1,26.0,42,true
2026-01-02,6,2,3500888,13,1,27.0,44,true
2026-01-03,1,2,3500005,1,1,18.0,102,true
2026-01-03,1,2,3500005,2,1,12.0,68,true
2026-01-03,1,2,3500005,3,1,15.0,85,true
2026-01-03,1,2,3500005,4,1,16.0,91,true
2026-01-03,1,2,3500005,5,1,20.0,113,true
2026-01-03,1,2,3500005,6,1,28.0,159,true
2026-01-03,1,2,3500005,7,1,10.0,57,true
2026-01-03,1,2,3500005,8,1,11.0,63,true
2026-01-03,1,2,3500005,9,1,10.0,57,true
2026-01-03,1,2,3500005,10,1,12.0,68,true
2026-01-03,1,2,3500005,11,1,11.0,63,true
2026-01-03,1,2,3500005,12,1,10.0,57,true
2026-01-03,1,2,3500005,13,1,22.0,125,true
2026-01-03,2,2,3500162,1,1,19.0,91,true
2026-01-03,2,2,3500162,2,1,10.0,48,true
2026-01-03,2,2,3500162,3,1,15.0,72,true
2026-01-03,2,2,3500162,4,1,12.0,58,true
2026-01-03,2,2,3500162,5,1,10.0,48,true
2026-01-03,2,2,3500162,6,1,23.0,110,true
2026-01-03,2,2,3500162,7,1,11.0,53,true
2026-01-03,2,2,3500162,8,1,10.0,48,true
2026-01-03,2,2,3500162,9,1,12.0,58,true
2026-01-03,2,2,3500162,10,1,11.0,53,true
2026-01-03,2,2,3500162,11,1,10.0,48,true
2026-01-03,2,2,3500162,12,1,12.0,58,true
2026-01-03,2,2,3500162,13,1,27.0,129,true
2026-01-03,4,2,3500162,1,1,19.0,91,true
2026-01-03,4,2,3500162,2,1,12.0,58,true
2026-01-03,4,2,3500162,3,1,11.0,53,true
2026-01-03,4,2,3500162,4,1,10.0,48,true
2026-01-03,4,2,3500162,5,1,11.0,53,true
2026-01-03,4,2,3500162,6,1,22.0,105,true
2026-01-03,4,2,3500162,7,1,10.0,48,true
2026-01-03,4,2,3500162,8,1,10.0,48,true
2026-01-03,4,2,3500162,9,1,11.0,53,true
2026-01-03,4,2,3500162,10,1,12.0,58,true
2026-01-03,4,2,3500162,11,1,14.0,67,true
2026-01-03,4,2,3500162,12,1,15.0,72,true
2026-01-03,4,2,3500162,13,1,20.0,96,true
2026-01-03,6,2,3500888,1,1,20.0,33,true
2026-01-03,6,2,3500888,2,1,15.0,25,true
2026-01-03,6,2,3500888,3,1,18.0,30,true
2026-01-03,6,2,3500888,4,1,10.0,17,true
2026-01-03,6,2,3500888,5,1,12.0,20,true
2026-01-03,6,2,3500888,6,1,21.0,34,true
2026-01-03,6,2,3500888,7,1,12.0,20,true
2026-01-03,6,2,3500888,8,1,10.0,17,true
2026-01-03,6,2,3500888,9,1,10.0,17,true
2026-01-03,6,2,3500888,10,1,10.0,17,true
2026-01-03,6,2,3500888,11,1,10.0,17,true
2026-01-03,6,2,3500888,12,1,11.0,18,true
2026-01-03,6,2,3500888,13,1,25.0,41,true
2026-01-01,1,3,3500005,1,1,18.0,102,true
2026-01-01,1,3,3500005,2,1,19.0,108,true
2026-01-01,1,3,3500005,3,1,20.0,113,true
2026-01-01,1,3,3500005,4,1,17.0,97,true
2026-01-01,1,3,3500005,5,1,12.0,68,true
2026-01-01,1,3,3500005,6,1,22.0,125,true
2026-01-01,1,3,3500005,7,1,17.0,97,true
2026-01-01,1,3,3500005,8,1,27.0,153,true
2026-01-01,1,3,3500005,9,1,17.0,97,true
2026-01-01,1,3,3500005,10,1,10.0,57,true
2026-01-01,1,3,3500005,11,1,22.0,125,true
2026-01-01,1,3,3500005,12,1,29.0,164,true
2026-01-01,1,3,3500005,13,1,27.0,153,true
2026-01-01,2,3,3500162,1,1,27.0,129,true
2026-01-01,2,3,3500162,2,1,18.0,86,true
2026-01-01,2,3,3500162,3,1,21.0,100,true
2026-01-01,2,3,3500162,4,1,22.0,105,true
2026-01-01,2,3,3500162,5,1,18.0,86,true
2026-01-01,2,3,3500162,6,1,22.0,105,true
2026-01-01,2,3,3500162,7,1,17.0,81,true
2026-01-01,2,3,3500162,8,1,32.0,153,true
2026-01-01,2,3,3500162,9,1,12.0,58,true
2026-01-01,2,3,3500162,10,1,19.0,91,true
2026-01-01,2,3,3500162,11,1,24.0,115,true
2026-01-01,2,3,3500162,12,1,22.0,105,true
2026-01-01,2,3,3500162,13,1,20.0,96,true
2026-01-03,1,2,3500005,1,2,18.0,102,true
2026-01-03,1,2,3500005,2,2,22.0,125,true
2026-01-03,1,2,3500005,3,2,19.0,108,true
2026-01-03,1,2,3500005,4,2,10.0,57,true
2026-01-03,1,2,3500005,5,2,14.0,80,true
2026-01-03,1,2,3500005,6,2,21.0,119,true
2026-01-03,1,2,3500005,7,2,14.0,80,true
2026-01-03,1,2,3500005,8,2,27.0,153,true
2026-01-03,1,2,3500005,9,2,12.0,68,true
2026-01-03,1,2,3500005,10,2,14.0,80,true
2026-01-03,1,2,3500005,11,2,22.0,125,true
2026-01-03,1,2,3500005,12,2,17.0,97,true
2026-01-03,1,2,3500005,13,2,24.0,136,true
2026-01-03,2,2,3500162,1,2,27.0,129,true
2026-01-03,2,2,3500162,2,2,22.0,105,true
2026-01-03,2,2,3500162,3,2,24.0,115,true
2026-01-03,2,2,3500162,4,2,18.0,86,true
2026-01-03,2,2,3500162,5,2,12.0,58,true
2026-01-03,2,2,3500162,6,2,19.0,91,true
2026-01-03,2,2,3500162,7,2,18.0,86,true
2026-01-03,2,2,3500162,8,2,35.0,167,true
2026-01-03,2,2,3500162,9,2,18.0,86,true
2026-01-03,2,2,3500162,10,2,12.0,58,true
2026-01-03,2,2,3500162,11,2,24.0,115,true
2026-01-03,2,2,3500162,12,2,27.0,129,true
2026-01-03,2,2,3500162,13,2,23.0,110,true
2026-01-03,4,2,3500162,1,2,37.0,177,true
2026-01-03,4,2,3500162,2,2,24.0,115,true
2026-01-03,4,2,3500162,3,2,29.0,139,true
2026-01-03,4,2,3500162,4,2,22.0,105,true
2026-01-03,4,2,3500162,5,2,12.0,58,true
2026-01-03,4,2,3500162,6,2,24.0,115,true
2026-01-03,4,2,3500162,7,2,18.0,86,true
2026-01-03,4,2,3500162,8,2,39.0,186,true
2026-01-03,4,2,3500162,9,2,12.0,58,true
2026-01-03,4,2,3500162,10,2,16.0,77,true
2026-01-03,4,2,3500162,11,2,27.0,129,true
2026-01-03,4,2,3500162,12,2,20.0,96,true
2026-01-03,4,2,3500162,13,2,22.0,105,true
2026-01-03,6,2,3500888,1,2,32.0,52,true
2026-01-03,6,2,3500888,2,2,27.0,44,true
2026-01-03,6,2,3500888,3,2,22.0,36,true
2026-01-03,6,2,3500888,4,2,18.0,30,true
2026-01-03,6,2,3500888,5,2,12.0,20,true
2026-01-03,6,2,3500888,6,2,17.0,28,true
2026-01-03,6,2,3500888,7,2,19.0,31,true
2026-01-03,6,2,3500888,8,2,37.0,60,true
2026-01-03,6,2,3500888,9,2,20.0,33,true
2026-01-03,6,2,3500888,10,2,12.0,20,true
2026-01-03,6,2,3500888,11,2,23.0,38,true
2026-01-03,6,2,3500888,12,2,20.0,33,true
2026-01-03,6,2,3500888,13,2,32.0,52,true
2026-01-04,1,1,3500005,1,1,15.0,85,true
2026-01-04,1,1,3500005,2,1,10.0,57,true
2026-01-04,1,1,3500005,3,1,10.0,57,true
2026-01-04,1,1,3500005,4,1,10.0,57,true
2026-01-04,1,1,3500005,5,1,12.0,68,true
2026-01-04,1,1,3500005,6,1,20.0,113,true
2026-01-04,1,1,3500005,7,1,15.0,85,true
2026-01-04,1,1,3500005,8,1,12.0,68,true
2026-01-04,1,1,3500005,9,1,13.0,74,true
2026-01-04,1,1,3500005,10,1,0.0,0,true
2026-01-04,1,1,3500005,11,1,15.0,85,true
2026-01-04,1,1,3500005,12,1,20.0,113,true
2026-01-04,1,1,3500005,13,1,13.0,74,true
2026-01-04,1,3,3500005,1,1,31.0,176,true
2026-01-04,1,3,3500005,2,1,32.0,181,true
2026-01-04,1,3,3500005,3,1,19.0,108,true
2026-01-04,1,3,3500005,4,1,21.0,119,true
2026-01-04,1,3,3500005,5,1,21.0,119,true
2026-01-04,1,3,3500005,6,1,41.0,232,true
2026-01-04,1,3,3500005,7,1,46.0,260,true
2026-01-04,1,3,3500005,8,1,16.0,91,true
2026-01-04,1,3,3500005,9,1,11.0,63,true
2026-01-04,1,3,3500005,10,1,12.0,68,true
2026-01-04,1,3,3500005,11,1,19.0,108,true
2026-01-04,1,3,3500005,12,1,12.0,68,true
2026-01-04,1,3,3500005,13,1,23.0,130,true
2026-01-05,1,3,3500005,1,1,15.0,85,true
2026-01-05,1,3,3500005,2,1,12.0,68,true
2026-01-05,1,3,3500005,3,1,10.0,57,true
2026-01-05,1,3,3500005,4,1,11.0,63,true
2026-01-05,1,3,3500005,5,1,11.0,63,true
2026-01-05,1,3,3500005,6,1,10.0,57,true
2026-01-05,1,3,3500005,7,1,11.0,63,true
2026-01-05,1,3,3500005,8,1,10.0,57,true
2026-01-05,1,3,3500005,9,1,11.0,63,true
2026-01-05,1,3,3500005,10,1,12.0,68,true
2026-01-05,1,3,3500005,11,1,14.0,80,true
2026-01-05,1,3,3500005,12,1,16.0,91,true
2026-01-05,1,3,3500005,13,1,20.0,113,true
2026-01-05,1,1,3500005,1,1,22.0,125,true
2026-01-05,1,1,3500005,2,1,18.0,102,true
2026-01-05,1,1,3500005,3,1,20.0,113,true
2026-01-05,1,1,3500005,4,1,17.0,97,true
2026-01-05,1,1,3500005,5,1,12.0,68,true
2026-01-05,1,1,3500005,6,1,19.0,108,true
2026-01-05,1,1,3500005,7,1,12.0,68,true
2026-01-05,1,1,3500005,8,1,29.0,164,true
2026-01-05,1,1,3500005,9,1,14.0,80,true
2026-01-05,1,1,3500005,10,1,16.0,91,true
2026-01-05,1,1,3500005,11,1,22.0,125,true
2026-01-05,1,1,3500005,12,1,20.0,113,true
2026-01-05,1,1,3500005,13,1,22.0,125,true
2026-01-05,4,1,3501430,1,1,29.0,91,true
2026-01-05,4,1,3501430,2,1,18.0,57,true
2026-01-05,4,1,3501430,3,1,22.0,69,true
2026-01-05,4,1,3501430,4,1,18.0,57,true
2026-01-05,4,1,3501430,5,1,16.0,50,true
2026-01-05,4,1,3501430,6,1,18.0,57,true
2026-01-05,4,1,3501430,7,1,12.0,38,true
2026-01-05,4,1,3501430,8,1,32.0,100,true
2026-01-05,4,1,3501430,9,1,10.0,32,true
2026-01-05,4,1,3501430,10,1,16.0,50,true
2026-01-05,4,1,3501430,11,1,22.0,69,true
2026-01-05,4,1,3501430,12,1,27.0,85,true
2026-01-05,4,1,3501430,13,1,32.0,100,true
2026-01-05,6,1,3500887,1,1,27.0,44,true
2026-01-05,6,1,3500887,2,1,18.0,30,true
2026-01-05,6,1,3500887,3,1,12.0,20,true
2026-01-05,6,1,3500887,4,1,16.0,26,true
2026-01-05,6,1,3500887,5,1,14.0,23,true
2026-01-05,6,1,3500887,6,1,20.0,33,true
2026-01-05,6,1,3500887,7,1,17.0,28,true
2026-01-05,6,1,3500887,8,1,32.0,52,true
2026-01-05,6,1,3500887,9,1,17.0,28,true
2026-01-05,6,1,3500887,10,1,10.0,17,true
2026-01-05,6,1,3500887,11,1,14.0,23,true
2026-01-05,6,1,3500887,12,1,22.0,36,true
2026-01-05,6,1,3500887,13,1,27.0,44,true
2026-01-05,1,2,3500005,1,1,39.0,221,true
2026-01-05,1,2,3500005,2,1,37.0,210,true
2026-01-05,1,2,3500005,3,1,32.0,181,true
2026-01-05,1,2,3500005,4,1,36.0,204,true
2026-01-05,1,2,3500005,5,1,31.0,176,true
2026-01-05,1,2,3500005,6,1,50.0,283,true
2026-01-05,1,2,3500005,7,1,16.0,91,true
2026-01-05,1,2,3500005,8,1,15.0,85,true
2026-01-05,1,2,3500005,9,1,19.0,108,true
2026-01-05,1,2,3500005,10,1,11.0,63,true
2026-01-05,1,2,3500005,11,1,12.0,68,true
2026-01-05,1,2,3500005,12,1,14.0,80,true
2026-01-05,1,2,3500005,13,1,28.0,159,true
2026-01-05,4,2,3501430,1,1,36.0,113,true
2026-01-05,4,2,3501430,2,1,34.0,106,true
2026-01-05,4,2,3501430,3,1,31.0,97,true
2026-01-05,4,2,3501430,4,1,31.0,97,true
2026-01-05,4,2,3501430,5,1,30.0,94,true
2026-01-05,4,2,3501430,6,1,50.0,156,true
2026-01-05,4,2,3501430,7,1,19.0,60,true
2026-01-05,4,2,3501430,8,1,18.0,57,true
2026-01-05,4,2,3501430,9,1,16.0,50,true
2026-01-05,4,2,3501430,10,1,11.0,35,true
2026-01-05,4,2,3501430,11,1,12.0,38,true
2026-01-05,4,2,3501430,12,1,16.0,50,true
2026-01-05,4,2,3501430,13,1,45.0,141,true
2026-01-05,6,2,3500887,1,1,32.0,52,true
2026-01-05,6,2,3500887,2,1,31.0,50,true
2026-01-05,6,2,3500887,3,1,30.0,49,true
2026-01-05,6,2,3500887,4,1,24.0,39,true
2026-01-05,6,2,3500887,5,1,21.0,34,true
2026-01-05,6,2,3500887,6,1,41.0,67,true
2026-01-05,6,2,3500887,7,1,19.0,31,true
2026-01-05,6,2,3500887,8,1,11.0,18,true
2026-01-05,6,2,3500887,9,1,12.0,20,true
2026-01-05,6,2,3500887,10,1,16.0,26,true
2026-01-05,6,2,3500887,11,1,19.0,31,true
2026-01-05,6,2,3500887,12,1,11.0,18,true
2026-01-05,6,2,3500887,13,1,22.0,36,true
2026-01-06,1,1,3500005,1,1,12.0,68,true
2026-01-06,1,1,3500005,2,1,17.0,97,true
2026-01-06,1,1,3500005,3,1,21.0,119,true
2026-01-06,1,1,3500005,4,1,16.0,91,true
2026-01-06,1,1,3500005,5,1,10.0,57,true
2026-01-06,1,1,3500005,6,1,18.0,102,true
2026-01-06,1,1,3500005,7,1,12.0,68,true
2026-01-06,1,1,3500005,8,1,29.0,164,true
2026-01-06,1,1,3500005,9,1,12.0,68,true
2026-01-06,1,1,3500005,10,1,10.0,57,true
2026-01-06,1,1,3500005,11,1,21.0,119,true
2026-01-06,1,1,3500005,12,1,24.0,136,true
2026-01-06,1,1,3500005,13,1,25.0,142,true
2026-01-06,2,1,3500162,1,1,29.0,139,true
2026-01-06,2,1,3500162,2,1,18.0,86,true
2026-01-06,2,1,3500162,3,1,17.0,81,true
2026-01-06,2,1,3500162,4,1,10.0,48,true
2026-01-06,2,1,3500162,5,1,12.0,58,true
2026-01-06,2,1,3500162,6,1,16.0,77,true
2026-01-06,2,1,3500162,7,1,21.0,100,true
2026-01-06,2,1,3500162,8,1,37.0,177,true
2026-01-06,2,1,3500162,9,1,10.0,48,true
2026-01-06,2,1,3500162,10,1,12.0,58,true
2026-01-06,2,1,3500162,11,1,22.0,105,true
2026-01-06,2,1,3500162,12,1,27.0,129,true
2026-01-06,2,1,3500162,13,1,29.0,139,true
2026-01-06,4,1,3501430,1,1,32.0,100,true
2026-01-06,4,1,3501430,2,1,23.0,72,true
2026-01-06,4,1,3501430,3,1,19.0,60,true
2026-01-06,4,1,3501430,4,1,17.0,53,true
2026-01-06,4,1,3501430,5,1,10.0,32,true
2026-01-06,4,1,3501430,6,1,24.0,75,true
2026-01-06,4,1,3501430,7,1,16.0,50,true
2026-01-06,4,1,3501430,8,1,39.0,122,true
2026-01-06,4,1,3501430,9,1,12.0,38,true
2026-01-06,4,1,3501430,10,1,18.0,57,true
2026-01-06,4,1,3501430,11,1,27.0,85,true
2026-01-06,4,1,3501430,12,1,20.0,63,true
2026-01-06,4,1,3501430,13,1,29.0,91,true
2026-01-06,6,1,3500888,1,1,30.0,49,true
2026-01-06,6,1,3500888,2,1,27.0,44,true
2026-01-06,6,1,3500888,3,1,17.0,28,true
2026-01-06,6,1,3500888,4,1,19.0,31,true
2026-01-06,6,1,3500888,5,1,12.0,20,true
2026-01-06,6,1,3500888,6,1,21.0,34,true
2026-01-06,6,1,3500888,7,1,18.0,30,true
2026-01-06,6,1,3500888,8,1,37.0,60,true
2026-01-06,6,1,3500888,9,1,19.0,31,true
2026-01-06,6,1,3500888,10,1,20.0,33,true
2026-01-06,6,1,3500888,11,1,27.0,44,true
2026-01-06,6,1,3500888,12,1,32.0,52,true
2026-01-06,6,1,3500888,13,1,30.0,49,true
2026-01-06,1,2,3500005,1,1,12.0,68,true
2026-01-06,1,2,3500005,2,1,20.0,113,true
2026-01-06,1,2,3500005,3,1,22.0,125,true
2026-01-06,1,2,3500005,4,1,18.0,102,true
2026-01-06,1,2,3500005,5,1,0.0,0,true
2026-01-06,1,2,3500005,6,1,28.0,159,true
2026-01-06,1,2,3500005,7,1,0.0,0,true
2026-01-06,1,2,3500005,8,1,12.0,68,true
2026-01-06,1,2,3500005,9,1,16.0,91,true
2026-01-06,1,2,3500005,10,1,20.0,113,true
2026-01-06,1,2,3500005,11,1,21.0,119,true
2026-01-06,1,2,3500005,12,1,25.0,142,true
2026-01-06,1,2,3500005,13,1,30.0,170,true
2026-01-06,2,2,3500162,1,1,20.0,96,true
2026-01-06,2,2,3500162,2,1,21.0,100,true
2026-01-06,2,2,3500162,3,1,24.0,115,true
2026-01-06,2,2,3500162,4,1,26.0,124,true
2026-01-06,2,2,3500162,5,1,12.0,58,true
2026-01-06,2,2,3500162,6,1,27.0,129,true
2026-01-06,2,2,3500162,7,1,12.0,58,true
2026-01-06,2,2,3500162,8,1,10.0,48,true
2026-01-06,2,2,3500162,9,1,19.0,91,true
2026-01-06,2,2,3500162,10,1,21.0,100,true
2026-01-06,2,2,3500162,11,1,28.0,134,true
2026-01-06,2,2,3500162,12,1,35.0,167,true
2026-01-06,2,2,3500162,13,1,40.0,191,true
2026-01-06,4,2,3501430,1,1,25.0,78,true
2026-01-06,4,2,3501430,2,1,24.0,75,true
2026-01-06,4,2,3501430,3,1,35.0,110,true
2026-01-06,4,2,3501430,4,1,40.0,125,true
2026-01-06,4,2,3501430,5,1,35.0,110,true
2026-01-06,4,2,3501430,6,1,33.0,103,true
2026-01-06,4,2,3501430,7,1,15.0,47,true
2026-01-06,4,2,3501430,8,1,19.0,60,true
2026-01-06,4,2,3501430,9,1,28.0,88,true
2026-01-06,4,2,3501430,10,1,30.0,94,true
2026-01-06,4,2,3501430,11,1,37.0,116,true
2026-01-06,4,2,3501430,12,1,41.0,128,true
2026-01-06,4,2,3501430,13,1,30.0,94,true
2026-01-06,6,2,3500888,1,1,24.0,39,true
2026-01-06,6,2,3500888,2,1,20.0,33,true
2026-01-06,6,2,3500888,3,1,27.0,44,true
2026-01-06,6,2,3500888,4,1,18.0,30,true
2026-01-06,6,2,3500888,5,1,15.0,25,true
2026-01-06,6,2,3500888,6,1,28.0,46,true
2026-01-06,6,2,3500888,7,1,16.0,26,true
2026-01-06,6,2,3500888,8,1,14.0,23,true
2026-01-06,6,2,3500888,9,1,20.0,33,true
2026-01-06,6,2,3500888,10,1,27.0,44,true
2026-01-06,6,2,3500888,11,1,31.0,50,true
2026-01-06,6,2,3500888,12,1,41.0,67,true
2026-01-06,6,2,3500888,13,1,35.0,57,true
2026-01-07,1,3,3500005,1,1,12.0,68,true
2026-01-07,1,3,3500005,2,1,10.0,57,true
2026-01-07,1,3,3500005,3,1,15.0,85,true
2026-01-07,1,3,3500005,4,1,18.0,102,true
2026-01-07,1,3,3500005,5,1,12.0,68,true
2026-01-07,1,3,3500005,6,1,26.0,147,true
2026-01-07,1,3,3500005,7,1,10.0,57,true
2026-01-07,1,3,3500005,8,1,11.0,63,true
2026-01-07,1,3,3500005,9,1,12.0,68,true
2026-01-07,1,3,3500005,10,1,10.0,57,true
2026-01-07,1,3,3500005,11,1,10.0,57,true
2026-01-07,1,3,3500005,12,1,10.0,57,true
2026-01-07,1,3,3500005,13,1,15.0,85,true
2026-01-07,2,3,3500162,1,1,15.0,72,true
2026-01-07,2,3,3500162,2,1,10.0,48,true
2026-01-07,2,3,3500162,3,1,18.0,86,true
2026-01-07,2,3,3500162,4,1,10.0,48,true
2026-01-07,2,3,3500162,5,1,11.0,53,true
2026-01-07,2,3,3500162,6,1,22.0,105,true
2026-01-07,2,3,3500162,7,1,15.0,72,true
2026-01-07,2,3,3500162,8,1,10.0,48,true
2026-01-07,2,3,3500162,9,1,12.0,58,true
2026-01-07,2,3,3500162,10,1,10.0,48,true
2026-01-07,2,3,3500162,11,1,10.0,48,true
2026-01-07,2,3,3500162,12,1,10.0,48,true
2026-01-07,2,3,3500162,13,1,11.0,53,true
2026-01-07,4,3,3501430,1,1,20.0,63,true
2026-01-07,4,3,3501430,2,1,15.0,47,true
2026-01-07,4,3,3501430,3,1,12.0,38,true
2026-01-07,4,3,3501430,4,1,11.0,35,true
2026-01-07,4,3,3501430,5,1,10.0,32,true
2026-01-07,4,3,3501430,6,1,22.0,69,true
2026-01-07,4,3,3501430,7,1,15.0,47,true
2026-01-07,4,3,3501430,8,1,12.0,38,true
2026-01-07,4,3,3501430,9,1,10.0,32,true
2026-01-07,4,3,3501430,10,1,11.0,35,true
2026-01-07,4,3,3501430,11,1,11.0,35,true
2026-01-07,4,3,3501430,12,1,11.0,35,true
2026-01-07,4,3,3501430,13,1,10.0,32,true
2026-01-07,6,3,3500888,1,1,20.0,33,true
2026-01-07,6,3,3500888,2,1,25.0,41,true
2026-01-07,6,3,3500888,3,1,18.0,30,true
2026-01-07,6,3,3500888,4,1,14.0,23,true
2026-01-07,6,3,3500888,5,1,12.0,20,true
2026-01-07,6,3,3500888,6,1,25.0,41,true
2026-01-07,6,3,3500888,7,1,10.0,17,true
2026-01-07,6,3,3500888,8,1,10.0,17,true
2026-01-07,6,3,3500888,9,1,10.0,17,true
2026-01-07,6,3,3500888,10,1,10.0,17,true
2026-01-07,6,3,3500888,11,1,10.0,17,true
2026-01-07,6,3,3500888,12,1,11.0,18,true
2026-01-07,6,3,3500888,13,1,11.0,18,true
2026-01-06,1,3,3500005,1,1,18.0,102,true
2026-01-06,1,3,3500005,2,1,19.0,108,true
2026-01-06,1,3,3500005,3,1,24.0,136,true
2026-01-06,1,3,3500005,4,1,12.0,68,true
2026-01-06,1,3,3500005,5,1,15.0,85,true
2026-01-06,1,3,3500005,6,1,28.0,159,true
2026-01-06,1,3,3500005,7,1,12.0,68,true
2026-01-06,1,3,3500005,8,1,10.0,57,true
2026-01-06,1,3,3500005,9,1,11.0,63,true
2026-01-06,1,3,3500005,10,1,10.0,57,true
2026-01-06,1,3,3500005,11,1,12.0,68,true
2026-01-06,1,3,3500005,12,1,14.0,80,true
2026-01-06,1,3,3500005,13,1,10.0,57,true
2026-01-06,2,3,3500162,1,1,20.0,96,true
2026-01-06,2,3,3500162,2,1,15.0,72,true
2026-01-06,2,3,3500162,3,1,18.0,86,true
2026-01-06,2,3,3500162,4,1,12.0,58,true
2026-01-06,2,3,3500162,5,1,10.0,48,true
2026-01-06,2,3,3500162,6,1,23.0,110,true
2026-01-06,2,3,3500162,7,1,16.0,77,true
2026-01-06,2,3,3500162,8,1,18.0,86,true
2026-01-06,2,3,3500162,9,1,14.0,67,true
2026-01-06,2,3,3500162,10,1,15.0,72,true
2026-01-06,2,3,3500162,11,1,10.0,48,true
2026-01-06,2,3,3500162,12,1,10.0,48,true
2026-01-06,2,3,3500162,13,1,10.0,48,true
2026-01-06,4,3,3501430,1,1,15.0,47,true
2026-01-06,4,3,3501430,2,1,12.0,38,true
2026-01-06,4,3,3501430,3,1,18.0,57,true
2026-01-06,4,3,3501430,4,1,10.0,32,true
2026-01-06,4,3,3501430,5,1,11.0,35,true
2026-01-06,4,3,3501430,6,1,22.0,69,true
2026-01-06,4,3,3501430,7,1,15.0,47,true
2026-01-06,4,3,3501430,8,1,10.0,32,true
2026-01-06,4,3,3501430,9,1,10.0,32,true
2026-01-06,4,3,3501430,10,1,11.0,35,true
2026-01-06,4,3,3501430,11,1,12.0,38,true
2026-01-06,4,3,3501430,12,1,10.0,32,true
2026-01-06,4,3,3501430,13,1,10.0,32,true
2026-01-06,6,3,3500888,1,1,20.0,33,true
2026-01-06,6,3,3500888,2,1,25.0,41,true
2026-01-06,6,3,3500888,3,1,18.0,30,true
2026-01-06,6,3,3500888,4,1,24.0,39,true
2026-01-06,6,3,3500888,5,1,26.0,42,true
2026-01-06,6,3,3500888,6,1,27.0,44,true
2026-01-06,6,3,3500888,7,1,10.0,17,true
2026-01-06,6,3,3500888,8,1,15.0,25,true
2026-01-06,6,3,3500888,9,1,10.0,17,true
2026-01-06,6,3,3500888,10,1,15.0,25,true
2026-01-06,6,3,3500888,11,1,10.0,17,true
2026-01-06,6,3,3500888,12,1,12.0,20,true
2026-01-06,6,3,3500888,13,1,10.0,17,true
2026-01-07,1,2,3500005,1,1,15.0,85,true
2026-01-07,1,2,3500005,2,1,19.0,108,true
2026-01-07,1,2,3500005,3,1,22.0,125,true
2026-01-07,1,2,3500005,4,1,30.0,170,true
2026-01-07,1,2,3500005,5,1,12.0,68,true
2026-01-07,1,2,3500005,6,1,16.0,91,true
2026-01-07,1,2,3500005,7,1,0.0,0,true
2026-01-07,1,2,3500005,8,1,12.0,68,true
2026-01-07,1,2,3500005,9,1,19.0,108,true
2026-01-07,1,2,3500005,10,1,22.0,125,true
2026-01-07,1,2,3500005,11,1,30.0,170,true
2026-01-07,1,2,3500005,12,1,37.0,210,true
2026-01-07,1,2,3500005,13,1,40.0,226,true
2026-01-07,2,2,3500162,1,1,19.0,91,true
2026-01-07,2,2,3500162,2,1,21.0,100,true
2026-01-07,2,2,3500162,3,1,30.0,143,true
2026-01-07,2,2,3500162,4,1,37.0,177,true
2026-01-07,2,2,3500162,5,1,30.0,143,true
2026-01-07,2,2,3500162,6,1,23.0,110,true
2026-01-07,2,2,3500162,7,1,13.0,62,true
2026-01-07,2,2,3500162,8,1,14.0,67,true
2026-01-07,2,2,3500162,9,1,20.0,96,true
2026-01-07,2,2,3500162,10,1,27.0,129,true
2026-01-07,2,2,3500162,11,1,30.0,143,true
2026-01-07,2,2,3500162,12,1,39.0,186,true
2026-01-07,2,2,3500162,13,1,41.0,196,true
2026-01-07,4,2,3501430,1,1,21.0,66,true
2026-01-07,4,2,3501430,2,1,24.0,75,true
2026-01-07,4,2,3501430,3,1,30.0,94,true
2026-01-07,4,2,3501430,4,1,37.0,116,true
2026-01-07,4,2,3501430,5,1,30.0,94,true
2026-01-07,4,2,3501430,6,1,44.0,138,true
2026-01-07,4,2,3501430,7,1,16.0,50,true
2026-01-07,4,2,3501430,8,1,19.0,60,true
2026-01-07,4,2,3501430,9,1,25.0,78,true
2026-01-07,4,2,3501430,10,1,35.0,110,true
2026-01-07,4,2,3501430,11,1,45.0,141,true
2026-01-07,4,2,3501430,12,1,50.0,156,true
2026-01-07,4,2,3501430,13,1,42.0,131,true
2026-01-07,6,2,3500888,1,1,22.0,36,true
2026-01-07,6,2,3500888,2,1,27.0,44,true
2026-01-07,6,2,3500888,3,1,32.0,52,true
2026-01-07,6,2,3500888,4,1,45.0,73,true
2026-01-07,6,2,3500888,5,1,40.0,65,true
2026-01-07,6,2,3500888,6,1,40.0,65,true
2026-01-07,6,2,3500888,7,1,19.0,31,true
2026-01-07,6,2,3500888,8,1,22.0,36,true
2026-01-07,6,2,3500888,9,1,29.0,47,true
2026-01-07,6,2,3500888,10,1,36.0,59,true
2026-01-07,6,2,3500888,11,1,49.0,80,true
2026-01-07,6,2,3500888,12,1,51.0,83,true
2026-01-07,6,2,3500888,13,1,38.0,62,true
2026-01-07,1,1,3500005,1,1,22.0,125,true
2026-01-07,1,1,3500005,2,1,12.0,68,true
2026-01-07,1,1,3500005,3,1,17.0,97,true
2026-01-07,1,1,3500005,4,1,10.0,57,true
2026-01-07,1,1,3500005,5,1,14.0,80,true
2026-01-07,1,1,3500005,6,1,16.0,91,true
2026-01-07,1,1,3500005,7,1,12.0,68,true
2026-01-07,1,1,3500005,8,1,27.0,153,true
2026-01-07,1,1,3500005,9,1,10.0,57,true
2026-01-07,1,1,3500005,10,1,17.0,97,true
2026-01-07,1,1,3500005,11,1,22.0,125,true
2026-01-07,1,1,3500005,12,1,21.0,119,true
2026-01-07,1,1,3500005,13,1,24.0,136,true
2026-01-07,2,1,3500162,1,1,32.0,153,true
2026-01-07,2,1,3500162,2,1,17.0,81,true
2026-01-07,2,1,3500162,3,1,22.0,105,true
2026-01-07,2,1,3500162,4,1,12.0,58,true
2026-01-07,2,1,3500162,5,1,18.0,86,true
2026-01-07,2,1,3500162,6,1,19.0,91,true
2026-01-07,2,1,3500162,7,1,14.0,67,true
2026-01-07,2,1,3500162,8,1,35.0,167,true
2026-01-07,2,1,3500162,9,1,10.0,48,true
2026-01-07,2,1,3500162,10,1,14.0,67,true
2026-01-07,2,1,3500162,11,1,22.0,105,true
2026-01-07,2,1,3500162,12,1,31.0,148,true
2026-01-07,2,1,3500162,13,1,25.0,120,true
2026-01-07,4,1,3501430,1,1,27.0,85,true
2026-01-07,4,1,3501430,2,1,18.0,57,true
2026-01-07,4,1,3501430,3,1,27.0,85,true
2026-01-07,4,1,3501430,4,1,18.0,57,true
2026-01-07,4,1,3501430,5,1,21.0,66,true
2026-01-07,4,1,3501430,6,1,29.0,91,true
2026-01-07,4,1,3501430,7,1,18.0,57,true
2026-01-07,4,1,3501430,8,1,37.0,116,true
2026-01-07,4,1,3501430,9,1,23.0,72,true
2026-01-07,4,1,3501430,10,1,14.0,44,true
2026-01-07,4,1,3501430,11,1,22.0,69,true
2026-01-07,4,1,3501430,12,1,32.0,100,true
2026-01-07,4,1,3501430,13,1,22.0,69,true
2026-01-07,6,1,3500888,1,1,32.0,52,true
2026-01-07,6,1,3500888,2,1,18.0,30,true
2026-01-07,6,1,3500888,3,1,17.0,28,true
2026-01-07,6,1,3500888,4,1,10.0,17,true
2026-01-07,6,1,3500888,5,1,19.0,31,true
2026-01-07,6,1,3500888,6,1,27.0,44,true
2026-01-07,6,1,3500888,7,1,19.0,31,true
2026-01-07,6,1,3500888,8,1,39.0,63,true
2026-01-07,6,1,3500888,9,1,17.0,28,true
2026-01-07,6,1,3500888,10,1,10.0,17,true
2026-01-07,6,1,3500888,11,1,21.0,34,true
2026-01-07,6,1,3500888,12,1,27.0,44,true
2026-01-07,6,1,3500888,13,1,34.0,55,true
2026-01-08,1,3,3500005,1,1,20.0,113,true
2026-01-08,1,3,3500005,2,1,15.0,85,true
2026-01-08,1,3,3500005,3,1,12.0,68,true
2026-01-08,1,3,3500005,4,1,18.0,102,true
2026-01-08,1,3,3500005,5,1,12.0,68,true
2026-01-08,1,3,3500005,6,1,29.0,164,true
2026-01-08,1,3,3500005,7,1,11.0,63,true
2026-01-08,1,3,3500005,8,1,16.0,91,true
2026-01-08,1,3,3500005,9,1,12.0,68,true
2026-01-08,1,3,3500005,10,1,14.0,80,true
2026-01-08,1,3,3500005,11,1,16.0,91,true
2026-01-08,1,3,3500005,12,1,19.0,108,true
2026-01-08,1,3,3500005,13,1,17.0,97,true
2026-01-08,2,3,3500162,1,1,20.0,96,true
2026-01-08,2,3,3500162,2,1,15.0,72,true
2026-01-08,2,3,3500162,3,1,22.0,105,true
2026-01-08,2,3,3500162,4,1,24.0,115,true
2026-01-08,2,3,3500162,5,1,11.0,53,true
2026-01-08,2,3,3500162,6,1,31.0,148,true
2026-01-08,2,3,3500162,7,1,10.0,48,true
2026-01-08,2,3,3500162,8,1,16.0,77,true
2026-01-08,2,3,3500162,9,1,15.0,72,true
2026-01-08,2,3,3500162,10,1,19.0,91,true
2026-01-08,2,3,3500162,11,1,22.0,105,true
2026-01-08,2,3,3500162,12,1,10.0,48,true
2026-01-08,2,3,3500162,13,1,10.0,48,true
2026-01-08,4,3,3501430,1,1,16.0,50,true
2026-01-08,4,3,3501430,2,1,12.0,38,true
2026-01-08,4,3,3501430,3,1,14.0,44,true
2026-01-08,4,3,3501430,4,1,11.0,35,true
2026-01-08,4,3,3501430,5,1,16.0,50,true
2026-01-08,4,3,3501430,6,1,27.0,85,true
2026-01-08,4,3,3501430,7,1,10.0,32,true
2026-01-08,4,3,3501430,8,1,10.0,32,true
2026-01-08,4,3,3501430,9,1,11.0,35,true
2026-01-08,4,3,3501430,10,1,12.0,38,true
2026-01-08,4,3,3501430,11,1,10.0,32,true
2026-01-08,4,3,3501430,12,1,10.0,32,true
2026-01-08,4,3,3501430,13,1,10.0,32,true
2026-01-08,6,3,3500888,1,1,10.0,17,true
2026-01-08,6,3,3500888,2,1,19.0,31,true
2026-01-08,6,3,3500888,3,1,12.0,20,true
2026-01-08,6,3,3500888,4,1,18.0,30,true
2026-01-08,6,3,3500888,5,1,11.0,18,true
2026-01-08,6,3,3500888,6,1,38.0,62,true
2026-01-08,6,3,3500888,7,1,10.0,17,true
2026-01-08,6,3,3500888,8,1,12.0,20,true
2026-01-08,6,3,3500888,9,1,10.0,17,true
2026-01-08,6,3,3500888,10,1,10.0,17,true
2026-01-08,6,3,3500888,11,1,14.0,23,true
2026-01-08,6,3,3500888,12,1,15.0,25,true
2026-01-08,6,3,3500888,13,1,32.0,52,true
2026-01-09,1,3,3500005,1,1,15.0,85,true
2026-01-09,1,3,3500005,2,1,18.0,102,true
2026-01-09,1,3,3500005,3,1,12.0,68,true
2026-01-09,1,3,3500005,4,1,11.0,63,true
2026-01-09,1,3,3500005,5,1,10.0,57,true
2026-01-09,1,3,3500005,6,1,30.0,170,true
2026-01-09,1,3,3500005,7,1,16.0,91,true
2026-01-09,1,3,3500005,8,1,12.0,68,true
2026-01-09,1,3,3500005,9,1,10.0,57,true
2026-01-09,1,3,3500005,10,1,15.0,85,true
2026-01-09,1,3,3500005,11,1,11.0,63,true
2026-01-09,1,3,3500005,12,1,12.0,68,true
2026-01-09,1,3,3500005,13,1,10.0,57,true
2026-01-09,2,3,3500162,1,1,19.0,91,true
2026-01-09,2,3,3500162,2,1,12.0,58,true
2026-01-09,2,3,3500162,3,1,11.0,53,true
2026-01-09,2,3,3500162,4,1,14.0,67,true
2026-01-09,2,3,3500162,5,1,16.0,77,true
2026-01-09,2,3,3500162,6,1,27.0,129,true
2026-01-09,2,3,3500162,7,1,16.0,77,true
2026-01-09,2,3,3500162,8,1,12.0,58,true
2026-01-09,2,3,3500162,9,1,11.0,53,true
2026-01-09,2,3,3500162,10,1,14.0,67,true
2026-01-09,2,3,3500162,11,1,15.0,72,true
2026-01-09,2,3,3500162,12,1,10.0,48,true
2026-01-09,2,3,3500162,13,1,10.0,48,true
2026-01-09,6,3,3500888,1,1,20.0,33,true
2026-01-09,6,3,3500888,2,1,24.0,39,true
2026-01-09,6,3,3500888,3,1,18.0,30,true
2026-01-09,6,3,3500888,4,1,19.0,31,true
2026-01-09,6,3,3500888,5,1,20.0,33,true
2026-01-09,6,3,3500888,6,1,27.0,44,true
2026-01-09,6,3,3500888,7,1,10.0,17,true
2026-01-09,6,3,3500888,8,1,10.0,17,true
2026-01-09,6,3,3500888,9,1,12.0,20,true
2026-01-09,6,3,3500888,10,1,12.0,20,true
2026-01-09,6,3,3500888,11,1,14.0,23,true
2026-01-09,6,3,3500888,12,1,16.0,26,true
2026-01-09,6,3,3500888,13,1,16.0,26,true
2026-01-10,1,3,3500005,1,1,10.0,57,true
2026-01-10,1,3,3500005,2,1,15.0,85,true
2026-01-10,1,3,3500005,3,1,18.0,102,true
2026-01-10,1,3,3500005,4,1,12.0,68,true
2026-01-10,1,3,3500005,5,1,10.0,57,true
2026-01-10,1,3,3500005,6,1,22.0,125,true
2026-01-10,1,3,3500005,7,1,11.0,63,true
2026-01-10,1,3,3500005,8,1,19.0,108,true
2026-01-10,1,3,3500005,9,1,19.0,108,true
2026-01-10,1,3,3500005,10,1,12.0,68,true
2026-01-10,1,3,3500005,11,1,10.0,57,true
2026-01-10,1,3,3500005,12,1,12.0,68,true
2026-01-10,2,3,3500162,13,1,10.0,48,true
2026-01-10,2,3,3500162,1,1,20.0,96,true
2026-01-10,2,3,3500162,2,1,25.0,120,true
2026-01-10,2,3,3500162,3,1,16.0,77,true
2026-01-10,2,3,3500162,4,1,18.0,86,true
2026-01-10,2,3,3500162,5,1,19.0,91,true
2026-01-10,2,3,3500162,6,1,22.0,105,true
2026-01-10,2,3,3500162,7,1,15.0,72,true
2026-01-10,2,3,3500162,8,1,12.0,58,true
2026-01-10,2,3,3500162,9,1,10.0,48,true
2026-01-10,2,3,3500162,10,1,10.0,48,true
2026-01-10,2,3,3500162,11,1,12.0,58,true
2026-01-10,2,3,3500162,12,1,11.0,53,true
2026-01-10,2,3,3500162,13,2,11.0,53,true
2026-01-10,4,3,3500446,1,1,30.0,130,true
2026-01-10,4,3,3500446,2,1,40.0,173,true
2026-01-10,4,3,3500446,3,1,20.0,87,true
2026-01-10,4,3,3500446,4,1,50.0,216,true
2026-01-10,4,3,3500446,5,1,25.0,108,true
2026-01-10,4,3,3500446,6,1,48.0,207,true
2026-01-10,4,3,3500446,7,1,20.0,87,true
2026-01-10,4,3,3500446,8,1,22.0,95,true
2026-01-10,4,3,3500446,9,1,24.0,104,true
2026-01-10,4,3,3500446,10,1,12.0,52,true
2026-01-10,4,3,3500446,11,1,16.0,69,true
2026-01-10,4,3,3500446,12,1,18.0,78,true
2026-01-10,4,3,3500446,13,1,19.0,82,true
2026-01-10,6,3,3500888,1,1,30.0,49,true
2026-01-10,6,3,3500888,2,1,20.0,33,true
2026-01-10,6,3,3500888,3,1,25.0,41,true
2026-01-10,6,3,3500888,4,1,18.0,30,true
2026-01-10,6,3,3500888,5,1,19.0,31,true
2026-01-10,6,3,3500888,6,1,36.0,59,true
2026-01-10,6,3,3500888,7,1,10.0,17,true
2026-01-10,6,3,3500888,8,1,12.0,20,true
2026-01-10,6,3,3500888,9,1,16.0,26,true
2026-01-10,6,3,3500888,10,1,12.0,20,true
2026-01-10,6,3,3500888,11,1,10.0,17,true
2026-01-10,6,3,3500888,12,1,10.0,17,true
2026-01-10,6,3,3500888,13,1,10.0,17,true
2026-01-08,1,1,3500005,1,1,22.0,125,true
2026-01-08,1,1,3500005,2,1,19.0,108,true
2026-01-08,1,1,3500005,3,1,14.0,80,true
2026-01-08,1,1,3500005,4,1,17.0,97,true
2026-01-08,1,1,3500005,5,1,10.0,57,true
2026-01-08,1,1,3500005,6,1,19.0,108,true
2026-01-08,1,1,3500005,7,1,12.0,68,true
2026-01-08,1,1,3500005,8,1,23.0,130,true
2026-01-08,1,1,3500005,9,1,10.0,57,true
2026-01-08,1,1,3500005,10,1,16.0,91,true
2026-01-08,1,1,3500005,11,1,19.0,108,true
2026-01-08,1,1,3500005,12,1,21.0,119,true
2026-01-08,1,1,3500005,13,1,24.0,136,true
2026-01-08,2,1,3500162,1,1,32.0,153,true
2026-01-08,2,1,3500162,2,1,29.0,139,true
2026-01-08,2,1,3500162,3,1,20.0,96,true
2026-01-08,2,1,3500162,4,1,19.0,91,true
2026-01-08,2,1,3500162,5,1,10.0,48,true
2026-01-08,2,1,3500162,6,1,19.0,91,true
2026-01-08,2,1,3500162,7,1,22.0,105,true
2026-01-08,2,1,3500162,8,1,37.0,177,true
2026-01-08,2,1,3500162,9,1,17.0,81,true
2026-01-08,2,1,3500162,10,1,14.0,67,true
2026-01-08,2,1,3500162,11,1,22.0,105,true
2026-01-08,2,1,3500162,12,1,29.0,139,true
2026-01-08,2,1,3500162,13,1,21.0,100,true
2026-01-08,4,1,3501430,1,1,30.0,94,true
2026-01-08,4,1,3501430,2,1,17.0,53,true
2026-01-08,4,1,3501430,3,1,20.0,63,true
2026-01-08,4,1,3501430,4,1,10.0,32,true
2026-01-08,4,1,3501430,5,1,14.0,44,true
2026-01-08,4,1,3501430,6,1,17.0,53,true
2026-01-08,4,1,3501430,7,1,19.0,60,true
2026-01-08,4,1,3501430,8,1,32.0,100,true
2026-01-08,4,1,3501430,9,1,17.0,53,true
2026-01-08,4,1,3501430,10,1,20.0,63,true
2026-01-08,4,1,3501430,11,1,21.0,66,true
2026-01-08,4,1,3501430,12,1,29.0,91,true
2026-01-08,4,1,3501430,13,1,27.0,85,true
2026-01-08,6,1,3500888,1,1,23.0,38,true
2026-01-08,6,1,3500888,2,1,19.0,31,true
2026-01-08,6,1,3500888,3,1,22.0,36,true
2026-01-08,6,1,3500888,4,1,27.0,44,true
2026-01-08,6,1,3500888,5,1,19.0,31,true
2026-01-08,6,1,3500888,6,1,19.0,31,true
2026-01-08,6,1,3500888,7,1,10.0,17,true
2026-01-08,6,1,3500888,8,1,32.0,52,true
2026-01-08,6,1,3500888,9,1,10.0,17,true
2026-01-08,6,1,3500888,10,1,10.0,17,true
2026-01-08,6,1,3500888,11,1,21.0,34,true
2026-01-08,6,1,3500888,12,1,27.0,44,true
2026-01-08,6,1,3500888,13,1,28.0,46,true
2026-01-08,1,2,3500005,1,1,12.0,68,true
2026-01-08,1,2,3500005,2,1,17.0,97,true
2026-01-08,1,2,3500005,3,1,22.0,125,true
2026-01-08,1,2,3500005,4,1,28.0,159,true
2026-01-08,1,2,3500005,5,1,17.0,97,true
2026-01-08,1,2,3500005,6,1,26.0,147,true
2026-01-08,1,2,3500005,7,1,0.0,0,true
2026-01-08,1,2,3500005,8,1,16.0,91,true
2026-01-08,1,2,3500005,9,1,19.0,108,true
2026-01-08,1,2,3500005,10,1,22.0,125,true
2026-01-08,1,2,3500005,11,1,27.0,153,true
2026-01-08,1,2,3500005,12,1,35.0,198,true
2026-01-08,1,2,3500005,13,1,40.0,226,true
2026-01-08,2,2,3500162,1,1,19.0,91,true
2026-01-08,2,2,3500162,2,1,23.0,110,true
2026-01-08,2,2,3500162,3,1,35.0,167,true
2026-01-08,2,2,3500162,4,1,41.0,196,true
2026-01-08,2,2,3500162,5,1,36.0,172,true
2026-01-08,2,2,3500162,6,1,32.0,153,true
2026-01-08,2,2,3500162,7,1,12.0,58,true
2026-01-08,2,2,3500162,8,1,14.0,67,true
2026-01-08,2,2,3500162,9,1,26.0,124,true
2026-01-08,2,2,3500162,10,1,36.0,172,true
2026-01-08,2,2,3500162,11,1,39.0,186,true
2026-01-08,2,2,3500162,12,1,43.0,205,true
2026-01-08,2,2,3500162,13,1,51.0,243,true
2026-01-08,4,2,3501430,1,1,30.0,94,true
2026-01-08,4,2,3501430,2,1,31.0,97,true
2026-01-08,4,2,3501430,3,1,37.0,116,true
2026-01-08,4,2,3501430,4,1,40.0,125,true
2026-01-08,4,2,3501430,5,1,26.0,82,true
2026-01-08,4,2,3501430,6,1,45.0,141,true
2026-01-08,4,2,3501430,7,1,12.0,38,true
2026-01-08,4,2,3501430,8,1,17.0,53,true
2026-01-08,4,2,3501430,9,1,23.0,72,true
2026-01-08,4,2,3501430,10,1,37.0,116,true
2026-01-08,4,2,3501430,11,1,45.0,141,true
2026-01-08,4,2,3501430,12,1,30.0,94,true
2026-01-08,4,2,3501430,13,1,60.0,188,true
2026-01-08,6,2,3500888,1,1,20.0,33,true
2026-01-08,6,2,3500888,2,1,23.0,38,true
2026-01-08,6,2,3500888,3,1,31.0,50,true
2026-01-08,6,2,3500888,4,1,34.0,55,true
2026-01-08,6,2,3500888,5,1,27.0,44,true
2026-01-08,6,2,3500888,6,1,31.0,50,true
2026-01-08,6,2,3500888,7,1,15.0,25,true
2026-01-08,6,2,3500888,8,1,20.0,33,true
2026-01-08,6,2,3500888,9,1,27.0,44,true
2026-01-08,6,2,3500888,10,1,34.0,55,true
2026-01-08,6,2,3500888,11,1,40.0,65,true
2026-01-08,6,2,3500888,12,1,45.0,73,true
2026-01-08,6,2,3500888,13,1,55.0,89,true
2026-01-09,1,2,3500005,1,1,14.0,80,true
2026-01-09,1,2,3500005,2,1,17.0,97,true
2026-01-09,1,2,3500005,3,1,22.0,125,true
2026-01-09,1,2,3500005,4,1,30.0,170,true
2026-01-09,1,2,3500005,5,1,20.0,113,true
2026-01-09,1,2,3500005,6,1,31.0,176,true
2026-01-09,1,2,3500005,7,1,0.0,0,true
2026-01-09,1,2,3500005,8,1,19.0,108,true
2026-01-09,1,2,3500005,9,1,20.0,113,true
2026-01-09,1,2,3500005,10,1,26.0,147,true
2026-01-09,1,2,3500005,11,1,35.0,198,true
2026-01-09,1,2,3500005,12,1,40.0,226,true
2026-01-09,2,2,3500162,13,1,47.0,224,true
2026-01-09,2,2,3500162,1,1,22.0,105,true
2026-01-09,2,2,3500162,2,1,30.0,143,true
2026-01-09,2,2,3500162,3,1,32.0,153,true
2026-01-09,2,2,3500162,4,1,40.0,191,true
2026-01-09,2,2,3500162,5,1,45.0,215,true
2026-01-09,2,2,3500162,6,1,39.0,186,true
2026-01-09,2,2,3500162,7,1,14.0,67,true
2026-01-09,2,2,3500162,8,1,15.0,72,true
2026-01-09,2,2,3500162,9,1,20.0,96,true
2026-01-09,2,2,3500162,10,1,27.0,129,true
2026-01-09,2,2,3500162,11,1,36.0,172,true
2026-01-09,2,2,3500162,12,1,45.0,215,true
2026-01-09,2,2,3500162,13,2,50.0,239,true
2026-01-09,4,2,3500446,1,1,28.0,121,true
2026-01-09,4,2,3500446,2,1,30.0,130,true
2026-01-09,4,2,3500446,3,1,31.0,134,true
2026-01-09,4,2,3500446,4,1,42.0,182,true
2026-01-09,4,2,3500446,5,1,43.0,186,true
2026-01-09,4,2,3500446,6,1,52.0,225,true
2026-01-09,4,2,3500446,7,1,16.0,69,true
2026-01-09,4,2,3500446,8,1,16.0,69,true
2026-01-09,4,2,3500446,9,1,25.0,108,true
2026-01-09,4,2,3500446,10,1,35.0,151,true
2026-01-09,4,2,3500446,11,1,47.0,203,true
2026-01-09,4,2,3500446,12,1,60.0,259,true
2026-01-09,4,2,3500446,13,1,55.0,238,true
2026-01-09,6,2,3500888,1,1,27.0,44,true
2026-01-09,6,2,3500888,2,1,32.0,52,true
2026-01-09,6,2,3500888,3,1,34.0,55,true
2026-01-09,6,2,3500888,4,1,42.0,68,true
2026-01-09,6,2,3500888,5,1,47.0,76,true
2026-01-09,6,2,3500888,6,1,50.0,81,true
2026-01-09,6,2,3500888,7,1,19.0,31,true
2026-01-09,6,2,3500888,8,1,13.0,21,true
2026-01-09,6,2,3500888,9,1,20.0,33,true
2026-01-09,6,2,3500888,10,1,27.0,44,true
2026-01-09,6,2,3500888,11,1,36.0,59,true
2026-01-09,6,2,3500888,12,1,50.0,81,true
2026-01-09,6,2,3500888,13,1,57.0,92,true
2026-01-09,1,1,3500005,1,1,22.0,125,true
2026-01-09,1,1,3500005,2,1,29.0,164,true
2026-01-09,1,1,3500005,3,1,32.0,181,true
2026-01-09,1,1,3500005,4,1,18.0,102,true
2026-01-09,1,1,3500005,5,1,10.0,57,true
2026-01-09,1,1,3500005,6,1,19.0,108,true
2026-01-09,1,1,3500005,7,1,18.0,102,true
2026-01-09,1,1,3500005,8,1,29.0,164,true
2026-01-09,1,1,3500005,9,1,18.0,102,true
2026-01-09,1,1,3500005,10,1,10.0,57,true
2026-01-09,1,1,3500005,11,1,24.0,136,true
2026-01-09,1,1,3500005,12,1,21.0,119,true
2026-01-09,2,1,3500162,13,1,20.0,96,true
2026-01-09,2,1,3500162,1,1,37.0,177,true
2026-01-09,2,1,3500162,2,1,27.0,129,true
2026-01-09,2,1,3500162,3,1,18.0,86,true
2026-01-09,2,1,3500162,4,1,20.0,96,true
2026-01-09,2,1,3500162,5,1,14.0,67,true
2026-01-09,2,1,3500162,6,1,19.0,91,true
2026-01-09,2,1,3500162,7,1,21.0,100,true
2026-01-09,2,1,3500162,8,1,39.0,186,true
2026-01-09,2,1,3500162,9,1,17.0,81,true
2026-01-09,2,1,3500162,10,1,21.0,100,true
2026-01-09,2,1,3500162,11,1,19.0,91,true
2026-01-09,2,1,3500162,12,1,27.0,129,true
2026-01-09,2,1,3500162,13,2,29.0,139,true
2026-01-09,4,1,3500446,1,1,40.0,173,true
2026-01-09,4,1,3500446,2,1,45.0,194,true
2026-01-09,4,1,3500446,3,1,55.0,238,true
2026-01-09,4,1,3500446,4,1,27.0,117,true
2026-01-09,4,1,3500446,5,1,21.0,91,true
2026-01-09,4,1,3500446,6,1,37.0,160,true
2026-01-09,4,1,3500446,7,1,18.0,78,true
2026-01-09,4,1,3500446,8,1,75.0,324,true
2026-01-09,4,1,3500446,9,1,21.0,91,true
2026-01-09,4,1,3500446,10,1,25.0,108,true
2026-01-09,4,1,3500446,11,1,55.0,238,true
2026-01-09,4,1,3500446,12,1,25.0,108,true
2026-01-09,4,1,3500446,13,1,39.0,169,true
2026-01-09,6,1,3500888,1,1,29.0,47,true
2026-01-09,6,1,3500888,2,1,17.0,28,true
2026-01-09,6,1,3500888,3,1,27.0,44,true
2026-01-09,6,1,3500888,4,1,21.0,34,true
2026-01-09,6,1,3500888,5,1,18.0,30,true
2026-01-09,6,1,3500888,6,1,22.0,36,true
2026-01-09,6,1,3500888,7,1,14.0,23,true
2026-01-09,6,1,3500888,8,1,37.0,60,true
2026-01-09,6,1,3500888,9,1,18.0,30,true
2026-01-09,6,1,3500888,10,1,12.0,20,true
2026-01-09,6,1,3500888,11,1,21.0,34,true
2026-01-09,6,1,3500888,12,1,29.0,47,true
2026-01-09,6,1,3500888,13,1,32.0,52,true
2026-01-10,1,1,3500005,1,1,17.0,97,true
2026-01-10,1,1,3500005,2,1,21.0,119,true
2026-01-10,1,1,3500005,3,1,24.0,136,true
2026-01-10,1,1,3500005,4,1,10.0,57,true
2026-01-10,1,1,3500005,5,1,11.0,63,true
2026-01-10,1,1,3500005,6,1,17.0,97,true
2026-01-10,1,1,3500005,7,1,14.0,80,true
2026-01-10,1,1,3500005,8,1,27.0,153,true
2026-01-10,1,1,3500005,9,1,12.0,68,true
2026-01-10,1,1,3500005,10,1,14.0,80,true
2026-01-10,1,1,3500005,11,1,22.0,125,true
2026-01-10,1,1,3500005,12,1,24.0,136,true
2026-01-10,2,1,3500162,13,1,17.0,81,true
2026-01-10,2,1,3500162,1,1,30.0,143,true
2026-01-10,2,1,3500162,2,1,24.0,115,true
2026-01-10,2,1,3500162,3,1,19.0,91,true
2026-01-10,2,1,3500162,4,1,12.0,58,true
2026-01-10,2,1,3500162,5,1,19.0,91,true
2026-01-10,2,1,3500162,6,1,22.0,105,true
2026-01-10,2,1,3500162,7,1,17.0,81,true
2026-01-10,2,1,3500162,8,1,37.0,177,true
2026-01-10,2,1,3500162,9,1,19.0,91,true
2026-01-10,2,1,3500162,10,1,10.0,48,true
2026-01-10,2,1,3500162,11,1,25.0,120,true
2026-01-10,2,1,3500162,12,1,32.0,153,true
2026-01-10,2,1,3500162,13,2,30.0,143,true
2026-01-10,4,1,3500446,1,1,39.0,169,true
2026-01-10,4,1,3500446,2,1,32.0,138,true
2026-01-10,4,1,3500446,3,1,43.0,186,true
2026-01-10,4,1,3500446,4,1,32.0,138,true
2026-01-10,4,1,3500446,5,1,27.0,117,true
2026-01-10,4,1,3500446,6,1,47.0,203,true
2026-01-10,4,1,3500446,7,1,22.0,95,true
2026-01-10,4,1,3500446,8,1,70.0,302,true
2026-01-10,4,1,3500446,9,1,32.0,138,true
2026-01-10,4,1,3500446,10,1,27.0,117,true
2026-01-10,4,1,3500446,11,1,52.0,225,true
2026-01-10,4,1,3500446,12,1,64.0,276,true
2026-01-10,4,1,3500446,13,1,72.0,311,true
2026-01-10,6,1,3500888,1,1,28.0,46,true
2026-01-10,6,1,3500888,2,1,22.0,36,true
2026-01-10,6,1,3500888,3,1,19.0,31,true
2026-01-10,6,1,3500888,4,1,16.0,26,true
2026-01-10,6,1,3500888,5,1,12.0,20,true
2026-01-10,6,1,3500888,6,1,22.0,36,true
2026-01-10,6,1,3500888,7,1,20.0,33,true
2026-01-10,6,1,3500888,8,1,40.0,65,true
2026-01-10,6,1,3500888,9,1,20.0,33,true
2026-01-10,6,1,3500888,10,1,12.0,20,true
2026-01-10,6,1,3500888,11,1,32.0,52,true
2026-01-10,6,1,3500888,12,1,29.0,47,true
2026-01-10,6,1,3500888,13,1,32.0,52,true
2026-01-10,1,1,3500005,1,2,15.0,85,true
2026-01-10,1,1,3500005,2,2,16.0,91,true
2026-01-10,1,1,3500005,3,2,24.0,136,true
2026-01-10,1,1,3500005,4,2,32.0,181,true
2026-01-10,1,1,3500005,5,2,18.0,102,true
2026-01-10,1,1,3500005,6,2,28.0,159,true
2026-01-10,1,1,3500005,7,2,0.0,0,true
2026-01-10,1,1,3500005,8,2,20.0,113,true
2026-01-10,1,1,3500005,9,2,22.0,125,true
2026-01-10,1,1,3500005,10,2,20.0,113,true
2026-01-10,1,1,3500005,11,2,33.0,187,true
2026-01-10,1,1,3500005,12,2,42.0,238,true
2026-01-10,2,1,3500162,13,3,45.0,215,true
2026-01-10,2,1,3500162,1,2,20.0,96,true
2026-01-10,2,1,3500162,2,2,28.0,134,true
2026-01-10,2,1,3500162,3,2,30.0,143,true
2026-01-10,2,1,3500162,4,2,38.0,181,true
2026-01-10,2,1,3500162,5,2,47.0,224,true
2026-01-10,2,1,3500162,6,2,40.0,191,true
2026-01-10,2,1,3500162,7,2,16.0,77,true
2026-01-10,2,1,3500162,8,2,14.0,67,true
2026-01-10,2,1,3500162,9,2,18.0,86,true
2026-01-10,2,1,3500162,10,2,28.0,134,true
2026-01-10,2,1,3500162,11,2,40.0,191,true
2026-01-10,2,1,3500162,12,2,44.0,210,true
2026-01-10,2,1,3500162,13,4,52.0,248,true
2026-01-10,4,1,3500446,1,2,35.0,151,true
2026-01-10,4,1,3500446,2,2,32.0,138,true
2026-01-10,4,1,3500446,3,2,30.0,130,true
2026-01-10,4,1,3500446,4,2,45.0,194,true
2026-01-10,4,1,3500446,5,2,47.0,203,true
2026-01-10,4,1,3500446,6,2,55.0,238,true
2026-01-10,4,1,3500446,7,2,16.0,69,true
2026-01-10,4,1,3500446,8,2,14.0,61,true
2026-01-10,4,1,3500446,9,2,13.0,57,true
2026-01-10,4,1,3500446,10,2,40.0,173,true
2026-01-10,4,1,3500446,11,2,50.0,216,true
2026-01-10,4,1,3500446,12,2,36.0,156,true
2026-01-10,4,1,3500446,13,2,60.0,259,true
2026-01-10,6,1,3500888,1,2,28.0,46,true
2026-01-10,6,1,3500888,2,2,30.0,49,true
2026-01-10,6,1,3500888,3,2,36.0,59,true
2026-01-10,6,1,3500888,4,2,45.0,73,true
2026-01-10,6,1,3500888,5,2,50.0,81,true
2026-01-10,6,1,3500888,6,2,55.0,89,true
2026-01-10,6,1,3500888,7,2,20.0,33,true
2026-01-10,6,1,3500888,8,2,15.0,25,true
2026-01-10,6,1,3500888,9,2,22.0,36,true
2026-01-10,6,1,3500888,10,2,28.0,46,true
2026-01-10,6,1,3500888,11,2,40.0,65,true
2026-01-10,6,1,3500888,12,2,52.0,84,true
2026-01-10,6,1,3500888,13,2,60.0,97,true
2026-01-11,1,2,3500005,1,1,22.0,125,true
2026-01-11,1,2,3500005,2,1,16.0,91,true
2026-01-11,1,2,3500005,3,1,12.0,68,true
2026-01-11,1,2,3500005,4,1,13.0,74,true
2026-01-11,1,2,3500005,5,1,12.0,68,true
2026-01-11,1,2,3500005,6,1,17.0,97,true
2026-01-11,1,2,3500005,7,1,12.0,68,true
2026-01-11,1,2,3500005,8,1,12.0,68,true
2026-01-11,1,2,3500005,9,1,12.0,68,true
2026-01-11,1,2,3500005,10,1,14.0,80,true
2026-01-11,1,2,3500005,11,1,16.0,91,true
2026-01-11,1,2,3500005,12,1,14.0,80,true
2026-01-11,1,2,3500005,13,1,19.0,108,true
2026-01-11,1,3,3500005,1,1,18.0,102,true
2026-01-11,1,3,3500005,2,1,16.0,91,true
2026-01-11,1,3,3500005,3,1,12.0,68,true
2026-01-11,1,3,3500005,4,1,14.0,80,true
2026-01-11,1,3,3500005,5,1,19.0,108,true
2026-01-11,1,3,3500005,6,1,21.0,119,true
2026-01-11,1,3,3500005,7,1,12.0,68,true
2026-01-11,1,3,3500005,8,1,11.0,63,true
2026-01-11,1,3,3500005,9,1,16.0,91,true
2026-01-11,1,3,3500005,10,1,19.0,108,true
2026-01-11,1,3,3500005,11,1,11.0,63,true
2026-01-11,1,3,3500005,12,1,16.0,91,true
2026-01-11,2,3,3500162,13,1,12.0,58,true
2026-01-11,2,3,3500162,1,1,20.0,96,true
2026-01-11,2,3,3500162,2,1,22.0,105,true
2026-01-11,2,3,3500162,3,1,19.0,91,true
2026-01-11,2,3,3500162,4,1,16.0,77,true
2026-01-11,2,3,3500162,5,1,12.0,58,true
2026-01-11,2,3,3500162,6,1,30.0,143,true
2026-01-11,2,3,3500162,7,1,11.0,53,true
2026-01-11,2,3,3500162,8,1,10.0,48,true
2026-01-11,2,3,3500162,9,1,14.0,67,true
2026-01-11,2,3,3500162,10,1,16.0,77,true
2026-01-11,2,3,3500162,11,1,15.0,72,true
2026-01-11,2,3,3500162,12,1,19.0,91,true
2026-01-11,2,3,3500162,13,2,16.0,77,true
2026-01-11,4,3,3500446,1,1,90.0,388,true
2026-01-11,4,3,3500446,2,1,60.0,259,true
2026-01-11,4,3,3500446,3,1,40.0,173,true
2026-01-11,4,3,3500446,4,1,70.0,302,true
2026-01-11,4,3,3500446,5,1,60.0,259,true
2026-01-11,4,3,3500446,6,1,82.0,354,true
2026-01-11,4,3,3500446,7,1,20.0,87,true
2026-01-11,4,3,3500446,8,1,25.0,108,true
2026-01-11,4,3,3500446,9,1,18.0,78,true
2026-01-11,4,3,3500446,10,1,30.0,130,true
2026-01-11,4,3,3500446,11,1,20.0,87,true
2026-01-11,4,3,3500446,12,1,10.0,44,true
2026-01-11,4,3,3500446,13,1,19.0,82,true
2026-01-11,6,3,3500888,1,1,30.0,49,true
2026-01-11,6,3,3500888,2,1,20.0,33,true
2026-01-11,6,3,3500888,3,1,15.0,25,true
2026-01-11,6,3,3500888,4,1,18.0,30,true
2026-01-11,6,3,3500888,5,1,16.0,26,true
2026-01-11,6,3,3500888,6,1,34.0,55,true
2026-01-11,6,3,3500888,7,1,14.0,23,true
2026-01-11,6,3,3500888,8,1,11.0,18,true
2026-01-11,6,3,3500888,9,1,22.0,36,true
2026-01-11,6,3,3500888,10,1,24.0,39,true
2026-01-11,6,3,3500888,11,1,14.0,23,true
2026-01-11,6,3,3500888,12,1,11.0,18,true
2026-01-11,6,3,3500888,13,1,12.0,20,true
2026-01-12,1,3,3500005,1,1,22.0,125,true
2026-01-12,1,3,3500005,2,1,17.0,97,true
2026-01-12,1,3,3500005,3,1,14.0,80,true
2026-01-12,1,3,3500005,4,1,21.0,119,true
2026-01-12,1,3,3500005,5,1,12.0,68,true
2026-01-12,1,3,3500005,6,1,21.0,119,true
2026-01-12,1,3,3500005,7,1,18.0,102,true
2026-01-12,1,3,3500005,8,1,29.0,164,true
2026-01-12,1,3,3500005,9,1,17.0,97,true
2026-01-12,1,3,3500005,10,1,10.0,57,true
2026-01-12,1,3,3500005,11,1,16.0,91,true
2026-01-12,1,3,3500005,12,1,21.0,119,true
2026-01-12,1,3,3500005,13,1,24.0,136,true
2026-01-12,4,3,3501430,1,1,18.0,57,true
2026-01-12,4,3,3501430,2,1,21.0,66,true
2026-01-12,4,3,3501430,3,1,24.0,75,true
2026-01-12,4,3,3501430,4,1,19.0,60,true
2026-01-12,4,3,3501430,5,1,12.0,38,true
2026-01-12,4,3,3501430,6,1,17.0,53,true
2026-01-12,4,3,3501430,7,1,12.0,38,true
2026-01-12,4,3,3501430,8,1,29.0,91,true
2026-01-12,4,3,3501430,9,1,10.0,32,true
2026-01-12,4,3,3501430,10,1,14.0,44,true
2026-01-12,4,3,3501430,11,1,21.0,66,true
2026-01-12,4,3,3501430,12,1,20.0,63,true
2026-01-12,4,3,3501430,13,1,19.0,60,true
2026-01-12,1,1,3500005,1,1,10.0,57,true
2026-01-12,1,1,3500005,2,1,14.0,80,true
2026-01-12,1,1,3500005,3,1,20.0,113,true
2026-01-12,1,1,3500005,4,1,30.0,170,true
2026-01-12,1,1,3500005,5,1,16.0,91,true
2026-01-12,1,1,3500005,6,1,26.0,147,true
2026-01-12,1,1,3500005,7,1,0.0,0,true
2026-01-12,1,1,3500005,8,1,18.0,102,true
2026-01-12,1,1,3500005,9,1,20.0,113,true
2026-01-12,1,1,3500005,10,1,22.0,125,true
2026-01-12,1,1,3500005,11,1,30.0,170,true
2026-01-12,1,1,3500005,12,1,44.0,249,true
2026-01-12,1,1,3500005,13,1,42.0,238,true
2026-01-12,2,1,3500162,1,1,22.0,105,true
2026-01-12,2,1,3500162,2,1,30.0,143,true
2026-01-12,2,1,3500162,3,1,32.0,153,true
2026-01-12,2,1,3500162,4,1,36.0,172,true
2026-01-12,2,1,3500162,5,1,48.0,229,true
2026-01-12,2,1,3500162,6,1,38.0,181,true
2026-01-12,2,1,3500162,7,1,18.0,86,true
2026-01-12,2,1,3500162,8,1,16.0,77,true
2026-01-12,2,1,3500162,9,1,20.0,96,true
2026-01-12,2,1,3500162,10,1,26.0,124,true
2026-01-12,2,1,3500162,11,1,45.0,215,true
2026-01-12,2,1,3500162,12,1,47.0,224,true
2026-01-12,2,1,3500162,13,1,60.0,286,true
2026-01-12,4,1,3501430,1,1,36.0,113,true
2026-01-12,4,1,3501430,2,1,34.0,106,true
2026-01-12,4,1,3501430,3,1,32.0,100,true
2026-01-12,4,1,3501430,4,1,47.0,147,true
2026-01-12,4,1,3501430,5,1,50.0,156,true
2026-01-12,4,1,3501430,6,1,60.0,188,true
2026-01-12,4,1,3501430,7,1,18.0,57,true
2026-01-12,4,1,3501430,8,1,16.0,50,true
2026-01-12,4,1,3501430,9,1,25.0,78,true
2026-01-12,4,1,3501430,10,1,44.0,138,true
2026-01-12,4,1,3501430,11,1,60.0,188,true
2026-01-12,4,1,3501430,12,1,64.0,200,true
2026-01-12,4,1,3501430,13,1,67.0,209,true
2026-01-12,1,2,3500005,1,1,10.0,57,true
2026-01-12,1,2,3500005,2,1,18.0,102,true
2026-01-12,1,2,3500005,3,1,19.0,108,true
2026-01-12,1,2,3500005,4,1,12.0,68,true
2026-01-12,1,2,3500005,5,1,16.0,91,true
2026-01-12,1,2,3500005,6,1,22.0,125,true
2026-01-12,1,2,3500005,7,1,12.0,68,true
2026-01-12,1,2,3500005,8,1,10.0,57,true
2026-01-12,1,2,3500005,9,1,11.0,63,true
2026-01-12,1,2,3500005,10,1,16.0,91,true
2026-01-12,1,2,3500005,11,1,14.0,80,true
2026-01-12,1,2,3500005,12,1,12.0,68,true
2026-01-12,1,2,3500005,13,1,20.0,113,true
2026-01-12,2,2,3500162,1,1,25.0,120,true
2026-01-12,2,2,3500162,2,1,10.0,48,true
2026-01-12,2,2,3500162,3,1,12.0,58,true
2026-01-12,2,2,3500162,4,1,16.0,77,true
2026-01-12,2,2,3500162,5,1,18.0,86,true
2026-01-12,2,2,3500162,6,1,28.0,134,true
2026-01-12,2,2,3500162,7,1,14.0,67,true
2026-01-12,2,2,3500162,8,1,19.0,91,true
2026-01-12,2,2,3500162,9,1,12.0,58,true
2026-01-12,2,2,3500162,10,1,10.0,48,true
2026-01-12,2,2,3500162,11,1,11.0,53,true
2026-01-12,2,2,3500162,12,1,12.0,58,true
2026-01-12,2,2,3500162,13,1,21.0,100,true
2026-01-12,4,2,3501430,1,1,10.0,32,true
2026-01-12,4,2,3501430,2,1,15.0,47,true
2026-01-12,4,2,3501430,3,1,22.0,69,true
2026-01-12,4,2,3501430,4,1,21.0,66,true
2026-01-12,4,2,3501430,5,1,14.0,44,true
2026-01-12,4,2,3501430,6,1,30.0,94,true
2026-01-12,4,2,3501430,7,1,11.0,35,true
2026-01-12,4,2,3501430,8,1,12.0,38,true
2026-01-12,4,2,3501430,9,1,10.0,32,true
2026-01-12,4,2,3501430,10,1,16.0,50,true
2026-01-12,4,2,3501430,11,1,12.0,38,true
2026-01-12,4,2,3501430,12,1,14.0,44,true
2026-01-12,4,2,3501430,13,1,16.0,50,true
2026-01-13,1,3,3500005,1,1,16.0,91,true
2026-01-13,1,3,3500005,2,1,14.0,80,true
2026-01-13,1,3,3500005,3,1,21.0,119,true
2026-01-13,1,3,3500005,4,1,17.0,97,true
2026-01-13,1,3,3500005,5,1,12.0,68,true
2026-01-13,1,3,3500005,6,1,16.0,91,true
2026-01-13,1,3,3500005,7,1,12.0,68,true
2026-01-13,1,3,3500005,8,1,29.0,164,true
2026-01-13,1,3,3500005,9,1,12.0,68,true
2026-01-13,1,3,3500005,10,1,16.0,91,true
2026-01-13,1,3,3500005,11,1,22.0,125,true
2026-01-13,1,3,3500005,12,1,18.0,102,true
2026-01-13,1,3,3500005,13,1,22.0,125,true
2026-01-13,2,3,3500162,1,1,32.0,153,true
2026-01-13,2,3,3500162,2,1,16.0,77,true
2026-01-13,2,3,3500162,3,1,12.0,58,true
2026-01-13,2,3,3500162,4,1,10.0,48,true
2026-01-13,2,3,3500162,5,1,17.0,81,true
2026-01-13,2,3,3500162,6,1,19.0,91,true
2026-01-13,2,3,3500162,7,1,14.0,67,true
2026-01-13,2,3,3500162,8,1,37.0,177,true
2026-01-13,2,3,3500162,9,1,21.0,100,true
2026-01-13,2,3,3500162,10,1,17.0,81,true
2026-01-13,2,3,3500162,11,1,24.0,115,true
2026-01-13,2,3,3500162,12,1,29.0,139,true
2026-01-13,2,3,3500162,13,1,27.0,129,true
2026-01-13,4,3,3501430,1,1,22.0,69,true
2026-01-13,4,3,3501430,2,1,18.0,57,true
2026-01-13,4,3,3501430,3,1,21.0,66,true
2026-01-13,4,3,3501430,4,1,24.0,75,true
2026-01-13,4,3,3501430,5,1,17.0,53,true
2026-01-13,4,3,3501430,6,1,21.0,66,true
2026-01-13,4,3,3501430,7,1,18.0,57,true
2026-01-13,4,3,3501430,8,1,32.0,100,true
2026-01-13,4,3,3501430,9,1,21.0,66,true
2026-01-13,4,3,3501430,10,1,19.0,60,true
2026-01-13,4,3,3501430,11,1,21.0,66,true
2026-01-13,4,3,3501430,12,1,25.0,78,true
2026-01-13,4,3,3501430,13,1,19.0,60,true
2026-01-13,1,2,3500005,1,1,15.0,85,true
2026-01-13,1,2,3500005,2,1,18.0,102,true
2026-01-13,1,2,3500005,3,1,16.0,91,true
2026-01-13,1,2,3500005,4,1,20.0,113,true
2026-01-13,1,2,3500005,5,1,21.0,119,true
2026-01-13,1,2,3500005,6,1,22.0,125,true
2026-01-13,1,2,3500005,7,1,11.0,63,true
2026-01-13,1,2,3500005,8,1,12.0,68,true
2026-01-13,1,2,3500005,9,1,15.0,85,true
2026-01-13,1,2,3500005,10,1,12.0,68,true
2026-01-13,1,2,3500005,11,1,10.0,57,true
2026-01-13,1,2,3500005,12,1,12.0,68,true
2026-01-13,1,2,3500005,13,1,10.0,57,true
2026-01-13,2,2,3500162,1,1,20.0,96,true
2026-01-13,2,2,3500162,2,1,15.0,72,true
2026-01-13,2,2,3500162,3,1,12.0,58,true
2026-01-13,2,2,3500162,4,1,18.0,86,true
2026-01-13,2,2,3500162,5,1,15.0,72,true
2026-01-13,2,2,3500162,6,1,27.0,129,true
2026-01-13,2,2,3500162,7,1,12.0,58,true
2026-01-13,2,2,3500162,8,1,10.0,48,true
2026-01-13,2,2,3500162,9,1,10.0,48,true
2026-01-13,2,2,3500162,10,1,15.0,72,true
2026-01-13,2,2,3500162,11,1,22.0,105,true
2026-01-13,2,2,3500162,12,1,16.0,77,true
2026-01-13,2,2,3500162,13,1,18.0,86,true
2026-01-13,4,2,3501430,1,1,22.0,69,true
2026-01-13,4,2,3501430,2,1,16.0,50,true
2026-01-13,4,2,3501430,3,1,18.0,57,true
2026-01-13,4,2,3501430,4,1,12.0,38,true
2026-01-13,4,2,3501430,5,1,14.0,44,true
2026-01-13,4,2,3501430,6,1,30.0,94,true
2026-01-13,4,2,3501430,7,1,12.0,38,true
2026-01-13,4,2,3501430,8,1,14.0,44,true
2026-01-13,4,2,3501430,9,1,16.0,50,true
2026-01-13,4,2,3501430,10,1,21.0,66,true
2026-01-13,4,2,3501430,11,1,16.0,50,true
2026-01-13,4,2,3501430,12,1,12.0,38,true
2026-01-13,4,2,3501430,13,1,10.0,32,true
2026-01-14,1,2,3500005,1,1,14.0,80,true
2026-01-14,1,2,3500005,2,1,16.0,91,true
2026-01-14,1,2,3500005,3,1,32.0,181,true
2026-01-14,1,2,3500005,4,1,18.0,102,true
2026-01-14,1,2,3500005,5,1,20.0,113,true
2026-01-14,1,2,3500005,6,1,35.0,198,true
2026-01-14,1,2,3500005,7,1,20.0,113,true
2026-01-14,1,2,3500005,8,1,18.0,102,true
2026-01-14,1,2,3500005,9,1,24.0,136,true
2026-01-14,1,2,3500005,10,1,32.0,181,true
2026-01-14,1,2,3500005,11,1,50.0,283,true
2026-01-14,1,2,3500005,12,1,42.0,238,true
2026-01-14,1,2,3500005,13,1,45.0,255,true
2026-01-14,2,2,3500162,1,1,30.0,143,true
2026-01-14,2,2,3500162,2,1,40.0,191,true
2026-01-14,2,2,3500162,3,1,42.0,200,true
2026-01-14,2,2,3500162,4,1,55.0,262,true
2026-01-14,2,2,3500162,5,1,52.0,248,true
2026-01-14,2,2,3500162,6,1,45.0,215,true
2026-01-14,2,2,3500162,7,1,22.0,105,true
2026-01-14,2,2,3500162,8,1,20.0,96,true
2026-01-14,2,2,3500162,9,1,30.0,143,true
2026-01-14,2,2,3500162,10,1,35.0,167,true
2026-01-14,2,2,3500162,11,1,42.0,200,true
2026-01-14,2,2,3500162,12,1,60.0,286,true
2026-01-14,2,2,3500162,13,1,70.0,334,true
2026-01-14,4,2,3501430,1,1,45.0,141,true
2026-01-14,4,2,3501430,2,1,40.0,125,true
2026-01-14,4,2,3501430,3,1,32.0,100,true
2026-01-14,4,2,3501430,4,1,60.0,188,true
2026-01-14,4,2,3501430,5,1,65.0,203,true
2026-01-14,4,2,3501430,6,1,70.0,219,true
2026-01-14,4,2,3501430,7,1,20.0,63,true
2026-01-14,4,2,3501430,8,1,22.0,69,true
2026-01-14,4,2,3501430,9,1,32.0,100,true
2026-01-14,4,2,3501430,10,1,55.0,172,true
2026-01-14,4,2,3501430,11,1,70.0,219,true
2026-01-14,4,2,3501430,12,1,75.0,234,true
2026-01-14,4,2,3501430,13,1,70.0,219,true
2026-01-14,1,2,3500005,1,2,13.0,74,true
2026-01-14,1,2,3500005,2,2,11.0,63,true
2026-01-14,1,2,3500005,3,2,17.0,97,true
2026-01-14,1,2,3500005,4,2,10.0,57,true
2026-01-14,1,2,3500005,5,2,14.0,80,true
2026-01-14,1,2,3500005,6,2,21.0,119,true
2026-01-14,1,2,3500005,7,2,12.0,68,true
2026-01-14,1,2,3500005,8,2,27.0,153,true
2026-01-14,1,2,3500005,9,2,10.0,57,true
2026-01-14,1,2,3500005,10,2,17.0,97,true
2026-01-14,1,2,3500005,11,2,21.0,119,true
2026-01-14,1,2,3500005,12,2,22.0,125,true
2026-01-14,1,2,3500005,13,2,19.0,108,true
2026-01-14,2,2,3500162,1,2,32.0,153,true
2026-01-14,2,2,3500162,2,2,18.0,86,true
2026-01-14,2,2,3500162,3,2,12.0,58,true
2026-01-14,2,2,3500162,4,2,17.0,81,true
2026-01-14,2,2,3500162,5,2,10.0,48,true
2026-01-14,2,2,3500162,6,2,19.0,91,true
2026-01-14,2,2,3500162,7,2,20.0,96,true
2026-01-14,2,2,3500162,8,2,37.0,177,true
2026-01-14,2,2,3500162,9,2,12.0,58,true
2026-01-14,2,2,3500162,10,2,16.0,77,true
2026-01-14,2,2,3500162,11,2,22.0,105,true
2026-01-14,2,2,3500162,12,2,24.0,115,true
2026-01-14,2,2,3500162,13,2,19.0,91,true
2026-01-14,4,2,3501430,1,2,27.0,85,true
2026-01-14,4,2,3501430,2,2,12.0,38,true
2026-01-14,4,2,3501430,3,2,19.0,60,true
2026-01-14,4,2,3501430,4,2,17.0,53,true
2026-01-14,4,2,3501430,5,2,10.0,32,true
2026-01-14,4,2,3501430,6,2,21.0,66,true
2026-01-14,4,2,3501430,7,2,19.0,60,true
2026-01-14,4,2,3501430,8,2,32.0,100,true
2026-01-14,4,2,3501430,9,2,17.0,53,true
2026-01-14,4,2,3501430,10,2,18.0,57,true
2026-01-14,4,2,3501430,11,2,22.0,69,true
2026-01-14,4,2,3501430,12,2,24.0,75,true
2026-01-14,4,2,3501430,13,2,27.0,85,true
2026-01-15,1,3,3500005,1,1,17.0,97,true
2026-01-15,1,3,3500005,2,1,21.0,119,true
2026-01-15,1,3,3500005,3,1,22.0,125,true
2026-01-15,1,3,3500005,4,1,17.0,97,true
2026-01-15,1,3,3500005,5,1,10.0,57,true
2026-01-15,1,3,3500005,6,1,15.0,85,true
2026-01-15,1,3,3500005,7,1,10.0,57,true
2026-01-15,1,3,3500005,8,1,22.0,125,true
2026-01-15,1,3,3500005,9,1,10.0,57,true
2026-01-15,1,3,3500005,10,1,14.0,80,true
2026-01-15,1,3,3500005,11,1,16.0,91,true
2026-01-15,1,3,3500005,12,1,21.0,119,true
2026-01-15,1,3,3500005,13,1,20.0,113,true
2026-01-15,2,3,3500162,1,1,27.0,129,true
2026-01-15,2,3,3500162,2,1,19.0,91,true
2026-01-15,2,3,3500162,3,1,20.0,96,true
2026-01-15,2,3,3500162,4,1,12.0,58,true
2026-01-15,2,3,3500162,5,1,16.0,77,true
2026-01-15,2,3,3500162,6,1,19.0,91,true
2026-01-15,2,3,3500162,7,1,22.0,105,true
2026-01-15,2,3,3500162,8,1,37.0,177,true
2026-01-15,2,3,3500162,9,1,21.0,100,true
2026-01-15,2,3,3500162,10,1,19.0,91,true
2026-01-15,2,3,3500162,11,1,20.0,96,true
2026-01-15,2,3,3500162,12,1,22.0,105,true
2026-01-15,2,3,3500162,13,1,21.0,100,true
2026-01-15,4,3,3501430,1,1,27.0,85,true
2026-01-15,4,3,3501430,2,1,22.0,69,true
2026-01-15,4,3,3501430,3,1,19.0,60,true
2026-01-15,4,3,3501430,4,1,21.0,66,true
2026-01-15,4,3,3501430,5,1,14.0,44,true
2026-01-15,4,3,3501430,6,1,21.0,66,true
2026-01-15,4,3,3501430,7,1,19.0,60,true
2026-01-15,4,3,3501430,8,1,32.0,100,true
2026-01-15,4,3,3501430,9,1,19.0,60,true
2026-01-15,4,3,3501430,10,1,12.0,38,true
2026-01-15,4,3,3501430,11,1,20.0,63,true
2026-01-15,4,3,3501430,12,1,24.0,75,true
2026-01-15,4,3,3501430,13,1,26.0,82,true
2026-01-15,2,1,3500162,1,1,41.0,196,true
2026-01-15,2,1,3500162,2,1,35.0,167,true
2026-01-15,2,1,3500162,3,1,31.0,148,true
2026-01-15,2,1,3500162,4,1,32.0,153,true
2026-01-15,2,1,3500162,5,1,35.0,167,true
2026-01-15,2,1,3500162,6,1,44.0,210,true
2026-01-15,2,1,3500162,7,1,17.0,81,true
2026-01-15,2,1,3500162,8,1,17.0,81,true
2026-01-15,2,1,3500162,9,1,16.0,77,true
2026-01-15,2,1,3500162,10,1,19.0,91,true
2026-01-15,2,1,3500162,11,1,12.0,58,true
2026-01-15,2,1,3500162,12,1,11.0,53,true
2026-01-15,2,1,3500162,13,1,21.0,100,true
2026-01-15,4,1,3501430,1,1,29.0,91,true
2026-01-15,4,1,3501430,2,1,21.0,66,true
2026-01-15,4,1,3501430,3,1,20.0,63,true
2026-01-15,4,1,3501430,4,1,25.0,78,true
2026-01-15,4,1,3501430,5,1,16.0,50,true
2026-01-15,4,1,3501430,6,1,22.0,69,true
2026-01-15,4,1,3501430,7,1,16.0,50,true
2026-01-15,4,1,3501430,8,1,11.0,35,true
2026-01-15,4,1,3501430,9,1,1.0,4,true
2026-01-15,4,1,3501430,10,1,12.0,38,true
2026-01-15,4,1,3501430,11,1,11.0,35,true
2026-01-15,4,1,3501430,12,1,11.0,35,true
2026-01-15,4,1,3501430,13,1,19.0,60,true
2026-01-16,1,3,3500005,1,1,18.0,102,true
2026-01-16,1,3,3500005,2,1,10.0,57,true
2026-01-16,1,3,3500005,3,1,17.0,97,true
2026-01-16,1,3,3500005,4,1,16.0,91,true
2026-01-16,1,3,3500005,5,1,17.0,97,true
2026-01-16,1,3,3500005,6,1,19.0,108,true
2026-01-16,1,3,3500005,7,1,12.0,68,true
2026-01-16,1,3,3500005,8,1,23.0,130,true
2026-01-16,1,3,3500005,9,1,12.0,68,true
2026-01-16,1,3,3500005,10,1,10.0,57,true
2026-01-16,1,3,3500005,11,1,19.0,108,true
2026-01-16,1,3,3500005,12,1,22.0,125,true
2026-01-16,1,3,3500005,13,1,20.0,113,true
2026-01-16,2,3,3500162,1,1,37.0,177,true
2026-01-16,2,3,3500162,2,1,20.0,96,true
2026-01-16,2,3,3500162,3,1,19.0,91,true
2026-01-16,2,3,3500162,4,1,21.0,100,true
2026-01-16,2,3,3500162,5,1,10.0,48,true
2026-01-16,2,3,3500162,6,1,16.0,77,true
2026-01-16,2,3,3500162,7,1,20.0,96,true
2026-01-16,2,3,3500162,8,1,37.0,177,true
2026-01-16,2,3,3500162,9,1,18.0,86,true
2026-01-16,2,3,3500162,10,1,20.0,96,true
2026-01-16,2,3,3500162,11,1,32.0,153,true
2026-01-16,2,3,3500162,12,1,30.0,143,true
2026-01-16,2,3,3500162,13,1,27.0,129,true
2026-01-16,4,3,3501430,1,1,23.0,72,true
2026-01-16,4,3,3501430,2,1,19.0,60,true
2026-01-16,4,3,3501430,3,1,22.0,69,true
2026-01-16,4,3,3501430,4,1,10.0,32,true
2026-01-16,4,3,3501430,5,1,15.0,47,true
2026-01-16,4,3,3501430,6,1,19.0,60,true
2026-01-16,4,3,3501430,7,1,20.0,63,true
2026-01-16,4,3,3501430,8,1,32.0,100,true
2026-01-16,4,3,3501430,9,1,22.0,69,true
2026-01-16,4,3,3501430,10,1,20.0,63,true
2026-01-16,4,3,3501430,11,1,24.0,75,true
2026-01-16,4,3,3501430,12,1,25.0,78,true
2026-01-16,4,3,3501430,13,1,32.0,100,true
2026-01-16,1,1,3500005,1,1,31.0,176,true
2026-01-16,1,1,3500005,2,1,29.0,164,true
2026-01-16,1,1,3500005,3,1,26.0,147,true
2026-01-16,1,1,3500005,4,1,24.0,136,true
2026-01-16,1,1,3500005,5,1,21.0,119,true
2026-01-16,1,1,3500005,6,1,38.0,215,true
2026-01-16,1,1,3500005,7,1,16.0,91,true
2026-01-16,1,1,3500005,8,1,12.0,68,true
2026-01-16,1,1,3500005,9,1,14.0,80,true
2026-01-16,1,1,3500005,10,1,12.0,68,true
2026-01-16,1,1,3500005,11,1,12.0,68,true
2026-01-16,1,1,3500005,12,1,10.0,57,true
2026-01-16,1,1,3500005,13,1,21.0,119,true
2026-01-16,2,1,3500162,1,1,31.0,148,true
2026-01-16,2,1,3500162,2,1,30.0,143,true
2026-01-16,2,1,3500162,3,1,28.0,134,true
2026-01-16,2,1,3500162,4,1,27.0,129,true
2026-01-16,2,1,3500162,5,1,21.0,100,true
2026-01-16,2,1,3500162,6,1,41.0,196,true
2026-01-16,2,1,3500162,7,1,11.0,53,true
2026-01-16,2,1,3500162,8,1,14.0,67,true
2026-01-16,2,1,3500162,9,1,12.0,58,true
2026-01-16,2,1,3500162,10,1,13.0,62,true
2026-01-16,2,1,3500162,11,1,10.0,48,true
2026-01-16,2,1,3500162,12,1,11.0,53,true
2026-01-16,2,1,3500162,13,1,18.0,86,true
2026-01-16,4,1,3501430,1,1,31.0,97,true
2026-01-16,4,1,3501430,2,1,29.0,91,true
2026-01-16,4,1,3501430,3,1,31.0,97,true
2026-01-16,4,1,3501430,4,1,30.0,94,true
2026-01-16,4,1,3501430,5,1,31.0,97,true
2026-01-16,4,1,3501430,6,1,58.0,181,true
2026-01-16,4,1,3501430,7,1,16.0,50,true
2026-01-16,4,1,3501430,8,1,14.0,44,true
2026-01-16,4,1,3501430,9,1,12.0,38,true
2026-01-16,4,1,3501430,10,1,11.0,35,true
2026-01-16,4,1,3501430,11,1,9.0,29,true
2026-01-16,4,1,3501430,12,1,9.0,29,true
2026-01-16,4,1,3501430,13,1,21.0,66,true
2026-01-16,1,2,3500005,1,1,18.0,102,true
2026-01-16,1,2,3500005,2,1,15.0,85,true
2026-01-16,1,2,3500005,3,1,16.0,91,true
2026-01-16,1,2,3500005,4,1,18.0,102,true
2026-01-16,1,2,3500005,5,1,11.0,63,true
2026-01-16,1,2,3500005,6,1,26.0,147,true
2026-01-16,1,2,3500005,7,1,16.0,91,true
2026-01-16,1,2,3500005,8,1,19.0,108,true
2026-01-16,1,2,3500005,9,1,10.0,57,true
2026-01-16,1,2,3500005,10,1,10.0,57,true
2026-01-16,1,2,3500005,11,1,16.0,91,true
2026-01-16,1,2,3500005,12,1,10.0,57,true
2026-01-16,1,2,3500005,13,1,10.0,57,true
2026-01-16,2,2,3500162,1,1,20.0,96,true
2026-01-16,2,2,3500162,2,1,21.0,100,true
2026-01-16,2,2,3500162,3,1,12.0,58,true
2026-01-16,2,2,3500162,4,1,16.0,77,true
2026-01-16,2,2,3500162,5,1,19.0,91,true
2026-01-16,2,2,3500162,6,1,28.0,134,true
2026-01-16,2,2,3500162,7,1,10.0,48,true
2026-01-16,2,2,3500162,8,1,11.0,53,true
2026-01-16,2,2,3500162,9,1,12.0,58,true
2026-01-16,2,2,3500162,10,1,16.0,77,true
2026-01-16,2,2,3500162,11,1,19.0,91,true
2026-01-16,2,2,3500162,12,1,10.0,48,true
2026-01-16,2,2,3500162,13,1,10.0,48,true
2026-01-16,4,2,3501430,1,1,20.0,63,true
2026-01-16,4,2,3501430,2,1,19.0,60,true
2026-01-16,4,2,3501430,3,1,18.0,57,true
2026-01-16,4,2,3501430,4,1,16.0,50,true
2026-01-16,4,2,3501430,5,1,19.0,60,true
2026-01-16,4,2,3501430,6,1,26.0,82,true
2026-01-16,4,2,3501430,7,1,12.0,38,true
2026-01-16,4,2,3501430,8,1,16.0,50,true
2026-01-16,4,2,3501430,9,1,10.0,32,true
2026-01-16,4,2,3501430,10,1,11.0,35,true
2026-01-16,4,2,3501430,11,1,12.0,38,true
2026-01-16,4,2,3501430,12,1,14.0,44,true
2026-01-16,4,2,3501430,13,1,19.0,60,true
2026-01-17,1,3,3500005,1,1,24.0,136,true
2026-01-17,1,3,3500005,2,1,12.0,68,true
2026-01-17,1,3,3500005,3,1,16.0,91,true
2026-01-17,1,3,3500005,4,1,14.0,80,true
2026-01-17,1,3,3500005,5,1,10.0,57,true
2026-01-17,1,3,3500005,6,1,15.0,85,true
2026-01-17,1,3,3500005,7,1,12.0,68,true
2026-01-17,1,3,3500005,8,1,27.0,153,true
2026-01-17,1,3,3500005,9,1,12.0,68,true
2026-01-17,1,3,3500005,10,1,17.0,97,true
2026-01-17,1,3,3500005,11,1,21.0,119,true
2026-01-17,1,3,3500005,12,1,22.0,125,true
2026-01-17,1,3,3500005,13,1,19.0,108,true
2026-01-17,2,3,3500162,1,1,25.0,120,true
2026-01-17,2,3,3500162,2,1,15.0,72,true
2026-01-17,2,3,3500162,3,1,12.0,58,true
2026-01-17,2,3,3500162,4,1,10.0,48,true
2026-01-17,2,3,3500162,5,1,16.0,77,true
2026-01-17,2,3,3500162,6,1,17.0,81,true
2026-01-17,2,3,3500162,7,1,14.0,67,true
2026-01-17,2,3,3500162,8,1,39.0,186,true
2026-01-17,2,3,3500162,9,1,10.0,48,true
2026-01-17,2,3,3500162,10,1,14.0,67,true
2026-01-17,2,3,3500162,11,1,19.0,91,true
2026-01-17,2,3,3500162,12,1,27.0,129,true
2026-01-17,2,3,3500162,13,1,22.0,105,true
2026-01-17,4,3,3501430,1,1,26.0,82,true
2026-01-17,4,3,3501430,2,1,19.0,60,true
2026-01-17,4,3,3501430,3,1,27.0,85,true
2026-01-17,4,3,3501430,4,1,15.0,47,true
2026-01-17,4,3,3501430,5,1,16.0,50,true
2026-01-17,4,3,3501430,6,1,21.0,66,true
2026-01-17,4,3,3501430,7,1,22.0,69,true
2026-01-17,4,3,3501430,8,1,39.0,122,true
2026-01-17,4,3,3501430,9,1,19.0,60,true
2026-01-17,4,3,3501430,10,1,21.0,66,true
2026-01-17,4,3,3501430,11,1,18.0,57,true
2026-01-17,4,3,3501430,12,1,22.0,69,true
2026-01-17,4,3,3501430,13,1,28.0,88,true
2026-01-17,1,1,3500005,1,1,31.0,176,true
2026-01-17,1,1,3500005,2,1,30.0,170,true
2026-01-17,1,1,3500005,3,1,31.0,176,true
2026-01-17,1,1,3500005,4,1,31.0,176,true
2026-01-17,1,1,3500005,5,1,28.0,159,true
2026-01-17,1,1,3500005,6,1,47.0,266,true
2026-01-17,1,1,3500005,7,1,16.0,91,true
2026-01-17,1,1,3500005,8,1,19.0,108,true
2026-01-17,1,1,3500005,9,1,11.0,63,true
2026-01-17,1,1,3500005,10,1,12.0,68,true
2026-01-17,1,1,3500005,11,1,13.0,74,true
2026-01-17,1,1,3500005,12,1,14.0,80,true
2026-01-17,1,1,3500005,13,1,23.0,130,true
2026-01-17,4,1,3501430,1,1,36.0,113,true
2026-01-17,4,1,3501430,2,1,31.0,97,true
2026-01-17,4,1,3501430,3,1,26.0,82,true
2026-01-17,4,1,3501430,4,1,21.0,66,true
2026-01-17,4,1,3501430,5,1,21.0,66,true
2026-01-17,4,1,3501430,6,1,49.0,153,true
2026-01-17,4,1,3501430,7,1,16.0,50,true
2026-01-17,4,1,3501430,8,1,14.0,44,true
2026-01-17,4,1,3501430,9,1,12.0,38,true
2026-01-17,4,1,3501430,10,1,11.0,35,true
2026-01-17,4,1,3501430,11,1,9.0,29,true
2026-01-17,4,1,3501430,12,1,11.0,35,true
2026-01-17,4,1,3501430,13,1,20.0,63,true
2026-01-17,1,2,3500005,1,1,30.0,170,true
2026-01-17,1,2,3500005,2,1,12.0,68,true
2026-01-17,1,2,3500005,3,1,16.0,91,true
2026-01-17,1,2,3500005,4,1,10.0,57,true
2026-01-17,1,2,3500005,5,1,20.0,113,true
2026-01-17,1,2,3500005,6,1,38.0,215,true
2026-01-17,1,2,3500005,7,1,15.0,85,true
2026-01-17,1,2,3500005,8,1,11.0,63,true
2026-01-17,1,2,3500005,9,1,9.0,51,true
2026-01-17,1,2,3500005,10,1,8.0,46,true
2026-01-17,1,2,3500005,11,1,5.0,29,true
2026-01-17,1,2,3500005,12,1,18.0,102,true
2026-01-17,1,2,3500005,13,1,30.0,170,true
2026-01-17,4,2,3501430,1,1,20.0,63,true
2026-01-17,4,2,3501430,2,1,19.0,60,true
2026-01-17,4,2,3501430,3,1,11.0,35,true
2026-01-17,4,2,3501430,4,1,9.0,29,true
2026-01-17,4,2,3501430,5,1,20.0,63,true
2026-01-17,4,2,3501430,6,1,25.0,78,true
2026-01-17,4,2,3501430,7,1,12.0,38,true
2026-01-17,4,2,3501430,8,1,19.0,60,true
2026-01-17,4,2,3501430,9,1,36.0,113,true
2026-01-17,4,2,3501430,10,1,21.0,66,true
2026-01-17,4,2,3501430,11,1,18.0,57,true
2026-01-17,4,2,3501430,12,1,13.0,41,true
2026-01-17,4,2,3501430,13,1,19.0,60,true
2026-01-18,1,1,3500005,1,1,10.0,57,true
2026-01-18,1,1,3500005,2,1,15.0,85,true
2026-01-18,1,1,3500005,3,1,12.0,68,true
2026-01-18,1,1,3500005,4,1,13.0,74,true
2026-01-18,1,1,3500005,5,1,18.0,102,true
2026-01-18,1,1,3500005,6,1,20.0,113,true
2026-01-18,1,1,3500005,7,1,15.0,85,true
2026-01-18,1,1,3500005,8,1,13.0,74,true
2026-01-18,1,1,3500005,9,1,10.0,57,true
2026-01-18,1,1,3500005,10,1,0.0,0,true
2026-01-18,1,1,3500005,11,1,15.0,85,true
2026-01-18,1,1,3500005,12,1,20.0,113,true
2026-01-18,1,1,3500005,13,1,15.0,85,true
2026-01-18,4,1,3501430,1,1,15.0,47,true
2026-01-18,4,1,3501430,2,1,18.0,57,true
2026-01-18,4,1,3501430,3,1,20.0,63,true
2026-01-18,4,1,3501430,4,1,15.0,47,true
2026-01-18,4,1,3501430,5,1,15.0,47,true
2026-01-18,4,1,3501430,6,1,20.0,63,true
2026-01-18,4,1,3501430,7,1,20.0,63,true
2026-01-18,4,1,3501430,8,1,15.0,47,true
2026-01-18,4,1,3501430,9,1,10.0,32,true
2026-01-18,4,1,3501430,10,1,0.0,0,true
2026-01-18,4,1,3501430,11,1,15.0,47,true
2026-01-18,4,1,3501430,12,1,25.0,78,true
2026-01-18,4,1,3501430,13,1,40.0,125,true
2026-01-18,1,2,3500005,1,1,22.0,125,true
2026-01-18,1,2,3500005,2,1,12.0,68,true
2026-01-18,1,2,3500005,3,1,17.0,97,true
2026-01-18,1,2,3500005,4,1,10.0,57,true
2026-01-18,1,2,3500005,5,1,14.0,80,true
2026-01-18,1,2,3500005,6,1,16.0,91,true
2026-01-18,1,2,3500005,7,1,12.0,68,true
2026-01-18,1,2,3500005,8,1,27.0,153,true
2026-01-18,1,2,3500005,9,1,10.0,57,true
2026-01-18,1,2,3500005,10,1,17.0,97,true
2026-01-18,1,2,3500005,11,1,22.0,125,true
2026-01-18,1,2,3500005,12,1,21.0,119,true
2026-01-18,1,2,3500005,13,1,24.0,136,true
2026-01-19,1,3,3500005,1,1,31.0,176,true
2026-01-19,1,3,3500005,2,1,26.0,147,true
2026-01-19,1,3,3500005,3,1,21.0,119,true
2026-01-19,1,3,3500005,4,1,20.0,113,true
2026-01-19,1,3,3500005,5,1,21.0,119,true
2026-01-19,1,3,3500005,6,1,39.0,221,true
2026-01-19,1,3,3500005,7,1,12.0,68,true
2026-01-19,1,3,3500005,8,1,11.0,63,true
2026-01-19,1,3,3500005,9,1,11.0,63,true
2026-01-19,1,3,3500005,10,1,9.0,51,true
2026-01-19,1,3,3500005,11,1,9.0,51,true
2026-01-19,1,3,3500005,12,1,8.0,46,true
2026-01-19,1,3,3500005,13,1,21.0,119,true
2026-01-19,1,1,3500005,1,1,18.0,102,true
2026-01-19,1,1,3500005,2,1,12.0,68,true
2026-01-19,1,1,3500005,3,1,14.0,80,true
2026-01-19,1,1,3500005,4,1,12.0,68,true
2026-01-19,1,1,3500005,5,1,16.0,91,true
2026-01-19,1,1,3500005,6,1,22.0,125,true
2026-01-19,1,1,3500005,7,1,11.0,63,true
2026-01-19,1,1,3500005,8,1,10.0,57,true
2026-01-19,1,1,3500005,9,1,14.0,80,true
2026-01-19,1,1,3500005,10,1,13.0,74,true
2026-01-19,1,1,3500005,11,1,19.0,108,true
2026-01-19,1,1,3500005,12,1,20.0,113,true
2026-01-19,1,1,3500005,13,1,10.0,57,true
2026-01-19,2,1,3500162,1,1,20.0,96,true
2026-01-19,2,1,3500162,2,1,16.0,77,true
2026-01-19,2,1,3500162,3,1,12.0,58,true
2026-01-19,2,1,3500162,4,1,14.0,67,true
2026-01-19,2,1,3500162,5,1,19.0,91,true
2026-01-19,2,1,3500162,6,1,20.0,96,true
2026-01-19,2,1,3500162,7,1,11.0,53,true
2026-01-19,2,1,3500162,8,1,12.0,58,true
2026-01-19,2,1,3500162,9,1,11.0,53,true
2026-01-19,2,1,3500162,10,1,10.0,48,true
2026-01-19,2,1,3500162,11,1,10.0,48,true
2026-01-19,2,1,3500162,12,1,10.0,48,true
2026-01-19,2,1,3500162,13,1,11.0,53,true
2026-01-19,1,2,3500005,1,1,18.0,102,true
2026-01-19,1,2,3500005,2,1,12.0,68,true
2026-01-19,1,2,3500005,3,1,10.0,57,true
2026-01-19,1,2,3500005,4,1,14.0,80,true
2026-01-19,1,2,3500005,5,1,10.0,57,true
2026-01-19,1,2,3500005,6,1,20.0,113,true
2026-01-19,1,2,3500005,7,1,17.0,97,true
2026-01-19,1,2,3500005,8,1,29.0,164,true
2026-01-19,1,2,3500005,9,1,12.0,68,true
2026-01-19,1,2,3500005,10,1,16.0,91,true
2026-01-19,1,2,3500005,11,1,21.0,119,true
2026-01-19,1,2,3500005,12,1,20.0,113,true
2026-01-19,1,2,3500005,13,1,19.0,108,true
2026-01-19,2,2,3500162,1,1,22.0,105,true
2026-01-19,2,2,3500162,2,1,17.0,81,true
2026-01-19,2,2,3500162,3,1,10.0,48,true
2026-01-19,2,2,3500162,4,1,14.0,67,true
2026-01-19,2,2,3500162,5,1,18.0,86,true
2026-01-19,2,2,3500162,6,1,21.0,100,true
2026-01-19,2,2,3500162,7,1,19.0,91,true
2026-01-19,2,2,3500162,8,1,30.0,143,true
2026-01-19,2,2,3500162,9,1,17.0,81,true
2026-01-19,2,2,3500162,10,1,14.0,67,true
2026-01-19,2,2,3500162,11,1,22.0,105,true
2026-01-19,2,2,3500162,12,1,24.0,115,true
2026-01-19,2,2,3500162,13,1,20.0,96,true
2026-01-19,4,2,3501430,1,1,26.0,82,true
2026-01-19,4,2,3501430,2,1,17.0,53,true
2026-01-19,4,2,3501430,3,1,18.0,57,true
2026-01-19,4,2,3501430,4,1,10.0,32,true
2026-01-19,4,2,3501430,5,1,12.0,38,true
2026-01-19,4,2,3501430,6,1,19.0,60,true
2026-01-19,4,2,3501430,7,1,10.0,32,true
2026-01-19,4,2,3501430,8,1,20.0,63,true
2026-01-19,4,2,3501430,9,1,12.0,38,true
2026-01-19,4,2,3501430,10,1,10.0,32,true
2026-01-19,4,2,3501430,11,1,22.0,69,true
2026-01-19,4,2,3501430,12,1,24.0,75,true
2026-01-19,4,2,3501430,13,1,20.0,63,true
2026-01-19,6,2,3500887,1,1,23.0,38,true
2026-01-19,6,2,3500887,2,1,12.0,20,true
2026-01-19,6,2,3500887,3,1,17.0,28,true
2026-01-19,6,2,3500887,4,1,10.0,17,true
2026-01-19,6,2,3500887,5,1,14.0,23,true
2026-01-19,6,2,3500887,6,1,18.0,30,true
2026-01-19,6,2,3500887,7,1,12.0,20,true
2026-01-19,6,2,3500887,8,1,26.0,42,true
2026-01-19,6,2,3500887,9,1,16.0,26,true
2026-01-19,6,2,3500887,10,1,19.0,31,true
2026-01-19,6,2,3500887,11,1,20.0,33,true
2026-01-19,6,2,3500887,12,1,21.0,34,true
2026-01-19,6,2,3500887,13,1,24.0,39,true
2026-01-18,1,3,3500005,1,1,22.0,125,true
2026-01-18,1,3,3500005,2,1,17.0,97,true
2026-01-18,1,3,3500005,3,1,16.0,91,true
2026-01-18,1,3,3500005,4,1,10.0,57,true
2026-01-18,1,3,3500005,5,1,14.0,80,true
2026-01-18,1,3,3500005,6,1,21.0,119,true
2026-01-18,1,3,3500005,7,1,17.0,97,true
2026-01-18,1,3,3500005,8,1,29.0,164,true
2026-01-18,1,3,3500005,9,1,10.0,57,true
2026-01-18,1,3,3500005,10,1,14.0,80,true
2026-01-18,1,3,3500005,11,1,22.0,125,true
2026-01-18,1,3,3500005,12,1,24.0,136,true
2026-01-18,1,3,3500005,13,1,20.0,113,true
2026-01-18,4,3,3501430,1,1,22.0,69,true
2026-01-18,4,3,3501430,2,1,18.0,57,true
2026-01-18,4,3,3501430,3,1,22.0,69,true
2026-01-18,4,3,3501430,4,1,10.0,32,true
2026-01-18,4,3,3501430,5,1,14.0,44,true
2026-01-18,4,3,3501430,6,1,18.0,57,true
2026-01-18,4,3,3501430,7,1,19.0,60,true
2026-01-18,4,3,3501430,8,1,30.0,94,true
2026-01-18,4,3,3501430,9,1,20.0,63,true
2026-01-18,4,3,3501430,10,1,22.0,69,true
2026-01-18,4,3,3501430,11,1,18.0,57,true
2026-01-18,4,3,3501430,12,1,22.0,69,true
2026-01-18,4,3,3501430,13,1,29.0,91,true
2026-01-20,1,3,3500005,1,1,31.0,176,true
2026-01-20,1,3,3500005,2,1,26.0,147,true
2026-01-20,1,3,3500005,3,1,21.0,119,true
2026-01-20,1,3,3500005,4,1,22.0,125,true
2026-01-20,1,3,3500005,5,1,31.0,176,true
2026-01-20,1,3,3500005,6,1,47.0,266,true
2026-01-20,1,3,3500005,7,1,16.0,91,true
2026-01-20,1,3,3500005,8,1,11.0,63,true
2026-01-20,1,3,3500005,9,1,14.0,80,true
2026-01-20,1,3,3500005,10,1,12.0,68,true
2026-01-20,1,3,3500005,11,1,11.0,63,true
2026-01-20,1,3,3500005,12,1,9.0,51,true
2026-01-20,1,3,3500005,13,1,19.0,108,true
2026-01-20,2,3,3500162,1,1,36.0,172,true
2026-01-20,2,3,3500162,2,1,31.0,148,true
2026-01-20,2,3,3500162,3,1,26.0,124,true
2026-01-20,2,3,3500162,4,1,23.0,110,true
2026-01-20,2,3,3500162,5,1,22.0,105,true
2026-01-20,2,3,3500162,6,1,39.0,186,true
2026-01-20,2,3,3500162,7,1,17.0,81,true
2026-01-20,2,3,3500162,8,1,18.0,86,true
2026-01-20,2,3,3500162,9,1,11.0,53,true
2026-01-20,2,3,3500162,10,1,12.0,58,true
2026-01-20,2,3,3500162,11,1,13.0,62,true
2026-01-20,2,3,3500162,12,1,19.0,91,true
2026-01-20,2,3,3500162,13,1,31.0,148,true
2026-01-20,4,3,3501430,1,1,31.0,97,true
2026-01-20,4,3,3501430,2,1,28.0,88,true
2026-01-20,4,3,3501430,3,1,21.0,66,true
2026-01-20,4,3,3501430,4,1,26.0,82,true
2026-01-20,4,3,3501430,5,1,21.0,66,true
2026-01-20,4,3,3501430,6,1,46.0,144,true
2026-01-20,4,3,3501430,7,1,16.0,50,true
2026-01-20,4,3,3501430,8,1,18.0,57,true
2026-01-20,4,3,3501430,9,1,19.0,60,true
2026-01-20,4,3,3501430,10,1,11.0,35,true
2026-01-20,4,3,3501430,11,1,19.0,60,true
2026-01-20,4,3,3501430,12,1,11.0,35,true
2026-01-20,4,3,3501430,13,1,32.0,100,true
2026-01-20,6,3,3500887,1,1,31.0,50,true
2026-01-20,6,3,3500887,2,1,28.0,46,true
2026-01-20,6,3,3500887,3,1,26.0,42,true
2026-01-20,6,3,3500887,4,1,19.0,31,true
2026-01-20,6,3,3500887,5,1,19.0,31,true
2026-01-20,6,3,3500887,6,1,23.0,38,true
2026-01-20,6,3,3500887,7,1,14.0,23,true
2026-01-20,6,3,3500887,8,1,12.0,20,true
2026-01-20,6,3,3500887,9,1,19.0,31,true
2026-01-20,6,3,3500887,10,1,11.0,18,true
2026-01-20,6,3,3500887,11,1,16.0,26,true
2026-01-20,6,3,3500887,12,1,12.0,20,true
2026-01-20,6,3,3500887,13,1,30.0,49,true
2026-01-21,1,3,3500005,1,1,31.0,176,true
2026-01-21,1,3,3500005,2,1,28.0,159,true
2026-01-21,1,3,3500005,3,1,26.0,147,true
2026-01-21,1,3,3500005,4,1,27.0,153,true
2026-01-21,1,3,3500005,5,1,19.0,108,true
2026-01-21,1,3,3500005,6,1,43.0,243,true
2026-01-21,1,3,3500005,7,1,16.0,91,true
2026-01-21,1,3,3500005,8,1,11.0,63,true
2026-01-21,1,3,3500005,9,1,12.0,68,true
2026-01-21,1,3,3500005,10,1,14.0,80,true
2026-01-21,1,3,3500005,11,1,21.0,119,true
2026-01-21,1,3,3500005,12,1,29.0,164,true
2026-01-21,1,3,3500005,13,1,33.0,187,true
2026-01-21,2,3,3500213,1,1,39.0,186,true
2026-01-21,2,3,3500213,2,1,31.0,148,true
2026-01-21,2,3,3500213,3,1,32.0,153,true
2026-01-21,2,3,3500213,4,1,31.0,148,true
2026-01-21,2,3,3500213,5,1,30.0,143,true
2026-01-21,2,3,3500213,6,1,56.0,267,true
2026-01-21,2,3,3500213,7,1,16.0,77,true
2026-01-21,2,3,3500213,8,1,16.0,77,true
2026-01-21,2,3,3500213,9,1,15.0,72,true
2026-01-21,2,3,3500213,10,1,14.0,67,true
2026-01-21,2,3,3500213,11,1,12.0,58,true
2026-01-21,2,3,3500213,12,1,11.0,53,true
2026-01-21,2,3,3500213,13,1,17.0,81,true
2026-01-21,4,3,3501430,1,1,31.0,97,true
2026-01-21,4,3,3501430,2,1,26.0,82,true
2026-01-21,4,3,3501430,3,1,24.0,75,true
2026-01-21,4,3,3501430,4,1,21.0,66,true
2026-01-21,4,3,3501430,5,1,26.0,82,true
2026-01-21,4,3,3501430,6,1,30.0,94,true
2026-01-21,4,3,3501430,7,1,16.0,50,true
2026-01-21,4,3,3501430,8,1,16.0,50,true
2026-01-21,4,3,3501430,9,1,12.0,38,true
2026-01-21,4,3,3501430,10,1,12.0,38,true
2026-01-21,4,3,3501430,11,1,16.0,50,true
2026-01-21,4,3,3501430,12,1,11.0,35,true
2026-01-21,4,3,3501430,13,1,40.0,125,true
2026-01-21,6,3,3500887,1,1,39.0,63,true
2026-01-21,6,3,3500887,2,1,37.0,60,true
2026-01-21,6,3,3500887,3,1,35.0,57,true
2026-01-21,6,3,3500887,4,1,31.0,50,true
2026-01-21,6,3,3500887,5,1,36.0,59,true
2026-01-21,6,3,3500887,6,1,50.0,81,true
2026-01-21,6,3,3500887,7,1,20.0,33,true
2026-01-21,6,3,3500887,8,1,6.0,10,true
2026-01-21,6,3,3500887,9,1,11.0,18,true
2026-01-21,6,3,3500887,10,1,11.0,18,true
2026-01-21,6,3,3500887,11,1,12.0,20,true
2026-01-21,6,3,3500887,12,1,19.0,31,true
2026-01-21,6,3,3500887,13,1,20.0,33,true
2026-01-20,1,1,3500005,1,1,18.0,102,true
2026-01-20,1,1,3500005,2,1,12.0,68,true
2026-01-20,1,1,3500005,3,1,14.0,80,true
2026-01-20,1,1,3500005,4,1,16.0,91,true
2026-01-20,1,1,3500005,5,1,19.0,108,true
2026-01-20,1,1,3500005,6,1,22.0,125,true
2026-01-20,1,1,3500005,7,1,11.0,63,true
2026-01-20,1,1,3500005,8,1,11.0,63,true
2026-01-20,1,1,3500005,9,1,12.0,68,true
2026-01-20,1,1,3500005,10,1,10.0,57,true
2026-01-20,1,1,3500005,11,1,10.0,57,true
2026-01-20,1,1,3500005,12,1,12.0,68,true
2026-01-20,1,1,3500005,13,1,13.0,74,true
2026-01-20,2,1,3500162,1,1,20.0,96,true
2026-01-20,2,1,3500162,2,1,16.0,77,true
2026-01-20,2,1,3500162,3,1,18.0,86,true
2026-01-20,2,1,3500162,4,1,12.0,58,true
2026-01-20,2,1,3500162,5,1,14.0,67,true
2026-01-20,2,1,3500162,6,1,29.0,139,true
2026-01-20,2,1,3500162,7,1,11.0,53,true
2026-01-20,2,1,3500162,8,1,12.0,58,true
2026-01-20,2,1,3500162,9,1,14.0,67,true
2026-01-20,2,1,3500162,10,1,16.0,77,true
2026-01-20,2,1,3500162,11,1,11.0,53,true
2026-01-20,2,1,3500162,12,1,10.0,48,true
2026-01-20,2,1,3500162,13,1,16.0,77,true
2026-01-20,4,1,3501430,1,1,20.0,63,true
2026-01-20,4,1,3501430,2,1,15.0,47,true
2026-01-20,4,1,3501430,3,1,12.0,38,true
2026-01-20,4,1,3501430,4,1,16.0,50,true
2026-01-20,4,1,3501430,5,1,11.0,35,true
2026-01-20,4,1,3501430,6,1,20.0,63,true
2026-01-20,4,1,3501430,7,1,16.0,50,true
2026-01-20,4,1,3501430,8,1,11.0,35,true
2026-01-20,4,1,3501430,9,1,12.0,38,true
2026-01-20,4,1,3501430,10,1,10.0,32,true
2026-01-20,4,1,3501430,11,1,11.0,35,true
2026-01-20,4,1,3501430,12,1,11.0,35,true
2026-01-20,4,1,3501430,13,1,10.0,32,true
2026-01-20,6,1,3500887,1,1,30.0,49,true
2026-01-20,6,1,3500887,2,1,20.0,33,true
2026-01-20,6,1,3500887,3,1,25.0,41,true
2026-01-20,6,1,3500887,4,1,18.0,30,true
2026-01-20,6,1,3500887,5,1,12.0,20,true
2026-01-20,6,1,3500887,6,1,26.0,42,true
2026-01-20,6,1,3500887,7,1,16.0,26,true
2026-01-20,6,1,3500887,8,1,18.0,30,true
2026-01-20,6,1,3500887,9,1,10.0,17,true
2026-01-20,6,1,3500887,10,1,10.0,17,true
2026-01-20,6,1,3500887,11,1,10.0,17,true
2026-01-20,6,1,3500887,12,1,10.0,17,true
2026-01-20,6,1,3500887,13,1,10.0,17,true
2026-01-21,1,2,3500005,1,1,10.0,57,true
2026-01-21,1,2,3500005,2,1,16.0,91,true
2026-01-21,1,2,3500005,3,1,17.0,97,true
2026-01-21,1,2,3500005,4,1,12.0,68,true
2026-01-21,1,2,3500005,5,1,10.0,57,true
2026-01-21,1,2,3500005,6,1,18.0,102,true
2026-01-21,1,2,3500005,7,1,12.0,68,true
2026-01-21,1,2,3500005,8,1,27.0,153,true
2026-01-21,1,2,3500005,9,1,12.0,68,true
2026-01-21,1,2,3500005,10,1,14.0,80,true
2026-01-21,1,2,3500005,11,1,20.0,113,true
2026-01-21,1,2,3500005,12,1,21.0,119,true
2026-01-21,1,2,3500005,13,1,18.0,102,true
2026-01-21,2,2,3500213,1,1,27.0,129,true
2026-01-21,2,2,3500213,2,1,18.0,86,true
2026-01-21,2,2,3500213,3,1,19.0,91,true
2026-01-21,2,2,3500213,4,1,10.0,48,true
2026-01-21,2,2,3500213,5,1,17.0,81,true
2026-01-21,2,2,3500213,6,1,19.0,91,true
2026-01-21,2,2,3500213,7,1,12.0,58,true
2026-01-21,2,2,3500213,8,1,30.0,143,true
2026-01-21,2,2,3500213,9,1,17.0,81,true
2026-01-21,2,2,3500213,10,1,10.0,48,true
2026-01-21,2,2,3500213,11,1,21.0,100,true
2026-01-21,2,2,3500213,12,1,22.0,105,true
2026-01-21,2,2,3500213,13,1,21.0,100,true
2026-01-21,6,2,3500887,1,1,32.0,52,true
2026-01-21,6,2,3500887,2,1,27.0,44,true
2026-01-21,6,2,3500887,3,1,17.0,28,true
2026-01-21,6,2,3500887,4,1,19.0,31,true
2026-01-21,6,2,3500887,5,1,17.0,28,true
2026-01-21,6,2,3500887,6,1,18.0,30,true
2026-01-21,6,2,3500887,7,1,17.0,28,true
2026-01-21,6,2,3500887,8,1,20.0,33,true
2026-01-21,6,2,3500887,9,1,21.0,34,true
2026-01-21,6,2,3500887,10,1,20.0,33,true
2026-01-21,6,2,3500887,11,1,14.0,23,true
2026-01-21,6,2,3500887,12,1,27.0,44,true
2026-01-21,6,2,3500887,13,1,22.0,36,true
2026-01-22,1,3,3500005,1,1,31.0,176,true
2026-01-22,1,3,3500005,2,1,31.0,176,true
2026-01-22,1,3,3500005,3,1,28.0,159,true
2026-01-22,1,3,3500005,4,1,24.0,136,true
2026-01-22,1,3,3500005,5,1,21.0,119,true
2026-01-22,1,3,3500005,6,1,42.0,238,true
2026-01-22,1,3,3500005,7,1,16.0,91,true
2026-01-22,1,3,3500005,8,1,12.0,68,true
2026-01-22,1,3,3500005,9,1,14.0,80,true
2026-01-22,1,3,3500005,10,1,12.0,68,true
2026-01-22,1,3,3500005,11,1,12.0,68,true
2026-01-22,1,3,3500005,12,1,11.0,63,true
2026-01-22,1,3,3500005,13,1,35.0,198,true
2026-01-22,2,3,3500213,1,1,31.0,148,true
2026-01-22,2,3,3500213,2,1,30.0,143,true
2026-01-22,2,3,3500213,3,1,28.0,134,true
2026-01-22,2,3,3500213,4,1,226.0,1077,true
2026-01-22,2,3,3500213,5,1,24.0,115,true
2026-01-22,2,3,3500213,6,1,41.0,196,true
2026-01-22,2,3,3500213,7,1,16.0,77,true
2026-01-22,2,3,3500213,8,1,14.0,67,true
2026-01-22,2,3,3500213,9,1,12.0,58,true
2026-01-22,2,3,3500213,10,1,11.0,53,true
2026-01-22,2,3,3500213,11,1,11.0,53,true
2026-01-22,2,3,3500213,12,1,12.0,58,true
2026-01-22,2,3,3500213,13,1,30.0,143,true
2026-01-22,6,3,3500887,1,1,36.0,59,true
2026-01-22,6,3,3500887,2,1,29.0,47,true
2026-01-22,6,3,3500887,3,1,26.0,42,true
2026-01-22,6,3,3500887,4,1,24.0,39,true
2026-01-22,6,3,3500887,5,1,22.0,36,true
2026-01-22,6,3,3500887,6,1,42.0,68,true
2026-01-22,6,3,3500887,7,1,17.0,28,true
2026-01-22,6,3,3500887,8,1,14.0,23,true
2026-01-22,6,3,3500887,9,1,12.0,20,true
2026-01-22,6,3,3500887,10,1,11.0,18,true
2026-01-22,6,3,3500887,11,1,9.0,15,true
2026-01-22,6,3,3500887,12,1,9.0,15,true
2026-01-22,6,3,3500887,13,1,21.0,34,true
2026-01-22,1,2,3500005,1,1,25.0,142,true
2026-01-22,1,2,3500005,2,1,15.0,85,true
2026-01-22,1,2,3500005,3,1,17.0,97,true
2026-01-22,1,2,3500005,4,1,19.0,108,true
2026-01-22,1,2,3500005,5,1,12.0,68,true
2026-01-22,1,2,3500005,6,1,19.0,108,true
2026-01-22,1,2,3500005,7,1,23.0,130,true
2026-01-22,1,2,3500005,8,1,27.0,153,true
2026-01-22,1,2,3500005,9,1,10.0,57,true
2026-01-22,1,2,3500005,10,1,14.0,80,true
2026-01-22,1,2,3500005,11,1,19.0,108,true
2026-01-22,1,2,3500005,12,1,22.0,125,true
2026-01-22,1,2,3500005,13,1,24.0,136,true
2026-01-22,2,2,3500162,1,1,30.0,143,true
2026-01-22,2,2,3500162,2,1,12.0,58,true
2026-01-22,2,2,3500162,3,1,21.0,100,true
2026-01-22,2,2,3500162,4,1,19.0,91,true
2026-01-22,2,2,3500162,5,1,12.0,58,true
2026-01-22,2,2,3500162,6,1,17.0,81,true
2026-01-22,2,2,3500162,7,1,19.0,91,true
2026-01-22,2,2,3500162,8,1,37.0,177,true
2026-01-22,2,2,3500162,9,1,21.0,100,true
2026-01-22,2,2,3500162,10,1,17.0,81,true
2026-01-22,2,2,3500162,11,1,22.0,105,true
2026-01-22,2,2,3500162,12,1,27.0,129,true
2026-01-22,2,2,3500162,13,1,24.0,115,true
2026-01-22,4,2,3501430,1,1,22.0,69,true
2026-01-22,4,2,3501430,2,1,17.0,53,true
2026-01-22,4,2,3501430,3,1,21.0,66,true
2026-01-22,4,2,3501430,4,1,17.0,53,true
2026-01-22,4,2,3501430,5,1,12.0,38,true
2026-01-22,4,2,3501430,6,1,19.0,60,true
2026-01-22,4,2,3501430,7,1,17.0,53,true
2026-01-22,4,2,3501430,8,1,32.0,100,true
2026-01-22,4,2,3501430,9,1,19.0,60,true
2026-01-22,4,2,3501430,10,1,17.0,53,true
2026-01-22,4,2,3501430,11,1,27.0,85,true
2026-01-22,4,2,3501430,12,1,22.0,69,true
2026-01-22,4,2,3501430,13,1,29.0,91,true
2026-01-22,6,2,3500888,1,1,18.0,30,true
2026-01-22,6,2,3500888,2,1,20.0,33,true
2026-01-22,6,2,3500888,3,1,22.0,36,true
2026-01-22,6,2,3500888,4,1,17.0,28,true
2026-01-22,6,2,3500888,5,1,17.0,28,true
2026-01-22,6,2,3500888,6,1,12.0,20,true
2026-01-22,6,2,3500888,7,1,14.0,23,true
2026-01-22,6,2,3500888,8,1,27.0,44,true
2026-01-22,6,2,3500888,9,1,18.0,30,true
2026-01-22,6,2,3500888,10,1,16.0,26,true
2026-01-22,6,2,3500888,11,1,21.0,34,true
2026-01-22,6,2,3500888,12,1,27.0,44,true
2026-01-22,6,2,3500888,13,1,22.0,36,true
2026-01-23,1,3,3500005,1,1,36.0,204,true
2026-01-23,1,3,3500005,2,1,31.0,176,true
2026-01-23,1,3,3500005,3,1,29.0,164,true
2026-01-23,1,3,3500005,4,1,28.0,159,true
2026-01-23,1,3,3500005,5,1,26.0,147,true
2026-01-23,1,3,3500005,6,1,42.0,238,true
2026-01-23,1,3,3500005,7,1,16.0,91,true
2026-01-23,1,3,3500005,8,1,11.0,63,true
2026-01-23,1,3,3500005,9,1,14.0,80,true
2026-01-23,1,3,3500005,10,1,15.0,85,true
2026-01-23,1,3,3500005,11,1,16.0,91,true
2026-01-23,1,3,3500005,12,1,11.0,63,true
2026-01-23,1,3,3500005,13,1,23.0,130,true
2026-01-23,2,3,3500162,1,1,39.0,186,true
2026-01-23,2,3,3500162,2,1,31.0,148,true
2026-01-23,2,3,3500162,3,1,31.0,148,true
2026-01-23,2,3,3500162,4,1,26.0,124,true
2026-01-23,2,3,3500162,5,1,21.0,100,true
2026-01-23,2,3,3500162,6,1,48.0,229,true
2026-01-23,2,3,3500162,7,1,14.0,67,true
2026-01-23,2,3,3500162,8,1,16.0,77,true
2026-01-23,2,3,3500162,9,1,12.0,58,true
2026-01-23,2,3,3500162,10,1,11.0,53,true
2026-01-23,2,3,3500162,11,1,10.0,48,true
2026-01-23,2,3,3500162,12,1,10.0,48,true
2026-01-23,2,3,3500162,13,1,19.0,91,true
2026-01-23,4,3,3501430,1,1,39.0,122,true
2026-01-23,4,3,3501430,2,1,31.0,97,true
2026-01-23,4,3,3501430,3,1,31.0,97,true
2026-01-23,4,3,3501430,4,1,31.0,97,true
2026-01-23,4,3,3501430,5,1,36.0,113,true
2026-01-23,4,3,3501430,6,1,50.0,156,true
2026-01-23,4,3,3501430,7,1,16.0,50,true
2026-01-23,4,3,3501430,8,1,11.0,35,true
2026-01-23,4,3,3501430,9,1,14.0,44,true
2026-01-23,4,3,3501430,10,1,12.0,38,true
2026-01-23,4,3,3501430,11,1,19.0,60,true
2026-01-23,4,3,3501430,12,1,19.0,60,true
2026-01-23,4,3,3501430,13,1,30.0,94,true
2026-01-23,6,3,3500888,1,1,19.0,31,true
2026-01-23,6,3,3500888,2,1,31.0,50,true
2026-01-23,6,3,3500888,3,1,36.0,59,true
2026-01-23,6,3,3500888,4,1,31.0,50,true
2026-01-23,6,3,3500888,5,1,36.0,59,true
2026-01-23,6,3,3500888,6,1,50.0,81,true
2026-01-23,6,3,3500888,7,1,16.0,26,true
2026-01-23,6,3,3500888,8,1,11.0,18,true
2026-01-23,6,3,3500888,9,1,12.0,20,true
2026-01-23,6,3,3500888,10,1,11.0,18,true
2026-01-23,6,3,3500888,11,1,14.0,23,true
2026-01-23,6,3,3500888,12,1,12.0,20,true
2026-01-23,6,3,3500888,13,1,29.0,47,true
2026-01-23,1,2,3500005,1,1,22.0,125,true
2026-01-23,1,2,3500005,2,1,12.0,68,true
2026-01-23,1,2,3500005,3,1,17.0,97,true
2026-01-23,1,2,3500005,4,1,10.0,57,true
2026-01-23,1,2,3500005,5,1,14.0,80,true
2026-01-23,1,2,3500005,6,1,16.0,91,true
2026-01-23,1,2,3500005,7,1,12.0,68,true
2026-01-23,1,2,3500005,8,1,27.0,153,true
2026-01-23,1,2,3500005,9,1,10.0,57,true
2026-01-23,1,2,3500005,10,1,17.0,97,true
2026-01-23,1,2,3500005,11,1,22.0,125,true
2026-01-23,1,2,3500005,12,1,21.0,119,true
2026-01-23,1,2,3500005,13,1,24.0,136,true
2026-01-23,2,2,3500162,1,1,32.0,153,true
2026-01-23,2,2,3500162,2,1,17.0,81,true
2026-01-23,2,2,3500162,3,1,22.0,105,true
2026-01-23,2,2,3500162,4,1,12.0,58,true
2026-01-23,2,2,3500162,5,1,18.0,86,true
2026-01-23,2,2,3500162,6,1,19.0,91,true
2026-01-23,2,2,3500162,7,1,14.0,67,true
2026-01-23,2,2,3500162,8,1,35.0,167,true
2026-01-23,2,2,3500162,9,1,10.0,48,true
2026-01-23,2,2,3500162,10,1,14.0,67,true
2026-01-23,2,2,3500162,11,1,22.0,105,true
2026-01-23,2,2,3500162,12,1,31.0,148,true
2026-01-23,2,2,3500162,13,1,25.0,120,true
2026-01-23,4,2,3500446,1,1,27.0,117,true
2026-01-23,4,2,3500446,2,1,18.0,78,true
2026-01-23,4,2,3500446,3,1,27.0,117,true
2026-01-23,4,2,3500446,4,1,18.0,78,true
2026-01-23,4,2,3500446,5,1,21.0,91,true
2026-01-23,4,2,3500446,6,1,29.0,125,true
2026-01-23,4,2,3500446,7,1,18.0,78,true
2026-01-23,4,2,3500446,8,1,31.0,134,true
2026-01-23,4,2,3500446,9,1,21.0,91,true
2026-01-23,4,2,3500446,10,1,14.0,61,true
2026-01-23,4,2,3500446,11,1,22.0,95,true
2026-01-23,4,2,3500446,12,1,32.0,138,true
2026-01-23,4,2,3500446,13,1,22.0,95,true
2026-01-23,6,2,3500888,1,1,32.0,52,true
2026-01-23,6,2,3500888,2,1,18.0,30,true
2026-01-23,6,2,3500888,3,1,17.0,28,true
2026-01-23,6,2,3500888,4,1,10.0,17,true
2026-01-23,6,2,3500888,5,1,19.0,31,true
2026-01-23,6,2,3500888,6,1,27.0,44,true
2026-01-23,6,2,3500888,7,1,19.0,31,true
2026-01-23,6,2,3500888,8,1,30.0,49,true
2026-01-23,6,2,3500888,9,1,17.0,28,true
2026-01-23,6,2,3500888,10,1,10.0,17,true
2026-01-23,6,2,3500888,11,1,21.0,34,true
2026-01-23,6,2,3500888,12,1,27.0,44,true
2026-01-23,6,2,3500888,13,1,34.0,55,true
2026-01-24,1,2,3500005,1,1,36.0,204,true
2026-01-24,1,2,3500005,2,1,31.0,176,true
2026-01-24,1,2,3500005,3,1,30.0,170,true
2026-01-24,1,2,3500005,4,1,24.0,136,true
2026-01-24,1,2,3500005,5,1,26.0,147,true
2026-01-24,1,2,3500005,6,1,42.0,238,true
2026-01-24,1,2,3500005,7,1,16.0,91,true
2026-01-24,1,2,3500005,8,1,14.0,80,true
2026-01-24,1,2,3500005,9,1,12.0,68,true
2026-01-24,1,2,3500005,10,1,11.0,63,true
2026-01-24,1,2,3500005,11,1,9.0,51,true
2026-01-24,1,2,3500005,12,1,8.0,46,true
2026-01-24,1,2,3500005,13,1,22.0,125,true
2026-01-24,2,2,3500162,1,1,39.0,186,true
2026-01-24,2,2,3500162,2,1,29.0,139,true
2026-01-24,2,2,3500162,3,1,31.0,148,true
2026-01-24,2,2,3500162,4,1,32.0,153,true
2026-01-24,2,2,3500162,5,1,19.0,91,true
2026-01-24,2,2,3500162,6,1,34.0,162,true
2026-01-24,2,2,3500162,7,1,24.0,115,true
2026-01-24,2,2,3500162,8,1,12.0,58,true
2026-01-24,2,2,3500162,9,1,11.0,53,true
2026-01-24,2,2,3500162,10,1,12.0,58,true
2026-01-24,2,2,3500162,11,1,13.0,62,true
2026-01-24,2,2,3500162,12,1,14.0,67,true
2026-01-24,2,2,3500162,13,1,23.0,110,true
2026-01-24,4,2,3500446,1,1,41.0,177,true
2026-01-24,4,2,3500446,2,1,38.0,164,true
2026-01-24,4,2,3500446,3,1,36.0,156,true
2026-01-24,4,2,3500446,4,1,31.0,134,true
2026-01-24,4,2,3500446,5,1,24.0,104,true
2026-01-24,4,2,3500446,6,1,47.0,203,true
2026-01-24,4,2,3500446,7,1,16.0,69,true
2026-01-24,4,2,3500446,8,1,11.0,48,true
2026-01-24,4,2,3500446,9,1,12.0,52,true
2026-01-24,4,2,3500446,10,1,19.0,82,true
2026-01-24,4,2,3500446,11,1,11.0,48,true
2026-01-24,4,2,3500446,12,1,12.0,52,true
2026-01-24,4,2,3500446,13,1,30.0,130,true
2026-01-24,6,2,3500888,1,1,36.0,59,true
2026-01-24,6,2,3500888,2,1,31.0,50,true
2026-01-24,6,2,3500888,3,1,29.0,47,true
2026-01-24,6,2,3500888,4,1,26.0,42,true
2026-01-24,6,2,3500888,5,1,21.0,34,true
2026-01-24,6,2,3500888,6,1,31.0,50,true
2026-01-24,6,2,3500888,7,1,16.0,26,true
2026-01-24,6,2,3500888,8,1,11.0,18,true
2026-01-24,6,2,3500888,9,1,29.0,47,true
2026-01-24,6,2,3500888,10,1,16.0,26,true
2026-01-24,6,2,3500888,11,1,19.0,31,true
2026-01-24,6,2,3500888,12,1,11.0,18,true
2026-01-24,6,2,3500888,13,1,32.0,52,true
2026-01-23,1,1,3500005,1,1,31.0,176,true
2026-01-23,1,1,3500005,2,1,36.0,204,true
2026-01-23,1,1,3500005,3,1,29.0,164,true
2026-01-23,1,1,3500005,4,1,28.0,159,true
2026-01-23,1,1,3500005,5,1,27.0,153,true
2026-01-23,1,1,3500005,6,1,41.0,232,true
2026-01-23,1,1,3500005,7,1,16.0,91,true
2026-01-23,1,1,3500005,8,1,17.0,97,true
2026-01-23,1,1,3500005,9,1,18.0,102,true
2026-01-23,1,1,3500005,10,1,19.0,108,true
2026-01-23,1,1,3500005,11,1,11.0,63,true
2026-01-23,1,1,3500005,12,1,12.0,68,true
2026-01-23,1,1,3500005,13,1,14.0,80,true
2026-01-23,6,1,3500888,1,1,39.0,63,true
2026-01-23,6,1,3500888,2,1,31.0,50,true
2026-01-23,6,1,3500888,3,1,32.0,52,true
2026-01-23,6,1,3500888,4,1,31.0,50,true
2026-01-23,6,1,3500888,5,1,29.0,47,true
2026-01-23,6,1,3500888,6,1,70.0,113,true
2026-01-23,6,1,3500888,7,1,11.0,18,true
2026-01-23,6,1,3500888,8,1,16.0,26,true
2026-01-23,6,1,3500888,9,1,11.0,18,true
2026-01-23,6,1,3500888,10,1,19.0,31,true
2026-01-23,6,1,3500888,11,1,21.0,34,true
2026-01-23,6,1,3500888,12,1,19.0,31,true
2026-01-23,6,1,3500888,13,1,21.0,34,true
2026-01-25,1,2,3500005,1,1,30.0,170,true
2026-01-25,1,2,3500005,2,1,35.0,198,true
2026-01-25,1,2,3500005,3,1,32.0,181,true
2026-01-25,1,2,3500005,4,1,29.0,164,true
2026-01-25,1,2,3500005,5,1,30.0,170,true
2026-01-25,1,2,3500005,6,1,37.0,210,true
2026-01-25,1,2,3500005,7,1,16.0,91,true
2026-01-25,1,2,3500005,8,1,20.0,113,true
2026-01-25,1,2,3500005,9,1,17.0,97,true
2026-01-25,1,2,3500005,10,1,25.0,142,true
2026-01-25,1,2,3500005,11,1,20.0,113,true
2026-01-25,1,2,3500005,12,1,35.0,198,true
2026-01-25,1,2,3500005,13,1,40.0,226,true
2026-01-25,4,2,3501430,1,1,40.0,125,true
2026-01-25,4,2,3501430,2,1,35.0,110,true
2026-01-25,4,2,3501430,3,1,33.0,103,true
2026-01-25,4,2,3501430,4,1,45.0,141,true
2026-01-25,4,2,3501430,5,1,50.0,156,true
2026-01-25,4,2,3501430,6,1,55.0,172,true
2026-01-25,4,2,3501430,7,1,20.0,63,true
2026-01-25,4,2,3501430,8,1,18.0,57,true
2026-01-25,4,2,3501430,9,1,20.0,63,true
2026-01-25,4,2,3501430,10,1,42.0,131,true
2026-01-25,4,2,3501430,11,1,55.0,172,true
2026-01-25,4,2,3501430,12,1,62.0,194,true
2026-01-25,4,2,3501430,13,1,65.0,203,true
2026-01-25,6,2,3500888,1,1,35.0,57,true
2026-01-25,6,2,3500888,2,1,30.0,49,true
2026-01-25,6,2,3500888,3,1,33.0,54,true
2026-01-25,6,2,3500888,4,1,28.0,46,true
2026-01-25,6,2,3500888,5,1,31.0,50,true
2026-01-25,6,2,3500888,6,1,66.0,107,true
2026-01-25,6,2,3500888,7,1,15.0,25,true
2026-01-25,6,2,3500888,8,1,18.0,30,true
2026-01-25,6,2,3500888,9,1,15.0,25,true
2026-01-25,6,2,3500888,10,1,20.0,33,true
2026-01-25,6,2,3500888,11,1,19.0,31,true
2026-01-25,6,2,3500888,12,1,33.0,54,true
2026-01-25,6,2,3500888,13,1,42.0,68,true
2026-01-24,1,2,3500005,1,2,27.0,153,true
2026-01-24,1,2,3500005,2,2,20.0,113,true
2026-01-24,1,2,3500005,3,2,14.0,80,true
2026-01-24,1,2,3500005,4,2,12.0,68,true
2026-01-24,1,2,3500005,5,2,12.0,68,true
2026-01-24,1,2,3500005,6,2,19.0,108,true
2026-01-24,1,2,3500005,7,2,14.0,80,true
2026-01-24,1,2,3500005,8,2,27.0,153,true
2026-01-24,1,2,3500005,9,2,18.0,102,true
2026-01-24,1,2,3500005,10,2,10.0,57,true
2026-01-24,1,2,3500005,11,2,17.0,97,true
2026-01-24,1,2,3500005,12,2,21.0,119,true
2026-01-24,1,2,3500005,13,2,20.0,113,true
2026-01-24,4,2,3501430,1,1,22.0,69,true
2026-01-24,4,2,3501430,2,1,18.0,57,true
2026-01-24,4,2,3501430,3,1,20.0,63,true
2026-01-24,4,2,3501430,4,1,17.0,53,true
2026-01-24,4,2,3501430,5,1,10.0,32,true
2026-01-24,4,2,3501430,6,1,17.0,53,true
2026-01-24,4,2,3501430,7,1,21.0,66,true
2026-01-24,4,2,3501430,8,1,37.0,116,true
2026-01-24,4,2,3501430,9,1,20.0,63,true
2026-01-24,4,2,3501430,10,1,18.0,57,true
2026-01-24,4,2,3501430,11,1,20.0,63,true
2026-01-24,4,2,3501430,12,1,24.0,75,true
2026-01-24,4,2,3501430,13,1,25.0,78,true
2026-01-24,6,2,3500888,1,2,27.0,44,true
2026-01-24,6,2,3500888,2,2,17.0,28,true
2026-01-24,6,2,3500888,3,2,19.0,31,true
2026-01-24,6,2,3500888,4,2,21.0,34,true
2026-01-24,6,2,3500888,5,2,14.0,23,true
2026-01-24,6,2,3500888,6,2,19.0,31,true
2026-01-24,6,2,3500888,7,2,17.0,28,true
2026-01-24,6,2,3500888,8,2,30.0,49,true
2026-01-24,6,2,3500888,9,2,17.0,28,true
2026-01-24,6,2,3500888,10,2,12.0,20,true
2026-01-24,6,2,3500888,11,2,21.0,34,true
2026-01-24,6,2,3500888,12,2,24.0,39,true
2026-01-24,6,2,3500888,13,2,32.0,52,true
2026-01-26,1,3,3500005,1,1,15.0,85,true
2026-01-26,1,3,3500005,2,1,18.0,102,true
2026-01-26,1,3,3500005,3,1,12.0,68,true
2026-01-26,1,3,3500005,4,1,16.0,91,true
2026-01-26,1,3,3500005,5,1,18.0,102,true
2026-01-26,1,3,3500005,6,1,28.0,159,true
2026-01-26,1,3,3500005,7,1,11.0,63,true
2026-01-26,1,3,3500005,8,1,10.0,57,true
2026-01-26,1,3,3500005,9,1,16.0,91,true
2026-01-26,1,3,3500005,10,1,12.0,68,true
2026-01-26,1,3,3500005,11,1,10.0,57,true
2026-01-26,1,3,3500005,12,1,11.0,63,true
2026-01-26,1,3,3500005,13,1,11.0,63,true
2026-01-26,2,3,3500162,1,1,10.0,48,true
2026-01-26,2,3,3500162,2,1,11.0,53,true
2026-01-26,2,3,3500162,3,1,11.0,53,true
2026-01-26,2,3,3500162,4,1,12.0,58,true
2026-01-26,2,3,3500162,5,1,10.0,48,true
2026-01-26,2,3,3500162,6,1,23.0,110,true
2026-01-26,2,3,3500162,7,1,10.0,48,true
2026-01-26,2,3,3500162,8,1,10.0,48,true
2026-01-26,2,3,3500162,9,1,10.0,48,true
2026-01-26,2,3,3500162,10,1,10.0,48,true
2026-01-26,2,3,3500162,11,1,11.0,53,true
2026-01-26,2,3,3500162,12,1,11.0,53,true
2026-01-26,2,3,3500162,13,1,11.0,53,true
2026-01-26,4,3,3500162,1,1,20.0,96,true
2026-01-26,4,3,3500162,2,1,25.0,120,true
2026-01-26,4,3,3500162,3,1,18.0,86,true
2026-01-26,4,3,3500162,4,1,16.0,77,true
2026-01-26,4,3,3500162,5,1,12.0,58,true
2026-01-26,4,3,3500162,6,1,21.0,100,true
2026-01-26,4,3,3500162,7,1,16.0,77,true
2026-01-26,4,3,3500162,8,1,12.0,58,true
2026-01-26,4,3,3500162,9,1,10.0,48,true
2026-01-26,4,3,3500162,10,1,10.0,48,true
2026-01-26,4,3,3500162,11,1,11.0,53,true
2026-01-26,4,3,3500162,12,1,12.0,58,true
2026-01-26,4,3,3500162,13,1,10.0,48,true
2026-01-26,6,3,3500888,1,1,25.0,41,true
2026-01-26,6,3,3500888,2,1,25.0,41,true
2026-01-26,6,3,3500888,3,1,28.0,46,true
2026-01-26,6,3,3500888,4,1,16.0,26,true
2026-01-26,6,3,3500888,5,1,14.0,23,true
2026-01-26,6,3,3500888,6,1,22.0,36,true
2026-01-26,6,3,3500888,7,1,10.0,17,true
2026-01-26,6,3,3500888,8,1,10.0,17,true
2026-01-26,6,3,3500888,9,1,12.0,20,true
2026-01-26,6,3,3500888,10,1,10.0,17,true
2026-01-26,6,3,3500888,11,1,12.0,20,true
2026-01-26,6,3,3500888,12,1,10.0,17,true
2026-01-26,6,3,3500888,13,1,11.0,18,true
2026-01-26,6,1,3500888,1,1,22.0,36,true
2026-01-26,6,1,3500888,2,1,17.0,28,true
2026-01-26,6,1,3500888,3,1,10.0,17,true
2026-01-26,6,1,3500888,4,1,14.0,23,true
2026-01-26,6,1,3500888,5,1,17.0,28,true
2026-01-26,6,1,3500888,6,1,10.0,17,true
2026-01-26,6,1,3500888,7,1,16.0,26,true
2026-01-26,6,1,3500888,8,1,22.0,36,true
2026-01-26,6,1,3500888,9,1,10.0,17,true
2026-01-26,6,1,3500888,10,1,12.0,20,true
2026-01-26,6,1,3500888,11,1,17.0,28,true
2026-01-26,6,1,3500888,12,1,19.0,31,true
2026-01-26,6,1,3500888,13,1,22.0,36,true
2026-01-27,1,1,3500005,1,1,22.0,125,true
2026-01-27,1,1,3500005,2,1,18.0,102,true
2026-01-27,1,1,3500005,3,1,12.0,68,true
2026-01-27,1,1,3500005,4,1,10.0,57,true
2026-01-27,1,1,3500005,5,1,17.0,97,true
2026-01-27,1,1,3500005,6,1,19.0,108,true
2026-01-27,1,1,3500005,7,1,14.0,80,true
2026-01-27,1,1,3500005,8,1,27.0,153,true
2026-01-27,1,1,3500005,9,1,10.0,57,true
2026-01-27,1,1,3500005,10,1,19.0,108,true
2026-01-27,1,1,3500005,11,1,20.0,113,true
2026-01-27,1,1,3500005,12,1,21.0,119,true
2026-01-27,1,1,3500005,13,1,17.0,97,true
2026-01-27,2,1,3500213,1,1,22.0,105,true
2026-01-27,2,1,3500213,2,1,27.0,129,true
2026-01-27,2,1,3500213,3,1,18.0,86,true
2026-01-27,2,1,3500213,4,1,17.0,81,true
2026-01-27,2,1,3500213,5,1,10.0,48,true
2026-01-27,2,1,3500213,6,1,17.0,81,true
2026-01-27,2,1,3500213,7,1,19.0,91,true
2026-01-27,2,1,3500213,8,1,32.0,153,true
2026-01-27,2,1,3500213,9,1,17.0,81,true
2026-01-27,2,1,3500213,10,1,10.0,48,true
2026-01-27,2,1,3500213,11,1,21.0,100,true
2026-01-27,2,1,3500213,12,1,22.0,105,true
2026-01-27,2,1,3500213,13,1,45.0,215,true
2026-01-27,1,2,3500005,1,1,32.0,181,true
2026-01-27,1,2,3500005,2,1,31.0,176,true
2026-01-27,1,2,3500005,3,1,30.0,170,true
2026-01-27,1,2,3500005,4,1,29.0,164,true
2026-01-27,1,2,3500005,5,1,28.0,159,true
2026-01-27,1,2,3500005,6,1,47.0,266,true
2026-01-27,1,2,3500005,7,1,17.0,97,true
2026-01-27,1,2,3500005,8,1,18.0,102,true
2026-01-27,1,2,3500005,9,1,14.0,80,true
2026-01-27,1,2,3500005,10,1,11.0,63,true
2026-01-27,1,2,3500005,11,1,16.0,91,true
2026-01-27,1,2,3500005,12,1,14.0,80,true
2026-01-27,1,2,3500005,13,1,23.0,130,true
2026-01-27,2,2,3500162,1,1,47.0,224,true
2026-01-27,2,2,3500162,2,1,42.0,200,true
2026-01-27,2,2,3500162,3,1,41.0,196,true
2026-01-27,2,2,3500162,4,1,36.0,172,true
2026-01-27,2,2,3500162,5,1,31.0,148,true
2026-01-27,2,2,3500162,6,1,63.0,300,true
2026-01-27,2,2,3500162,7,1,19.0,91,true
2026-01-27,2,2,3500162,8,1,17.0,81,true
2026-01-27,2,2,3500162,9,1,18.0,86,true
2026-01-27,2,2,3500162,10,1,19.0,91,true
2026-01-27,2,2,3500162,11,1,21.0,100,true
2026-01-27,2,2,3500162,12,1,16.0,77,true
2026-01-27,2,2,3500162,13,1,22.0,105,true
2026-01-28,1,3,3500005,1,1,15.0,85,true
2026-01-28,1,3,3500005,2,1,18.0,102,true
2026-01-28,1,3,3500005,3,1,19.0,108,true
2026-01-28,1,3,3500005,4,1,20.0,113,true
2026-01-28,1,3,3500005,5,1,16.0,91,true
2026-01-28,1,3,3500005,6,1,26.0,147,true
2026-01-28,1,3,3500005,7,1,16.0,91,true
2026-01-28,1,3,3500005,8,1,10.0,57,true
2026-01-28,1,3,3500005,9,1,12.0,68,true
2026-01-28,1,3,3500005,10,1,10.0,57,true
2026-01-28,1,3,3500005,11,1,10.0,57,true
2026-01-28,1,3,3500005,12,1,11.0,63,true
2026-01-28,1,3,3500005,13,1,11.0,63,true
2026-01-28,2,3,3500162,1,1,20.0,96,true
2026-01-28,2,3,3500162,2,1,22.0,105,true
2026-01-28,2,3,3500162,3,1,19.0,91,true
2026-01-28,2,3,3500162,4,1,24.0,115,true
2026-01-28,2,3,3500162,5,1,16.0,77,true
2026-01-28,2,3,3500162,6,1,21.0,100,true
2026-01-28,2,3,3500162,7,1,16.0,77,true
2026-01-28,2,3,3500162,8,1,12.0,58,true
2026-01-28,2,3,3500162,9,1,14.0,67,true
2026-01-28,2,3,3500162,10,1,16.0,77,true
2026-01-28,2,3,3500162,11,1,18.0,86,true
2026-01-28,2,3,3500162,12,1,16.0,77,true
2026-01-28,2,3,3500162,13,1,10.0,48,true
2026-01-29,1,3,3500005,1,1,18.0,102,true
2026-01-29,1,3,3500005,2,1,16.0,91,true
2026-01-29,1,3,3500005,3,1,12.0,68,true
2026-01-29,1,3,3500005,4,1,10.0,57,true
2026-01-29,1,3,3500005,5,1,16.0,91,true
2026-01-29,1,3,3500005,6,1,22.0,125,true
2026-01-29,1,3,3500005,7,1,10.0,57,true
2026-01-29,1,3,3500005,8,1,11.0,63,true
2026-01-29,1,3,3500005,9,1,16.0,91,true
2026-01-29,1,3,3500005,10,1,19.0,108,true
2026-01-29,1,3,3500005,11,1,20.0,113,true
2026-01-29,1,3,3500005,12,1,10.0,57,true
2026-01-29,1,3,3500005,13,1,10.0,57,true
2026-01-29,2,3,3500162,1,1,20.0,96,true
2026-01-29,2,3,3500162,2,1,19.0,91,true
2026-01-29,2,3,3500162,3,1,16.0,77,true
2026-01-29,2,3,3500162,4,1,18.0,86,true
2026-01-29,2,3,3500162,5,1,20.0,96,true
2026-01-29,2,3,3500162,6,1,37.0,177,true
2026-01-29,2,3,3500162,7,1,22.0,105,true
2026-01-29,2,3,3500162,8,1,16.0,77,true
2026-01-29,2,3,3500162,9,1,18.0,86,true
2026-01-29,2,3,3500162,10,1,19.0,91,true
2026-01-29,2,3,3500162,11,1,12.0,58,true
2026-01-29,2,3,3500162,12,1,10.0,48,true
2026-01-29,2,3,3500162,13,1,10.0,48,true
2026-01-29,4,3,3500162,1,1,20.0,96,true
2026-01-29,4,3,3500162,2,1,22.0,105,true
2026-01-29,4,3,3500162,3,1,18.0,86,true
2026-01-29,4,3,3500162,4,1,18.0,86,true
2026-01-29,4,3,3500162,5,1,19.0,91,true
2026-01-29,4,3,3500162,6,1,36.0,172,true
2026-01-29,4,3,3500162,7,1,10.0,48,true
2026-01-29,4,3,3500162,8,1,12.0,58,true
2026-01-29,4,3,3500162,9,1,14.0,67,true
2026-01-29,4,3,3500162,10,1,19.0,91,true
2026-01-29,4,3,3500162,11,1,10.0,48,true
2026-01-29,4,3,3500162,12,1,16.0,77,true
2026-01-29,4,3,3500162,13,1,10.0,48,true
2026-01-28,1,2,3500005,1,1,41.0,232,true
2026-01-28,1,2,3500005,2,1,42.0,238,true
2026-01-28,1,2,3500005,3,1,16.0,91,true
2026-01-28,1,2,3500005,4,1,19.0,108,true
2026-01-28,1,2,3500005,5,1,29.0,164,true
2026-01-28,1,2,3500005,6,1,32.0,181,true
2026-01-28,1,2,3500005,7,1,12.0,68,true
2026-01-28,1,2,3500005,8,1,17.0,97,true
2026-01-28,1,2,3500005,9,1,11.0,63,true
2026-01-28,1,2,3500005,10,1,11.0,63,true
2026-01-28,1,2,3500005,11,1,12.0,68,true
2026-01-28,1,2,3500005,12,1,14.0,80,true
2026-01-28,1,2,3500005,13,1,26.0,147,true
2026-01-28,2,2,3500162,1,1,21.0,100,true
2026-01-28,2,2,3500162,2,1,14.0,67,true
2026-01-28,2,2,3500162,3,1,26.0,124,true
2026-01-28,2,2,3500162,4,1,17.0,81,true
2026-01-28,2,2,3500162,5,1,19.0,91,true
2026-01-28,2,2,3500162,6,1,30.0,143,true
2026-01-28,2,2,3500162,7,1,14.0,67,true
2026-01-28,2,2,3500162,8,1,12.0,58,true
2026-01-28,2,2,3500162,9,1,19.0,91,true
2026-01-28,2,2,3500162,10,1,19.0,91,true
2026-01-28,2,2,3500162,11,1,11.0,53,true
2026-01-28,2,2,3500162,12,1,11.0,53,true
2026-01-28,2,2,3500162,13,1,23.0,110,true
2026-01-28,4,2,3500162,1,1,31.0,148,true
2026-01-28,4,2,3500162,2,1,36.0,172,true
2026-01-28,4,2,3500162,3,1,31.0,148,true
2026-01-28,4,2,3500162,4,1,29.0,139,true
2026-01-28,4,2,3500162,5,1,21.0,100,true
2026-01-28,4,2,3500162,6,1,40.0,191,true
2026-01-28,4,2,3500162,7,1,16.0,77,true
2026-01-28,4,2,3500162,8,1,19.0,91,true
2026-01-28,4,2,3500162,9,1,12.0,58,true
2026-01-28,4,2,3500162,10,1,14.0,67,true
2026-01-28,4,2,3500162,11,1,12.0,58,true
2026-01-28,4,2,3500162,12,1,21.0,100,true
2026-01-28,4,2,3500162,13,1,28.0,134,true
2026-01-29,1,1,3500005,1,1,22.0,125,true
2026-01-29,1,1,3500005,2,1,18.0,102,true
2026-01-29,1,1,3500005,3,1,20.0,113,true
2026-01-29,1,1,3500005,4,1,17.0,97,true
2026-01-29,1,1,3500005,5,1,10.0,57,true
2026-01-29,1,1,3500005,6,1,20.0,113,true
2026-01-29,1,1,3500005,7,1,19.0,108,true
2026-01-29,1,1,3500005,8,1,29.0,164,true
2026-01-29,1,1,3500005,9,1,10.0,57,true
2026-01-29,1,1,3500005,10,1,17.0,97,true
2026-01-29,1,1,3500005,11,1,29.0,164,true
2026-01-29,1,1,3500005,12,1,22.0,125,true
2026-01-29,1,1,3500005,13,1,27.0,153,true
2026-01-29,2,1,3500162,1,1,32.0,153,true
2026-01-29,2,1,3500162,2,1,27.0,129,true
2026-01-29,2,1,3500162,3,1,19.0,91,true
2026-01-29,2,1,3500162,4,1,17.0,81,true
2026-01-29,2,1,3500162,5,1,12.0,58,true
2026-01-29,2,1,3500162,6,1,20.0,96,true
2026-01-29,2,1,3500162,7,1,19.0,91,true
2026-01-29,2,1,3500162,8,1,32.0,153,true
2026-01-29,2,1,3500162,9,1,17.0,81,true
2026-01-29,2,1,3500162,10,1,12.0,58,true
2026-01-29,2,1,3500162,11,1,19.0,91,true
2026-01-29,2,1,3500162,12,1,27.0,129,true
2026-01-29,2,1,3500162,13,1,29.0,139,true
2026-01-29,4,1,3500162,1,1,30.0,143,true
2026-01-29,4,1,3500162,2,1,22.0,105,true
2026-01-29,4,1,3500162,3,1,17.0,81,true
2026-01-29,4,1,3500162,4,1,19.0,91,true
2026-01-29,4,1,3500162,5,1,17.0,81,true
2026-01-29,4,1,3500162,6,1,22.0,105,true
2026-01-29,4,1,3500162,7,1,17.0,81,true
2026-01-29,4,1,3500162,8,1,32.0,153,true
2026-01-29,4,1,3500162,9,1,20.0,96,true
2026-01-29,4,1,3500162,10,1,22.0,105,true
2026-01-29,4,1,3500162,11,1,30.0,143,true
2026-01-29,4,1,3500162,12,1,27.0,129,true
2026-01-29,4,1,3500162,13,1,21.0,100,true
2026-01-29,1,2,3500005,1,1,32.0,181,true
2026-01-29,1,2,3500005,2,1,31.0,176,true
2026-01-29,1,2,3500005,3,1,26.0,147,true
2026-01-29,1,2,3500005,4,1,28.0,159,true
2026-01-29,1,2,3500005,5,1,21.0,119,true
2026-01-29,1,2,3500005,6,1,37.0,210,true
2026-01-29,1,2,3500005,7,1,16.0,91,true
2026-01-29,1,2,3500005,8,1,11.0,63,true
2026-01-29,1,2,3500005,9,1,12.0,68,true
2026-01-29,1,2,3500005,10,1,11.0,63,true
2026-01-29,1,2,3500005,11,1,12.0,68,true
2026-01-29,1,2,3500005,12,1,10.0,57,true
2026-01-29,1,2,3500005,13,1,24.0,136,true
2026-01-29,2,2,3500162,1,1,36.0,172,true
2026-01-29,2,2,3500162,2,1,31.0,148,true
2026-01-29,2,2,3500162,3,1,24.0,115,true
2026-01-29,2,2,3500162,4,1,28.0,134,true
2026-01-29,2,2,3500162,5,1,26.0,124,true
2026-01-29,2,2,3500162,6,1,42.0,200,true
2026-01-29,2,2,3500162,7,1,14.0,67,true
2026-01-29,2,2,3500162,8,1,16.0,77,true
2026-01-29,2,2,3500162,9,1,12.0,58,true
2026-01-29,2,2,3500162,10,1,14.0,67,true
2026-01-29,2,2,3500162,11,1,11.0,53,true
2026-01-29,2,2,3500162,12,1,10.0,48,true
2026-01-29,2,2,3500162,13,1,17.0,81,true
2026-01-29,4,2,3501430,1,1,38.0,119,true
2026-01-29,4,2,3501430,2,1,31.0,97,true
2026-01-29,4,2,3501430,3,1,24.0,75,true
2026-01-29,4,2,3501430,4,1,14.0,44,true
2026-01-29,4,2,3501430,5,1,21.0,66,true
2026-01-29,4,2,3501430,6,1,30.0,94,true
2026-01-29,4,2,3501430,7,1,16.0,50,true
2026-01-29,4,2,3501430,8,1,12.0,38,true
2026-01-29,4,2,3501430,9,1,11.0,35,true
2026-01-29,4,2,3501430,10,1,11.0,35,true
2026-01-29,4,2,3501430,11,1,10.0,32,true
2026-01-29,4,2,3501430,12,1,9.0,29,true
2026-01-29,4,2,3501430,13,1,17.0,53,true
2026-01-30,1,3,3500005,1,1,18.0,102,true
2026-01-30,1,3,3500005,2,1,19.0,108,true
2026-01-30,1,3,3500005,3,1,20.0,113,true
2026-01-30,1,3,3500005,4,1,16.0,91,true
2026-01-30,1,3,3500005,5,1,12.0,68,true
2026-01-30,1,3,3500005,6,1,33.0,187,true
2026-01-30,1,3,3500005,7,1,10.0,57,true
2026-01-30,1,3,3500005,8,1,11.0,63,true
2026-01-30,1,3,3500005,9,1,12.0,68,true
2026-01-30,1,3,3500005,10,1,16.0,91,true
2026-01-30,1,3,3500005,11,1,18.0,102,true
2026-01-30,1,3,3500005,12,1,16.0,91,true
2026-01-30,1,3,3500005,13,1,24.0,136,true
2026-01-30,2,3,3500162,1,1,22.0,105,true
2026-01-30,2,3,3500162,2,1,16.0,77,true
2026-01-30,2,3,3500162,3,1,12.0,58,true
2026-01-30,2,3,3500162,4,1,10.0,48,true
2026-01-30,2,3,3500162,5,1,14.0,67,true
2026-01-30,2,3,3500162,6,1,35.0,167,true
2026-01-30,2,3,3500162,7,1,16.0,77,true
2026-01-30,2,3,3500162,8,1,10.0,48,true
2026-01-30,2,3,3500162,9,1,10.0,48,true
2026-01-30,2,3,3500162,10,1,15.0,72,true
2026-01-30,2,3,3500162,11,1,10.0,48,true
2026-01-30,2,3,3500162,12,1,11.0,53,true
2026-01-30,2,3,3500162,13,1,14.0,67,true
2026-01-30,4,3,3501430,1,1,16.0,50,true
2026-01-30,4,3,3501430,2,1,18.0,57,true
2026-01-30,4,3,3501430,3,1,19.0,60,true
2026-01-30,4,3,3501430,4,1,16.0,50,true
2026-01-30,4,3,3501430,5,1,10.0,32,true
2026-01-30,4,3,3501430,6,1,21.0,66,true
2026-01-30,4,3,3501430,7,1,14.0,44,true
2026-01-30,4,3,3501430,8,1,14.0,44,true
2026-01-30,4,3,3501430,9,1,16.0,50,true
2026-01-30,4,3,3501430,10,1,10.0,32,true
2026-01-30,4,3,3501430,11,1,20.0,63,true
2026-01-30,4,3,3501430,12,1,16.0,50,true
2026-01-30,4,3,3501430,13,1,10.0,32,true
2026-01-30,1,1,3500005,1,1,22.0,125,true
2026-01-30,1,1,3500005,2,1,21.0,119,true
2026-01-30,1,1,3500005,3,1,19.0,108,true
2026-01-30,1,1,3500005,4,1,17.0,97,true
2026-01-30,1,1,3500005,5,1,10.0,57,true
2026-01-30,1,1,3500005,6,1,17.0,97,true
2026-01-30,1,1,3500005,7,1,19.0,108,true
2026-01-30,1,1,3500005,8,1,32.0,181,true
2026-01-30,1,1,3500005,9,1,17.0,97,true
2026-01-30,1,1,3500005,10,1,20.0,113,true
2026-01-30,1,1,3500005,11,1,22.0,125,true
2026-01-30,1,1,3500005,12,1,27.0,153,true
2026-01-30,1,1,3500005,13,1,25.0,142,true
2026-01-30,2,1,3500162,1,1,27.0,129,true
2026-01-30,2,1,3500162,2,1,18.0,86,true
2026-01-30,2,1,3500162,3,1,24.0,115,true
2026-01-30,2,1,3500162,4,1,19.0,91,true
2026-01-30,2,1,3500162,5,1,12.0,58,true
2026-01-30,2,1,3500162,6,1,29.0,139,true
2026-01-30,2,1,3500162,7,1,19.0,91,true
2026-01-30,2,1,3500162,8,1,37.0,177,true
2026-01-30,2,1,3500162,9,1,20.0,96,true
2026-01-30,2,1,3500162,10,1,0.0,0,true
2026-01-30,2,1,3500162,11,1,0.0,0,true
2026-01-30,2,1,3500162,12,1,0.0,0,true
2026-01-30,2,1,3500162,13,1,0.0,0,true
2026-01-30,4,1,3501430,1,1,27.0,85,true
2026-01-30,4,1,3501430,2,1,22.0,69,true
2026-01-30,4,1,3501430,3,1,24.0,75,true
2026-01-30,4,1,3501430,4,1,17.0,53,true
2026-01-30,4,1,3501430,5,1,19.0,60,true
2026-01-30,4,1,3501430,6,1,22.0,69,true
2026-01-30,4,1,3501430,7,1,17.0,53,true
2026-01-30,4,1,3501430,8,1,32.0,100,true
2026-01-30,4,1,3501430,9,1,12.0,38,true
2026-01-30,4,1,3501430,10,1,17.0,53,true
2026-01-30,4,1,3501430,11,1,24.0,75,true
2026-01-30,4,1,3501430,12,1,27.0,85,true
2026-01-30,4,1,3501430,13,1,29.0,91,true
2026-01-30,1,1,3500005,1,2,36.0,204,true
2026-01-30,1,1,3500005,2,2,31.0,176,true
2026-01-30,1,1,3500005,3,2,26.0,147,true
2026-01-30,1,1,3500005,4,2,21.0,119,true
2026-01-30,1,1,3500005,5,2,22.0,125,true
2026-01-30,1,1,3500005,6,2,40.0,226,true
2026-01-30,1,1,3500005,7,2,16.0,91,true
2026-01-30,1,1,3500005,8,2,11.0,63,true
2026-01-30,1,1,3500005,9,2,12.0,68,true
2026-01-30,1,1,3500005,10,2,10.0,57,true
2026-01-30,1,1,3500005,11,2,9.0,51,true
2026-01-30,1,1,3500005,12,2,9.0,51,true
2026-01-30,1,1,3500005,13,2,21.0,119,true
2026-01-30,2,1,3500162,1,2,41.0,196,true
2026-01-30,2,1,3500162,2,2,41.0,196,true
2026-01-30,2,1,3500162,3,2,42.0,200,true
2026-01-30,2,1,3500162,4,2,51.0,243,true
2026-01-30,2,1,3500162,5,2,30.0,143,true
2026-01-30,2,1,3500162,6,2,43.0,205,true
2026-01-30,2,1,3500162,7,2,16.0,77,true
2026-01-30,2,1,3500162,8,2,18.0,86,true
2026-01-30,2,1,3500162,9,2,11.0,53,true
2026-01-30,2,1,3500162,10,2,21.0,100,true
2026-01-30,2,1,3500162,11,2,21.0,100,true
2026-01-30,2,1,3500162,12,2,18.0,86,true
2026-01-30,2,1,3500162,13,2,30.0,143,true
2026-01-30,4,1,3501430,1,2,41.0,128,true
2026-01-30,4,1,3501430,2,2,36.0,113,true
2026-01-30,4,1,3501430,3,2,11.0,35,true
2026-01-30,4,1,3501430,4,2,31.0,97,true
2026-01-30,4,1,3501430,5,2,30.0,94,true
2026-01-30,4,1,3501430,6,2,30.0,94,true
2026-01-30,4,1,3501430,7,2,16.0,50,true
2026-01-30,4,1,3501430,8,2,14.0,44,true
2026-01-30,4,1,3501430,9,2,12.0,38,true
2026-01-30,4,1,3501430,10,2,16.0,50,true
2026-01-30,4,1,3501430,11,2,11.0,35,true
2026-01-30,4,1,3501430,12,2,19.0,60,true
2026-01-30,4,1,3501430,13,2,25.0,78,true
2026-01-31,1,1,3500005,1,1,24.0,136,true
2026-01-31,1,1,3500005,2,1,18.0,102,true
2026-01-31,1,1,3500005,3,1,17.0,97,true
2026-01-31,1,1,3500005,4,1,12.0,68,true
2026-01-31,1,1,3500005,5,1,10.0,57,true
2026-01-31,1,1,3500005,6,1,19.0,108,true
2026-01-31,1,1,3500005,7,1,14.0,80,true
2026-01-31,1,1,3500005,8,1,22.0,125,true
2026-01-31,1,1,3500005,9,1,18.0,102,true
2026-01-31,1,1,3500005,10,1,12.0,68,true
2026-01-31,1,1,3500005,11,1,21.0,119,true
2026-01-31,1,1,3500005,12,1,22.0,125,true
2026-01-31,1,1,3500005,13,1,27.0,153,true
2026-01-31,2,1,3500162,1,1,22.0,105,true
2026-01-31,2,1,3500162,2,1,24.0,115,true
2026-01-31,2,1,3500162,3,1,20.0,96,true
2026-01-31,2,1,3500162,4,1,18.0,86,true
2026-01-31,2,1,3500162,5,1,19.0,91,true
2026-01-31,2,1,3500162,6,1,22.0,105,true
2026-01-31,2,1,3500162,7,1,19.0,91,true
2026-01-31,2,1,3500162,8,1,29.0,139,true
2026-01-31,2,1,3500162,9,1,10.0,48,true
2026-01-31,2,1,3500162,10,1,17.0,81,true
2026-01-31,2,1,3500162,11,1,22.0,105,true
2026-01-31,2,1,3500162,12,1,29.0,139,true
2026-01-31,2,1,3500162,13,1,27.0,129,true
2026-01-31,4,1,3501430,1,1,19.0,60,true
2026-01-31,4,1,3501430,2,1,27.0,85,true
2026-01-31,4,1,3501430,3,1,22.0,69,true
2026-01-31,4,1,3501430,4,1,17.0,53,true
2026-01-31,4,1,3501430,5,1,12.0,38,true
2026-01-31,4,1,3501430,6,1,21.0,66,true
2026-01-31,4,1,3501430,7,1,19.0,60,true
2026-01-31,4,1,3501430,8,1,29.0,91,true
2026-01-31,4,1,3501430,9,1,17.0,53,true
2026-01-31,4,1,3501430,10,1,12.0,38,true
2026-01-31,4,1,3501430,11,1,22.0,69,true
2026-01-31,4,1,3501430,12,1,27.0,85,true
2026-01-31,4,1,3501430,13,1,29.0,91,true
2026-01-31,1,2,3500005,1,1,31.0,176,true
2026-01-31,1,2,3500005,2,1,31.0,176,true
2026-01-31,1,2,3500005,3,1,26.0,147,true
2026-01-31,1,2,3500005,4,1,21.0,119,true
2026-01-31,1,2,3500005,5,1,22.0,125,true
2026-01-31,1,2,3500005,6,1,53.0,300,true
2026-01-31,1,2,3500005,7,1,17.0,97,true
2026-01-31,1,2,3500005,8,1,16.0,91,true
2026-01-31,1,2,3500005,9,1,12.0,68,true
2026-01-31,1,2,3500005,10,1,12.0,68,true
2026-01-31,1,2,3500005,11,1,14.0,80,true
2026-01-31,1,2,3500005,12,1,11.0,63,true
2026-01-31,1,2,3500005,13,1,23.0,130,true
2026-01-31,2,2,3500162,1,1,50.0,239,true
2026-01-31,2,2,3500162,2,1,21.0,100,true
2026-01-31,2,2,3500162,3,1,14.0,67,true
2026-01-31,2,2,3500162,4,1,19.0,91,true
2026-01-31,2,2,3500162,5,1,21.0,100,true
2026-01-31,2,2,3500162,6,1,16.0,77,true
2026-01-31,2,2,3500162,7,1,14.0,67,true
2026-01-31,2,2,3500162,8,1,12.0,58,true
2026-01-31,2,2,3500162,9,1,11.0,53,true
2026-01-31,2,2,3500162,10,1,10.0,48,true
2026-01-31,2,2,3500162,11,1,9.0,43,true
2026-01-31,2,2,3500162,12,1,8.0,39,true
2026-01-31,2,2,3500162,13,1,22.0,105,true
2026-01-31,4,2,3501430,1,1,19.0,60,true
2026-01-31,4,2,3501430,2,1,21.0,66,true
2026-01-31,4,2,3501430,3,1,31.0,97,true
2026-01-31,4,2,3501430,4,1,36.0,113,true
2026-01-31,4,2,3501430,5,1,11.0,35,true
2026-01-31,4,2,3501430,6,1,10.0,32,true
2026-01-31,4,2,3501430,7,1,16.0,50,true
2026-01-31,4,2,3501430,8,1,11.0,35,true
2026-01-31,4,2,3501430,9,1,19.0,60,true
2026-01-31,4,2,3501430,10,1,11.0,35,true
2026-01-31,4,2,3501430,11,1,9.0,29,true
2026-01-31,4,2,3501430,12,1,11.0,35,true
2026-01-31,4,2,3501430,13,1,25.0,78,true
2026-02-01,1,1,3500005,1,1,10.0,57,true
2026-02-01,1,1,3500005,2,1,12.0,68,true
2026-02-01,1,1,3500005,3,1,15.0,85,true
2026-02-01,1,1,3500005,4,1,13.0,74,true
2026-02-01,1,1,3500005,5,1,12.0,68,true
2026-02-01,1,1,3500005,6,1,10.0,57,true
2026-02-01,1,1,3500005,7,1,13.0,74,true
2026-02-01,1,1,3500005,8,1,12.0,68,true
2026-02-01,1,1,3500005,9,1,10.0,57,true
2026-02-01,1,1,3500005,10,1,0.0,0,true
2026-02-01,1,1,3500005,11,1,15.0,85,true
2026-02-01,1,1,3500005,12,1,20.0,113,true
2026-02-01,1,1,3500005,13,1,10.0,57,true
2026-02-01,2,1,3500162,1,1,15.0,72,true
2026-02-01,2,1,3500162,2,1,10.0,48,true
2026-02-01,2,1,3500162,3,1,12.0,58,true
2026-02-01,2,1,3500162,4,1,13.0,62,true
2026-02-01,2,1,3500162,5,1,20.0,96,true
2026-02-01,2,1,3500162,6,1,15.0,72,true
2026-02-01,2,1,3500162,7,1,20.0,96,true
2026-02-01,2,1,3500162,8,1,25.0,120,true
2026-02-01,2,1,3500162,9,1,15.0,72,true
2026-02-01,2,1,3500162,10,1,0.0,0,true
2026-02-01,2,1,3500162,11,1,20.0,96,true
2026-02-01,2,1,3500162,12,1,30.0,143,true
2026-02-01,2,1,3500162,13,1,20.0,96,true
2026-02-01,4,1,3500446,1,1,15.0,65,true
2026-02-01,4,1,3500446,2,1,20.0,87,true
2026-02-01,4,1,3500446,3,1,15.0,65,true
2026-02-01,4,1,3500446,4,1,30.0,130,true
2026-02-01,4,1,3500446,5,1,25.0,108,true
2026-02-01,4,1,3500446,6,1,30.0,130,true
2026-02-01,4,1,3500446,7,1,20.0,87,true
2026-02-01,4,1,3500446,8,1,25.0,108,true
2026-02-01,4,1,3500446,9,1,20.0,87,true
2026-02-01,4,1,3500446,10,1,10.0,44,true
2026-02-01,4,1,3500446,11,1,25.0,108,true
2026-02-01,4,1,3500446,12,1,35.0,151,true
2026-02-01,4,1,3500446,13,1,25.0,108,true
2026-02-01,1,2,3500005,1,1,30.0,170,true
2026-02-01,1,2,3500005,2,1,20.0,113,true
2026-02-01,1,2,3500005,3,1,11.0,63,true
2026-02-01,1,2,3500005,4,1,13.0,74,true
2026-02-01,1,2,3500005,5,1,18.0,102,true
2026-02-01,1,2,3500005,6,1,28.0,159,true
2026-02-01,1,2,3500005,7,1,8.0,46,true
2026-02-01,1,2,3500005,8,1,5.0,29,true
2026-02-01,1,2,3500005,9,1,4.0,23,true
2026-02-01,1,2,3500005,10,1,12.0,68,true
2026-02-01,1,2,3500005,11,1,10.0,57,true
2026-02-01,1,2,3500005,12,1,5.0,29,true
2026-02-01,1,2,3500005,13,1,18.0,102,true
2026-02-01,4,2,3500446,1,1,30.0,130,true
2026-02-01,4,2,3500446,2,1,15.0,65,true
2026-02-01,4,2,3500446,3,1,19.0,82,true
2026-02-01,4,2,3500446,4,1,22.0,95,true
2026-02-01,4,2,3500446,5,1,18.0,78,true
2026-02-01,4,2,3500446,6,1,20.0,87,true
2026-02-01,4,2,3500446,7,1,5.0,22,true
2026-02-01,4,2,3500446,8,1,6.0,26,true
2026-02-01,4,2,3500446,9,1,8.0,35,true
2026-02-01,4,2,3500446,10,1,11.0,48,true
2026-02-01,4,2,3500446,11,1,12.0,52,true
2026-02-01,4,2,3500446,12,1,16.0,69,true
2026-02-01,4,2,3500446,13,1,39.0,169,true
2026-02-03,1,3,3500005,1,1,24.0,136,true
2026-02-03,1,3,3500005,2,1,17.0,97,true
2026-02-03,1,3,3500005,3,1,21.0,119,true
2026-02-03,1,3,3500005,4,1,18.0,102,true
2026-02-03,1,3,3500005,5,1,12.0,68,true
2026-02-03,1,3,3500005,6,1,19.0,108,true
2026-02-03,1,3,3500005,7,1,17.0,97,true
2026-02-03,1,3,3500005,8,1,29.0,164,true
2026-02-03,1,3,3500005,9,1,12.0,68,true
2026-02-03,1,3,3500005,10,1,14.0,80,true
2026-02-03,1,3,3500005,11,1,21.0,119,true
2026-02-03,1,3,3500005,12,1,24.0,136,true
2026-02-03,1,3,3500005,13,1,20.0,113,true
2026-02-02,1,3,3500005,1,1,22.0,125,true
2026-02-02,1,3,3500005,2,1,17.0,97,true
2026-02-02,1,3,3500005,3,1,19.0,108,true
2026-02-02,1,3,3500005,4,1,12.0,68,true
2026-02-02,1,3,3500005,5,1,20.0,113,true
2026-02-02,1,3,3500005,6,1,12.0,68,true
2026-02-02,1,3,3500005,7,1,10.0,57,true
2026-02-02,1,3,3500005,8,1,27.0,153,true
2026-02-02,1,3,3500005,9,1,12.0,68,true
2026-02-02,1,3,3500005,10,1,17.0,97,true
2026-02-02,1,3,3500005,11,1,19.0,108,true
2026-02-02,1,3,3500005,12,1,20.0,113,true
2026-02-02,1,3,3500005,13,1,17.0,97,true
2026-02-03,2,2,3500162,1,1,20.0,96,true
2026-02-03,2,2,3500162,2,1,24.0,115,true
2026-02-03,2,2,3500162,3,1,16.0,77,true
2026-02-03,2,2,3500162,4,1,18.0,86,true
2026-02-03,2,2,3500162,5,1,10.0,48,true
2026-02-03,2,2,3500162,6,1,21.0,100,true
2026-02-03,2,2,3500162,7,1,18.0,86,true
2026-02-03,2,2,3500162,8,1,19.0,91,true
2026-02-03,2,2,3500162,9,1,12.0,58,true
2026-02-03,2,2,3500162,10,1,16.0,77,true
2026-02-03,2,2,3500162,11,1,10.0,48,true
2026-02-03,2,2,3500162,12,1,16.0,77,true
2026-02-03,2,2,3500162,13,1,14.0,67,true
2026-02-04,1,3,3500005,1,1,17.0,97,true
2026-02-04,1,3,3500005,2,1,19.0,108,true
2026-02-04,1,3,3500005,3,1,21.0,119,true
2026-02-04,1,3,3500005,4,1,14.0,80,true
2026-02-04,1,3,3500005,5,1,16.0,91,true
2026-02-04,1,3,3500005,6,1,19.0,108,true
2026-02-04,1,3,3500005,7,1,12.0,68,true
2026-02-04,1,3,3500005,8,1,29.0,164,true
2026-02-04,1,3,3500005,9,1,10.0,57,true
2026-02-04,1,3,3500005,10,1,17.0,97,true
2026-02-04,1,3,3500005,11,1,22.0,125,true
2026-02-04,1,3,3500005,12,1,19.0,108,true
2026-02-04,1,3,3500005,13,1,24.0,136,true
2026-02-04,2,3,3500162,1,1,29.0,139,true
2026-02-04,2,3,3500162,2,1,27.0,129,true
2026-02-04,2,3,3500162,3,1,30.0,143,true
2026-02-04,2,3,3500162,4,1,17.0,81,true
2026-02-04,2,3,3500162,5,1,10.0,48,true
2026-02-04,2,3,3500162,6,1,19.0,91,true
2026-02-04,2,3,3500162,7,1,17.0,81,true
2026-02-04,2,3,3500162,8,1,34.0,162,true
2026-02-04,2,3,3500162,9,1,19.0,91,true
2026-02-04,2,3,3500162,10,1,17.0,81,true
2026-02-04,2,3,3500162,11,1,25.0,120,true
2026-02-04,2,3,3500162,12,1,22.0,105,true
2026-02-04,2,3,3500162,13,1,27.0,129,true
2026-02-03,2,2,3500162,1,2,36.0,172,true
2026-02-03,2,2,3500162,2,2,31.0,148,true
2026-02-03,2,2,3500162,3,2,26.0,124,true
2026-02-03,2,2,3500162,4,2,24.0,115,true
2026-02-03,2,2,3500162,5,2,17.0,81,true
2026-02-03,2,2,3500162,6,2,35.0,167,true
2026-02-03,2,2,3500162,7,2,16.0,77,true
2026-02-03,2,2,3500162,8,2,11.0,53,true
2026-02-03,2,2,3500162,9,2,17.0,81,true
2026-02-03,2,2,3500162,10,2,156.0,743,true
2026-02-03,2,2,3500162,11,2,14.0,67,true
2026-02-03,2,2,3500162,12,2,12.0,58,true
2026-02-03,2,2,3500162,13,2,22.0,105,true
2026-02-04,1,2,3500005,1,1,18.0,102,true
2026-02-04,1,2,3500005,2,1,19.0,108,true
2026-02-04,1,2,3500005,3,1,22.0,125,true
2026-02-04,1,2,3500005,4,1,16.0,91,true
2026-02-04,1,2,3500005,5,1,16.0,91,true
2026-02-04,1,2,3500005,6,1,21.0,119,true
2026-02-04,1,2,3500005,7,1,14.0,80,true
2026-02-04,1,2,3500005,8,1,16.0,91,true
2026-02-04,1,2,3500005,9,1,16.0,91,true
2026-02-04,1,2,3500005,10,1,10.0,57,true
2026-02-04,1,2,3500005,11,1,19.0,108,true
2026-02-04,1,2,3500005,12,1,10.0,57,true
2026-02-04,1,2,3500005,13,1,10.0,57,true
2026-02-04,2,2,3500162,1,1,20.0,96,true
2026-02-04,2,2,3500162,2,1,21.0,100,true
2026-02-04,2,2,3500162,3,1,16.0,77,true
2026-02-04,2,2,3500162,4,1,18.0,86,true
2026-02-04,2,2,3500162,5,1,22.0,105,true
2026-02-04,2,2,3500162,6,1,29.0,139,true
2026-02-04,2,2,3500162,7,1,14.0,67,true
2026-02-04,2,2,3500162,8,1,16.0,77,true
2026-02-04,2,2,3500162,9,1,14.0,67,true
2026-02-04,2,2,3500162,10,1,16.0,77,true
2026-02-04,2,2,3500162,11,1,10.0,48,true
2026-02-04,2,2,3500162,12,1,10.0,48,true
2026-02-04,2,2,3500162,13,1,21.0,100,true
2026-02-05,1,1,3500005,1,1,31.0,176,true
2026-02-05,1,1,3500005,2,1,32.0,181,true
2026-02-05,1,1,3500005,3,1,31.0,176,true
2026-02-05,1,1,3500005,4,1,36.0,204,true
2026-02-05,1,1,3500005,5,1,16.0,91,true
2026-02-05,1,1,3500005,6,1,30.0,170,true
2026-02-05,1,1,3500005,7,1,14.0,80,true
2026-02-05,1,1,3500005,8,1,14.0,80,true
2026-02-05,1,1,3500005,9,1,12.0,68,true
2026-02-05,1,1,3500005,10,1,15.0,85,true
2026-02-05,1,1,3500005,11,1,16.0,91,true
2026-02-05,1,1,3500005,12,1,11.0,63,true
2026-02-05,1,1,3500005,13,1,18.0,102,true
2026-02-05,2,1,3500162,1,1,31.0,148,true
2026-02-05,2,1,3500162,2,1,32.0,153,true
2026-02-05,2,1,3500162,3,1,32.0,153,true
2026-02-05,2,1,3500162,4,1,34.0,162,true
2026-02-05,2,1,3500162,5,1,31.0,148,true
2026-02-05,2,1,3500162,6,1,50.0,239,true
2026-02-05,2,1,3500162,7,1,11.0,53,true
2026-02-05,2,1,3500162,8,1,11.0,53,true
2026-02-05,2,1,3500162,9,1,11.0,53,true
2026-02-05,2,1,3500162,10,1,14.0,67,true
2026-02-05,2,1,3500162,11,1,12.0,58,true
2026-02-05,2,1,3500162,12,1,13.0,62,true
2026-02-05,2,1,3500162,13,1,33.0,158,true
2026-02-05,1,2,3500005,1,1,18.0,102,true
2026-02-05,1,2,3500005,2,1,16.0,91,true
2026-02-05,1,2,3500005,3,1,14.0,80,true
2026-02-05,1,2,3500005,4,1,16.0,91,true
2026-02-05,1,2,3500005,5,1,18.0,102,true
2026-02-05,1,2,3500005,6,1,38.0,215,true
2026-02-05,1,2,3500005,7,1,15.0,85,true
2026-02-05,1,2,3500005,8,1,13.0,74,true
2026-02-05,1,2,3500005,9,1,18.0,102,true
2026-02-05,1,2,3500005,10,1,10.0,57,true
2026-02-05,1,2,3500005,11,1,11.0,63,true
2026-02-05,1,2,3500005,12,1,12.0,68,true
2026-02-05,1,2,3500005,13,1,26.0,147,true
2026-02-05,2,2,3500162,1,1,20.0,96,true
2026-02-05,2,2,3500162,2,1,16.0,77,true
2026-02-05,2,2,3500162,3,1,18.0,86,true
2026-02-05,2,2,3500162,4,1,19.0,91,true
2026-02-05,2,2,3500162,5,1,10.0,48,true
2026-02-05,2,2,3500162,6,1,28.0,134,true
2026-02-05,2,2,3500162,7,1,10.0,48,true
2026-02-05,2,2,3500162,8,1,14.0,67,true
2026-02-05,2,2,3500162,9,1,16.0,77,true
2026-02-05,2,2,3500162,10,1,18.0,86,true
2026-02-05,2,2,3500162,11,1,16.0,77,true
2026-02-05,2,2,3500162,12,1,11.0,53,true
2026-02-05,2,2,3500162,13,1,26.0,124,true
2026-02-06,1,1,3500005,1,1,37.0,210,true
2026-02-06,1,1,3500005,2,1,31.0,176,true
2026-02-06,1,1,3500005,3,1,30.0,170,true
2026-02-06,1,1,3500005,4,1,27.0,153,true
2026-02-06,1,1,3500005,5,1,28.0,159,true
2026-02-06,1,1,3500005,6,1,40.0,226,true
2026-02-06,1,1,3500005,7,1,16.0,91,true
2026-02-06,1,1,3500005,8,1,14.0,80,true
2026-02-06,1,1,3500005,9,1,12.0,68,true
2026-02-06,1,1,3500005,10,1,11.0,63,true
2026-02-06,1,1,3500005,11,1,16.0,91,true
2026-02-06,1,1,3500005,12,1,11.0,63,true
2026-02-06,1,1,3500005,13,1,23.0,130,true
2026-02-06,2,1,3500162,1,1,39.0,186,true
2026-02-06,2,1,3500162,2,1,24.0,115,true
2026-02-06,2,1,3500162,3,1,26.0,124,true
2026-02-06,2,1,3500162,4,1,21.0,100,true
2026-02-06,2,1,3500162,5,1,23.0,110,true
2026-02-06,2,1,3500162,6,1,37.0,177,true
2026-02-06,2,1,3500162,7,1,16.0,77,true
2026-02-06,2,1,3500162,8,1,14.0,67,true
2026-02-06,2,1,3500162,9,1,17.0,81,true
2026-02-06,2,1,3500162,10,1,11.0,53,true
2026-02-06,2,1,3500162,11,1,19.0,91,true
2026-02-06,2,1,3500162,12,1,17.0,81,true
2026-02-06,2,1,3500162,13,1,27.0,129,true
2026-02-06,1,2,3500005,1,1,30.0,170,true
2026-02-06,1,2,3500005,2,1,15.0,85,true
2026-02-06,1,2,3500005,3,1,10.0,57,true
2026-02-06,1,2,3500005,4,1,9.0,51,true
2026-02-06,1,2,3500005,5,1,13.0,74,true
2026-02-06,1,2,3500005,6,1,18.0,102,true
2026-02-06,1,2,3500005,7,1,9.0,51,true
2026-02-06,1,2,3500005,8,1,13.0,74,true
2026-02-06,1,2,3500005,9,1,12.0,68,true
2026-02-06,1,2,3500005,10,1,11.0,63,true
2026-02-06,1,2,3500005,11,1,9.0,51,true
2026-02-06,1,2,3500005,12,1,6.0,34,true
2026-02-06,1,2,3500005,13,1,12.0,68,true
2026-02-07,1,3,3500005,1,1,12.0,68,true
2026-02-07,1,3,3500005,2,1,10.0,57,true
2026-02-07,1,3,3500005,3,1,14.0,80,true
2026-02-07,1,3,3500005,4,1,10.0,57,true
2026-02-07,1,3,3500005,5,1,9.0,51,true
2026-02-07,1,3,3500005,6,1,17.0,97,true
2026-02-07,1,3,3500005,7,1,12.0,68,true
2026-02-07,1,3,3500005,8,1,22.0,125,true
2026-02-07,1,3,3500005,9,1,12.0,68,true
2026-02-07,1,3,3500005,10,1,10.0,57,true
2026-02-07,1,3,3500005,11,1,19.0,108,true
2026-02-07,1,3,3500005,12,1,12.0,68,true
2026-02-07,1,3,3500005,13,1,18.0,102,true
2026-02-07,2,3,3500162,1,1,29.0,139,true
2026-02-07,2,3,3500162,2,1,22.0,105,true
2026-02-07,2,3,3500162,3,1,12.0,58,true
2026-02-07,2,3,3500162,4,1,17.0,81,true
2026-02-07,2,3,3500162,5,1,16.0,77,true
2026-02-07,2,3,3500162,6,1,19.0,91,true
2026-02-07,2,3,3500162,7,1,12.0,58,true
2026-02-07,2,3,3500162,8,1,32.0,153,true
2026-02-07,2,3,3500162,9,1,19.0,91,true
2026-02-07,2,3,3500162,10,1,12.0,58,true
2026-02-07,2,3,3500162,11,1,22.0,105,true
2026-02-07,2,3,3500162,12,1,20.0,96,true
2026-02-07,2,3,3500162,13,1,21.0,100,true
2026-02-08,1,3,3500005,1,1,24.0,136,true
2026-02-08,1,3,3500005,2,1,19.0,108,true
2026-02-08,1,3,3500005,3,1,17.0,97,true
2026-02-08,1,3,3500005,4,1,10.0,57,true
2026-02-08,1,3,3500005,5,1,14.0,80,true
2026-02-08,1,3,3500005,6,1,19.0,108,true
2026-02-08,1,3,3500005,7,1,18.0,102,true
2026-02-08,1,3,3500005,8,1,32.0,181,true
2026-02-08,1,3,3500005,9,1,12.0,68,true
2026-02-08,1,3,3500005,10,1,16.0,91,true
2026-02-08,1,3,3500005,11,1,20.0,113,true
2026-02-08,1,3,3500005,12,1,27.0,153,true
2026-02-08,1,3,3500005,13,1,24.0,136,true
2026-02-07,1,2,3500005,1,1,12.0,68,true
2026-02-07,1,2,3500005,2,1,14.0,80,true
2026-02-07,1,2,3500005,3,1,16.0,91,true
2026-02-07,1,2,3500005,4,1,18.0,102,true
2026-02-07,1,2,3500005,5,1,14.0,80,true
2026-02-07,1,2,3500005,6,1,32.0,181,true
2026-02-07,1,2,3500005,7,1,10.0,57,true
2026-02-07,1,2,3500005,8,1,11.0,63,true
2026-02-07,1,2,3500005,9,1,14.0,80,true
2026-02-07,1,2,3500005,10,1,16.0,91,true
2026-02-07,1,2,3500005,11,1,10.0,57,true
2026-02-07,1,2,3500005,12,1,11.0,63,true
2026-02-07,1,2,3500005,13,1,12.0,68,true
2026-02-07,2,2,3500162,1,1,20.0,96,true
2026-02-07,2,2,3500162,2,1,16.0,77,true
2026-02-07,2,2,3500162,3,1,18.0,86,true
2026-02-07,2,2,3500162,4,1,19.0,91,true
2026-02-07,2,2,3500162,5,1,10.0,48,true
2026-02-07,2,2,3500162,6,1,23.0,110,true
2026-02-07,2,2,3500162,7,1,16.0,77,true
2026-02-07,2,2,3500162,8,1,10.0,48,true
2026-02-07,2,2,3500162,9,1,11.0,53,true
2026-02-07,2,2,3500162,10,1,11.0,53,true
2026-02-07,2,2,3500162,11,1,14.0,67,true
2026-02-07,2,2,3500162,12,1,16.0,77,true
2026-02-07,2,2,3500162,13,1,18.0,86,true
2026-02-07,1,1,3500005,1,1,36.0,204,true
2026-02-07,1,1,3500005,2,1,31.0,176,true
2026-02-07,1,1,3500005,3,1,32.0,181,true
2026-02-07,1,1,3500005,4,1,31.0,176,true
2026-02-07,1,1,3500005,5,1,30.0,170,true
2026-02-07,1,1,3500005,6,1,50.0,283,true
2026-02-07,1,1,3500005,7,1,16.0,91,true
2026-02-07,1,1,3500005,8,1,17.0,97,true
2026-02-07,1,1,3500005,9,1,16.0,91,true
2026-02-07,1,1,3500005,10,1,14.0,80,true
2026-02-07,1,1,3500005,11,1,12.0,68,true
2026-02-07,1,1,3500005,12,1,14.0,80,true
2026-02-07,1,1,3500005,13,1,22.0,125,true
2026-02-07,2,1,3500162,1,1,36.0,172,true
2026-02-07,2,1,3500162,2,1,29.0,139,true
2026-02-07,2,1,3500162,3,1,26.0,124,true
2026-02-07,2,1,3500162,4,1,14.0,67,true
2026-02-07,2,1,3500162,5,1,29.0,139,true
2026-02-07,2,1,3500162,6,1,50.0,239,true
2026-02-07,2,1,3500162,7,1,16.0,77,true
2026-02-07,2,1,3500162,8,1,14.0,67,true
2026-02-07,2,1,3500162,9,1,15.0,72,true
2026-02-07,2,1,3500162,10,1,14.0,67,true
2026-02-07,2,1,3500162,11,1,12.0,58,true
2026-02-07,2,1,3500162,12,1,11.0,53,true
2026-02-07,2,1,3500162,13,1,27.0,129,true
2026-02-09,1,1,3500005,1,1,10.0,57,true
2026-02-09,1,1,3500005,2,1,11.0,63,true
2026-02-09,1,1,3500005,3,1,16.0,91,true
2026-02-09,1,1,3500005,4,1,18.0,102,true
2026-02-09,1,1,3500005,5,1,19.0,108,true
2026-02-09,1,1,3500005,6,1,25.0,142,true
2026-02-09,1,1,3500005,7,1,16.0,91,true
2026-02-09,1,1,3500005,8,1,14.0,80,true
2026-02-09,1,1,3500005,9,1,19.0,108,true
2026-02-09,1,1,3500005,10,1,18.0,102,true
2026-02-09,1,1,3500005,11,1,16.0,91,true
2026-02-09,1,1,3500005,12,1,17.0,97,true
2026-02-09,1,1,3500005,13,1,19.0,108,true
2026-02-09,2,1,3500162,1,1,20.0,96,true
2026-02-09,2,1,3500162,2,1,16.0,77,true
2026-02-09,2,1,3500162,3,1,18.0,86,true
2026-02-09,2,1,3500162,4,1,19.0,91,true
2026-02-09,2,1,3500162,5,1,10.0,48,true
2026-02-09,2,1,3500162,6,1,25.0,120,true
2026-02-09,2,1,3500162,7,1,19.0,91,true
2026-02-09,2,1,3500162,8,1,10.0,48,true
2026-02-09,2,1,3500162,9,1,11.0,53,true
2026-02-09,2,1,3500162,10,1,14.0,67,true
2026-02-09,2,1,3500162,11,1,16.0,77,true
2026-02-09,2,1,3500162,12,1,10.0,48,true
2026-02-09,2,1,3500162,13,1,29.0,139,true
2026-02-09,6,1,3500887,1,1,20.0,33,true
2026-02-09,6,1,3500887,2,1,25.0,41,true
2026-02-09,6,1,3500887,3,1,10.0,17,true
2026-02-09,6,1,3500887,4,1,16.0,26,true
2026-02-09,6,1,3500887,5,1,18.0,30,true
2026-02-09,6,1,3500887,6,1,29.0,47,true
2026-02-09,6,1,3500887,7,1,21.0,34,true
2026-02-09,6,1,3500887,8,1,12.0,20,true
2026-02-09,6,1,3500887,9,1,14.0,23,true
2026-02-09,6,1,3500887,10,1,16.0,26,true
2026-02-09,6,1,3500887,11,1,18.0,30,true
2026-02-09,6,1,3500887,12,1,19.0,31,true
2026-02-09,6,1,3500887,13,1,29.0,47,true
2026-02-08,1,2,3500005,1,1,18.0,102,true
2026-02-08,1,2,3500005,2,1,23.0,130,true
2026-02-08,1,2,3500005,3,1,30.0,170,true
2026-02-08,1,2,3500005,4,1,14.0,80,true
2026-02-08,1,2,3500005,5,1,18.0,102,true
2026-02-08,1,2,3500005,6,1,43.0,243,true
2026-02-08,1,2,3500005,7,1,10.0,57,true
2026-02-08,1,2,3500005,8,1,14.0,80,true
2026-02-08,1,2,3500005,9,1,16.0,91,true
2026-02-08,1,2,3500005,10,1,10.0,57,true
2026-02-08,1,2,3500005,11,1,11.0,63,true
2026-02-08,1,2,3500005,12,1,14.0,80,true
2026-02-08,1,2,3500005,13,1,10.0,57,true
2026-02-10,1,1,3500005,1,1,10.0,57,true
2026-02-10,1,1,3500005,2,1,15.0,85,true
2026-02-10,1,1,3500005,3,1,18.0,102,true
2026-02-10,1,1,3500005,4,1,19.0,108,true
2026-02-10,1,1,3500005,5,1,20.0,113,true
2026-02-10,1,1,3500005,6,1,20.0,113,true
2026-02-10,1,1,3500005,7,1,0.0,0,true
2026-02-10,1,1,3500005,8,1,0.0,0,true
2026-02-10,1,1,3500005,9,1,0.0,0,true
2026-02-10,1,1,3500005,10,1,0.0,0,true
2026-02-10,1,1,3500005,11,1,0.0,0,true
2026-02-10,1,1,3500005,12,1,0.0,0,true
2026-02-10,1,1,3500005,13,1,0.0,0,true
2026-02-10,6,1,3500887,1,1,25.0,41,true
2026-02-10,6,1,3500887,2,1,28.0,46,true
2026-02-10,6,1,3500887,3,1,19.0,31,true
2026-02-10,6,1,3500887,4,1,16.0,26,true
2026-02-10,6,1,3500887,5,1,18.0,30,true
2026-02-10,6,1,3500887,6,1,30.0,49,true
2026-02-10,6,1,3500887,7,1,22.0,36,true
2026-02-10,6,1,3500887,8,1,16.0,26,true
2026-02-10,6,1,3500887,9,1,18.0,30,true
2026-02-10,6,1,3500887,10,1,14.0,23,true
2026-02-10,6,1,3500887,11,1,12.0,20,true
2026-02-10,6,1,3500887,12,1,14.0,23,true
2026-02-10,6,1,3500887,13,1,11.0,18,true
2026-02-10,1,2,3500005,1,1,22.0,125,true
2026-02-10,1,2,3500005,2,1,21.0,119,true
2026-02-10,1,2,3500005,3,1,17.0,97,true
2026-02-10,1,2,3500005,4,1,19.0,108,true
2026-02-10,1,2,3500005,5,1,12.0,68,true
2026-02-10,1,2,3500005,6,1,19.0,108,true
2026-02-10,1,2,3500005,7,1,16.0,91,true
2026-02-10,1,2,3500005,8,1,29.0,164,true
2026-02-10,1,2,3500005,9,1,19.0,108,true
2026-02-10,1,2,3500005,10,1,12.0,68,true
2026-02-10,1,2,3500005,11,1,19.0,108,true
2026-02-10,1,2,3500005,12,1,17.0,97,true
2026-02-10,1,2,3500005,13,1,22.0,125,true
2026-02-10,6,2,3500887,1,1,27.0,44,true
2026-02-10,6,2,3500887,2,1,19.0,31,true
2026-02-10,6,2,3500887,3,1,22.0,36,true
2026-02-10,6,2,3500887,4,1,25.0,41,true
2026-02-10,6,2,3500887,5,1,17.0,28,true
2026-02-10,6,2,3500887,6,1,21.0,34,true
2026-02-10,6,2,3500887,7,1,17.0,28,true
2026-02-10,6,2,3500887,8,1,35.0,57,true
2026-02-10,6,2,3500887,9,1,17.0,28,true
2026-02-10,6,2,3500887,10,1,12.0,20,true
2026-02-10,6,2,3500887,11,1,22.0,36,true
2026-02-10,6,2,3500887,12,1,19.0,31,true
2026-02-10,6,2,3500887,13,1,29.0,47,true
2026-02-11,1,3,3500005,1,1,35.0,198,true
2026-02-11,1,3,3500005,2,1,31.0,176,true
2026-02-11,1,3,3500005,3,1,24.0,136,true
2026-02-11,1,3,3500005,4,1,21.0,119,true
2026-02-11,1,3,3500005,5,1,23.0,130,true
2026-02-11,1,3,3500005,6,1,42.0,238,true
2026-02-11,1,3,3500005,7,1,14.0,80,true
2026-02-11,1,3,3500005,8,1,12.0,68,true
2026-02-11,1,3,3500005,9,1,11.0,63,true
2026-02-11,1,3,3500005,10,1,12.0,68,true
2026-02-11,1,3,3500005,11,1,10.0,57,true
2026-02-11,1,3,3500005,12,1,26.0,147,true
2026-02-11,1,3,3500005,13,1,27.0,153,true
2026-02-11,6,3,3500887,1,1,31.0,50,true
2026-02-11,6,3,3500887,2,1,29.0,47,true
2026-02-11,6,3,3500887,3,1,21.0,34,true
2026-02-11,6,3,3500887,4,1,20.0,33,true
2026-02-11,6,3,3500887,5,1,20.0,33,true
2026-02-11,6,3,3500887,6,1,35.0,57,true
2026-02-11,6,3,3500887,7,1,14.0,23,true
2026-02-11,6,3,3500887,8,1,12.0,20,true
2026-02-11,6,3,3500887,9,1,13.0,21,true
2026-02-11,6,3,3500887,10,1,11.0,18,true
2026-02-11,6,3,3500887,11,1,9.0,15,true
2026-02-11,6,3,3500887,12,1,9.0,15,true
2026-02-11,6,3,3500887,13,1,19.0,31,true
2026-02-12,1,3,3500005,1,1,31.0,176,true
2026-02-12,1,3,3500005,2,1,24.0,136,true
2026-02-12,1,3,3500005,3,1,28.0,159,true
2026-02-12,1,3,3500005,4,1,36.0,204,true
2026-02-12,1,3,3500005,5,1,21.0,119,true
2026-02-12,1,3,3500005,6,1,45.0,255,true
2026-02-12,1,3,3500005,7,1,16.0,91,true
2026-02-12,1,3,3500005,8,1,14.0,80,true
2026-02-12,1,3,3500005,9,1,12.0,68,true
2026-02-12,1,3,3500005,10,1,10.0,57,true
2026-02-12,1,3,3500005,11,1,8.0,46,true
2026-02-12,1,3,3500005,12,1,7.0,40,true
2026-02-12,1,3,3500005,13,1,28.0,159,true
2026-02-12,2,3,3500162,1,1,30.0,143,true
2026-02-12,2,3,3500162,2,1,24.0,115,true
2026-02-12,2,3,3500162,3,1,26.0,124,true
2026-02-12,2,3,3500162,4,1,21.0,100,true
2026-02-12,2,3,3500162,5,1,21.0,100,true
2026-02-12,2,3,3500162,6,1,36.0,172,true
2026-02-12,2,3,3500162,7,1,14.0,67,true
2026-02-12,2,3,3500162,8,1,12.0,58,true
2026-02-12,2,3,3500162,9,1,14.0,67,true
2026-02-12,2,3,3500162,10,1,11.0,53,true
2026-02-12,2,3,3500162,11,1,9.0,43,true
2026-02-12,2,3,3500162,12,1,8.0,39,true
2026-02-12,2,3,3500162,13,1,13.0,62,true
2026-02-12,6,3,3500888,1,1,23.0,38,true
2026-02-12,6,3,3500888,2,1,24.0,39,true
2026-02-12,6,3,3500888,3,1,21.0,34,true
2026-02-12,6,3,3500888,4,1,19.0,31,true
2026-02-12,6,3,3500888,5,1,16.0,26,true
2026-02-12,6,3,3500888,6,1,34.0,55,true
2026-02-12,6,3,3500888,7,1,14.0,23,true
2026-02-12,6,3,3500888,8,1,12.0,20,true
2026-02-12,6,3,3500888,9,1,13.0,21,true
2026-02-12,6,3,3500888,10,1,12.0,20,true
2026-02-12,6,3,3500888,11,1,10.0,17,true
2026-02-12,6,3,3500888,12,1,9.0,15,true
2026-02-12,6,3,3500888,13,1,17.0,28,true
2026-02-12,1,1,3500005,1,1,10.0,57,true
2026-02-12,1,1,3500005,2,1,11.0,63,true
2026-02-12,1,1,3500005,3,1,10.0,57,true
2026-02-12,1,1,3500005,4,1,10.0,57,true
2026-02-12,1,1,3500005,5,1,12.0,68,true
2026-02-12,1,1,3500005,6,1,30.0,170,true
2026-02-12,1,1,3500005,7,1,10.0,57,true
2026-02-12,1,1,3500005,8,1,11.0,63,true
2026-02-12,1,1,3500005,9,1,14.0,80,true
2026-02-12,1,1,3500005,10,1,11.0,63,true
2026-02-12,1,1,3500005,11,1,16.0,91,true
2026-02-12,1,1,3500005,12,1,12.0,68,true
2026-02-12,1,1,3500005,13,1,15.0,85,true
2026-02-12,2,1,3500162,1,1,20.0,96,true
2026-02-12,2,1,3500162,2,1,24.0,115,true
2026-02-12,2,1,3500162,3,1,16.0,77,true
2026-02-12,2,1,3500162,4,1,18.0,86,true
2026-02-12,2,1,3500162,5,1,19.0,91,true
2026-02-12,2,1,3500162,6,1,21.0,100,true
2026-02-12,2,1,3500162,7,1,16.0,77,true
2026-02-12,2,1,3500162,8,1,19.0,91,true
2026-02-12,2,1,3500162,9,1,10.0,48,true
2026-02-12,2,1,3500162,10,1,18.0,86,true
2026-02-12,2,1,3500162,11,1,19.0,91,true
2026-02-12,2,1,3500162,12,1,10.0,48,true
2026-02-12,2,1,3500162,13,1,11.0,53,true
2026-02-12,6,1,3500888,1,1,20.0,33,true
2026-02-12,6,1,3500888,2,1,26.0,42,true
2026-02-12,6,1,3500888,3,1,18.0,30,true
2026-02-12,6,1,3500888,4,1,14.0,23,true
2026-02-12,6,1,3500888,5,1,16.0,26,true
2026-02-12,6,1,3500888,6,1,29.0,47,true
2026-02-12,6,1,3500888,7,1,11.0,18,true
2026-02-12,6,1,3500888,8,1,16.0,26,true
2026-02-12,6,1,3500888,9,1,14.0,23,true
2026-02-12,6,1,3500888,10,1,10.0,17,true
2026-02-12,6,1,3500888,11,1,11.0,18,true
2026-02-12,6,1,3500888,12,1,16.0,26,true
2026-02-12,6,1,3500888,13,1,14.0,23,true
2026-02-11,1,2,3500005,1,1,16.0,91,true
2026-02-11,1,2,3500005,2,1,14.0,80,true
2026-02-11,1,2,3500005,3,1,19.0,108,true
2026-02-11,1,2,3500005,4,1,10.0,57,true
2026-02-11,1,2,3500005,5,1,0.0,0,true
2026-02-11,1,2,3500005,6,1,15.0,85,true
2026-02-11,1,2,3500005,7,1,10.0,57,true
2026-02-11,1,2,3500005,8,1,30.0,170,true
2026-02-11,1,2,3500005,9,1,5.0,29,true
2026-02-11,1,2,3500005,10,1,7.0,40,true
2026-02-11,1,2,3500005,11,1,20.0,113,true
2026-02-11,1,2,3500005,12,1,17.0,97,true
2026-02-11,1,2,3500005,13,1,20.0,113,true
2026-02-11,6,2,3500888,1,1,22.0,36,true
2026-02-11,6,2,3500888,2,1,32.0,52,true
2026-02-11,6,2,3500888,3,1,30.0,49,true
2026-02-11,6,2,3500888,4,1,27.0,44,true
2026-02-11,6,2,3500888,5,1,24.0,39,true
2026-02-11,6,2,3500888,6,1,29.0,47,true
2026-02-11,6,2,3500888,7,1,17.0,28,true
2026-02-11,6,2,3500888,8,1,49.0,80,true
2026-02-11,6,2,3500888,9,1,12.0,20,true
2026-02-11,6,2,3500888,10,1,14.0,23,true
2026-02-11,6,2,3500888,11,1,27.0,44,true
2026-02-11,6,2,3500888,12,1,29.0,47,true
2026-02-11,6,2,3500888,13,1,37.0,60,true
2026-02-12,1,2,3500005,1,1,22.0,125,true
2026-02-12,1,2,3500005,2,1,14.0,80,true
2026-02-12,1,2,3500005,3,1,21.0,119,true
2026-02-12,1,2,3500005,4,1,10.0,57,true
2026-02-12,1,2,3500005,5,1,7.0,40,true
2026-02-12,1,2,3500005,6,1,19.0,108,true
2026-02-12,1,2,3500005,7,1,14.0,80,true
2026-02-12,1,2,3500005,8,1,30.0,170,true
2026-02-12,1,2,3500005,9,1,10.0,57,true
2026-02-12,1,2,3500005,10,1,15.0,85,true
2026-02-12,1,2,3500005,11,1,21.0,119,true
2026-02-12,1,2,3500005,12,1,27.0,153,true
2026-02-12,1,2,3500005,13,1,19.0,108,true
2026-02-12,2,2,3500162,1,1,32.0,153,true
2026-02-12,2,2,3500162,2,1,29.0,139,true
2026-02-12,2,2,3500162,3,1,17.0,81,true
2026-02-12,2,2,3500162,4,1,15.0,72,true
2026-02-12,2,2,3500162,5,1,10.0,48,true
2026-02-12,2,2,3500162,6,1,20.0,96,true
2026-02-12,2,2,3500162,7,1,19.0,91,true
2026-02-12,2,2,3500162,8,1,42.0,200,true
2026-02-12,2,2,3500162,9,1,17.0,81,true
2026-02-12,2,2,3500162,10,1,10.0,48,true
2026-02-12,2,2,3500162,11,1,22.0,105,true
2026-02-12,2,2,3500162,12,1,27.0,129,true
2026-02-12,2,2,3500162,13,1,20.0,96,true
2026-02-12,6,2,3500888,1,1,29.0,47,true
2026-02-12,6,2,3500888,2,1,32.0,52,true
2026-02-12,6,2,3500888,3,1,30.0,49,true
2026-02-12,6,2,3500888,4,1,35.0,57,true
2026-02-12,6,2,3500888,5,1,24.0,39,true
2026-02-12,6,2,3500888,6,1,22.0,36,true
2026-02-12,6,2,3500888,7,1,30.0,49,true
2026-02-12,6,2,3500888,8,1,50.0,81,true
2026-02-12,6,2,3500888,9,1,20.0,33,true
2026-02-12,6,2,3500888,10,1,17.0,28,true
2026-02-12,6,2,3500888,11,1,39.0,63,true
2026-02-12,6,2,3500888,12,1,27.0,44,true
2026-02-12,6,2,3500888,13,1,31.0,50,true
2026-02-13,1,3,3500005,1,1,31.0,176,true
2026-02-13,1,3,3500005,2,1,30.0,170,true
2026-02-13,1,3,3500005,3,1,29.0,164,true
2026-02-13,1,3,3500005,4,1,23.0,130,true
2026-02-13,1,3,3500005,5,1,21.0,119,true
2026-02-13,1,3,3500005,6,1,32.0,181,true
2026-02-13,1,3,3500005,7,1,14.0,80,true
2026-02-13,1,3,3500005,8,1,12.0,68,true
2026-02-13,1,3,3500005,9,1,10.0,57,true
2026-02-13,1,3,3500005,10,1,11.0,63,true
2026-02-13,1,3,3500005,11,1,9.0,51,true
2026-02-13,1,3,3500005,12,1,11.0,63,true
2026-02-13,1,3,3500005,13,1,21.0,119,true
2026-02-13,2,3,3500162,1,1,29.0,139,true
2026-02-13,2,3,3500162,2,1,28.0,134,true
2026-02-13,2,3,3500162,3,1,23.0,110,true
2026-02-13,2,3,3500162,4,1,24.0,115,true
2026-02-13,2,3,3500162,5,1,21.0,100,true
2026-02-13,2,3,3500162,6,1,40.0,191,true
2026-02-13,2,3,3500162,7,1,14.0,67,true
2026-02-13,2,3,3500162,8,1,12.0,58,true
2026-02-13,2,3,3500162,9,1,11.0,53,true
2026-02-13,2,3,3500162,10,1,11.0,53,true
2026-02-13,2,3,3500162,11,1,10.0,48,true
2026-02-13,2,3,3500162,12,1,9.0,43,true
2026-02-13,2,3,3500162,13,1,18.0,86,true
2026-02-13,6,3,3500888,1,1,31.0,50,true
2026-02-13,6,3,3500888,2,1,24.0,39,true
2026-02-13,6,3,3500888,3,1,26.0,42,true
2026-02-13,6,3,3500888,4,1,21.0,34,true
2026-02-13,6,3,3500888,5,1,23.0,38,true
2026-02-13,6,3,3500888,6,1,49.0,80,true
2026-02-13,6,3,3500888,7,1,16.0,26,true
2026-02-13,6,3,3500888,8,1,14.0,23,true
2026-02-13,6,3,3500888,9,1,12.0,20,true
2026-02-13,6,3,3500888,10,1,11.0,18,true
2026-02-13,6,3,3500888,11,1,14.0,23,true
2026-02-13,6,3,3500888,12,1,11.0,18,true
2026-02-13,6,3,3500888,13,1,22.0,36,true
2026-02-14,2,3,3500162,1,1,30.0,143,true
2026-02-14,2,3,3500162,2,1,29.0,139,true
2026-02-14,2,3,3500162,3,1,31.0,148,true
2026-02-14,2,3,3500162,4,1,26.0,124,true
2026-02-14,2,3,3500162,5,1,21.0,100,true
2026-02-14,2,3,3500162,6,1,39.0,186,true
2026-02-14,2,3,3500162,7,1,17.0,81,true
2026-02-14,2,3,3500162,8,1,16.0,77,true
2026-02-14,2,3,3500162,9,1,14.0,67,true
2026-02-14,2,3,3500162,10,1,12.0,58,true
2026-02-14,2,3,3500162,11,1,10.0,48,true
2026-02-14,2,3,3500162,12,1,11.0,53,true
2026-02-14,2,3,3500162,13,1,20.0,96,true
2026-02-14,6,3,3500888,1,1,30.0,49,true
2026-02-14,6,3,3500888,2,1,29.0,47,true
2026-02-14,6,3,3500888,3,1,21.0,34,true
2026-02-14,6,3,3500888,4,1,21.0,34,true
2026-02-14,6,3,3500888,5,1,11.0,18,true
2026-02-14,6,3,3500888,6,1,32.0,52,true
2026-02-14,6,3,3500888,7,1,6.0,10,true
2026-02-14,6,3,3500888,8,1,8.0,13,true
2026-02-14,6,3,3500888,9,1,7.0,12,true
2026-02-14,6,3,3500888,10,1,4.0,7,true
2026-02-14,6,3,3500888,11,1,2.0,4,true
2026-02-14,6,3,3500888,12,1,1.0,2,true
2026-02-14,6,3,3500888,13,1,9.0,15,true
2026-02-13,1,1,3500005,1,1,19.0,108,true
2026-02-13,1,1,3500005,2,1,19.0,108,true
2026-02-13,1,1,3500005,3,1,12.0,68,true
2026-02-13,1,1,3500005,4,1,0.0,0,true
2026-02-13,1,1,3500005,5,1,16.0,91,true
2026-02-13,1,1,3500005,6,1,0.0,0,true
2026-02-13,1,1,3500005,7,1,21.0,119,true
2026-02-13,1,1,3500005,8,1,16.0,91,true
2026-02-13,1,1,3500005,9,1,19.0,108,true
2026-02-13,1,1,3500005,10,1,12.0,68,true
2026-02-13,1,1,3500005,11,1,21.0,119,true
2026-02-13,1,1,3500005,12,1,19.0,108,true
2026-02-13,1,1,3500005,13,1,39.0,221,true
2026-02-13,2,1,3500162,1,1,22.0,105,true
2026-02-13,2,1,3500162,2,1,26.0,124,true
2026-02-13,2,1,3500162,3,1,19.0,91,true
2026-02-13,2,1,3500162,4,1,22.0,105,true
2026-02-13,2,1,3500162,5,1,19.0,91,true
2026-02-13,2,1,3500162,6,1,44.0,210,true
2026-02-13,2,1,3500162,7,1,32.0,153,true
2026-02-13,2,1,3500162,8,1,16.0,77,true
2026-02-13,2,1,3500162,9,1,12.0,58,true
2026-02-13,2,1,3500162,10,1,24.0,115,true
2026-02-13,2,1,3500162,11,1,24.0,115,true
2026-02-13,2,1,3500162,12,1,18.0,86,true
2026-02-13,2,1,3500162,13,1,36.0,172,true
2026-02-13,6,1,3500888,1,1,27.0,44,true
2026-02-13,6,1,3500888,2,1,29.0,47,true
2026-02-13,6,1,3500888,3,1,18.0,30,true
2026-02-13,6,1,3500888,4,1,21.0,34,true
2026-02-13,6,1,3500888,5,1,19.0,31,true
2026-02-13,6,1,3500888,6,1,37.0,60,true
2026-02-13,6,1,3500888,7,1,19.0,31,true
2026-02-13,6,1,3500888,8,1,22.0,36,true
2026-02-13,6,1,3500888,9,1,21.0,34,true
2026-02-13,6,1,3500888,10,1,16.0,26,true
2026-02-13,6,1,3500888,11,1,23.0,38,true
2026-02-13,6,1,3500888,12,1,23.0,38,true
2026-02-13,6,1,3500888,13,1,48.0,78,true
2026-02-17,1,1,3500005,1,1,22.0,125,true
2026-02-17,1,1,3500005,2,1,29.0,164,true
2026-02-17,1,1,3500005,3,1,17.0,97,true
2026-02-17,1,1,3500005,4,1,10.0,57,true
2026-02-17,1,1,3500005,5,1,11.0,63,true
2026-02-17,1,1,3500005,6,1,14.0,80,true
2026-02-17,1,1,3500005,7,1,10.0,57,true
2026-02-17,1,1,3500005,8,1,29.0,164,true
2026-02-17,1,1,3500005,9,1,10.0,57,true
2026-02-17,1,1,3500005,10,1,12.0,68,true
2026-02-17,1,1,3500005,11,1,21.0,119,true
2026-02-17,1,1,3500005,12,1,22.0,125,true
2026-02-17,1,1,3500005,13,1,20.0,113,true
2026-02-17,2,1,3500162,1,1,29.0,139,true
2026-02-17,2,1,3500162,2,1,31.0,148,true
2026-02-17,2,1,3500162,3,1,34.0,162,true
2026-02-17,2,1,3500162,4,1,17.0,81,true
2026-02-17,2,1,3500162,5,1,12.0,58,true
2026-02-17,2,1,3500162,6,1,19.0,91,true
2026-02-17,2,1,3500162,7,1,10.0,48,true
2026-02-17,2,1,3500162,8,1,37.0,177,true
2026-02-17,2,1,3500162,9,1,10.0,48,true
2026-02-17,2,1,3500162,10,1,14.0,67,true
2026-02-17,2,1,3500162,11,1,21.0,100,true
2026-02-17,2,1,3500162,12,1,24.0,115,true
2026-02-17,2,1,3500162,13,1,20.0,96,true
2026-02-17,1,2,3500005,1,1,16.0,91,true
2026-02-17,1,2,3500005,2,1,22.0,125,true
2026-02-17,1,2,3500005,3,1,17.0,97,true
2026-02-17,1,2,3500005,4,1,10.0,57,true
2026-02-17,1,2,3500005,5,1,14.0,80,true
2026-02-17,1,2,3500005,6,1,16.0,91,true
2026-02-17,1,2,3500005,7,1,15.0,85,true
2026-02-17,1,2,3500005,8,1,28.0,159,true
2026-02-17,1,2,3500005,9,1,32.0,181,true
2026-02-17,1,2,3500005,10,1,14.0,80,true
2026-02-17,1,2,3500005,11,1,25.0,142,true
2026-02-17,1,2,3500005,12,1,27.0,153,true
2026-02-17,1,2,3500005,13,1,16.0,91,true
2026-02-17,2,2,3500162,1,1,32.0,153,true
2026-02-17,2,2,3500162,2,1,17.0,81,true
2026-02-17,2,2,3500162,3,1,25.0,120,true
2026-02-17,2,2,3500162,4,1,33.0,158,true
2026-02-17,2,2,3500162,5,1,18.0,86,true
2026-02-17,2,2,3500162,6,1,22.0,105,true
2026-02-17,2,2,3500162,7,1,15.0,72,true
2026-02-17,2,2,3500162,8,1,23.0,110,true
2026-02-17,2,2,3500162,9,1,18.0,86,true
2026-02-17,2,2,3500162,10,1,25.0,120,true
2026-02-17,2,2,3500162,11,1,17.0,81,true
2026-02-17,2,2,3500162,12,1,22.0,105,true
2026-02-17,2,2,3500162,13,1,32.0,153,true
2026-02-18,1,1,3500005,1,1,24.0,136,true
2026-02-18,1,1,3500005,2,1,17.0,97,true
2026-02-18,1,1,3500005,3,1,21.0,119,true
2026-02-18,1,1,3500005,4,1,24.0,136,true
2026-02-18,1,1,3500005,5,1,12.0,68,true
2026-02-18,1,1,3500005,6,1,17.0,97,true
2026-02-18,1,1,3500005,7,1,19.0,108,true
2026-02-18,1,1,3500005,8,1,34.0,193,true
2026-02-18,1,1,3500005,9,1,17.0,97,true
2026-02-18,1,1,3500005,10,1,12.0,68,true
2026-02-18,1,1,3500005,11,1,27.0,153,true
2026-02-18,1,1,3500005,12,1,21.0,119,true
2026-02-18,1,1,3500005,13,1,20.0,113,true
2026-02-18,2,1,3500162,1,1,34.0,162,true
2026-02-18,2,1,3500162,2,1,17.0,81,true
2026-02-18,2,1,3500162,3,1,22.0,105,true
2026-02-18,2,1,3500162,4,1,19.0,91,true
2026-02-18,2,1,3500162,5,1,22.0,105,true
2026-02-18,2,1,3500162,6,1,16.0,77,true
2026-02-18,2,1,3500162,7,1,21.0,100,true
2026-02-18,2,1,3500162,8,1,40.0,191,true
2026-02-18,2,1,3500162,9,1,19.0,91,true
2026-02-18,2,1,3500162,10,1,14.0,67,true
2026-02-18,2,1,3500162,11,1,29.0,139,true
2026-02-18,2,1,3500162,12,1,30.0,143,true
2026-02-18,2,1,3500162,13,1,29.0,139,true
2026-02-18,1,2,3500005,1,1,31.0,176,true
2026-02-18,1,2,3500005,2,1,26.0,147,true
2026-02-18,1,2,3500005,3,1,27.0,153,true
2026-02-18,1,2,3500005,4,1,22.0,125,true
2026-02-18,1,2,3500005,5,1,23.0,130,true
2026-02-18,1,2,3500005,6,1,40.0,226,true
2026-02-18,1,2,3500005,7,1,14.0,80,true
2026-02-18,1,2,3500005,8,1,12.0,68,true
2026-02-18,1,2,3500005,9,1,16.0,91,true
2026-02-18,1,2,3500005,10,1,11.0,63,true
2026-02-18,1,2,3500005,11,1,12.0,68,true
2026-02-18,1,2,3500005,12,1,13.0,74,true
2026-02-18,1,2,3500005,13,1,21.0,119,true
2026-02-18,2,2,3500162,1,1,29.0,139,true
2026-02-18,2,2,3500162,2,1,26.0,124,true
2026-02-18,2,2,3500162,3,1,21.0,100,true
2026-02-18,2,2,3500162,4,1,20.0,96,true
2026-02-18,2,2,3500162,5,1,20.0,96,true
2026-02-18,2,2,3500162,6,1,34.0,162,true
2026-02-18,2,2,3500162,7,1,14.0,67,true
2026-02-18,2,2,3500162,8,1,12.0,58,true
2026-02-18,2,2,3500162,9,1,12.0,58,true
2026-02-18,2,2,3500162,10,1,12.0,58,true
2026-02-18,2,2,3500162,11,1,11.0,53,true
2026-02-18,2,2,3500162,12,1,10.0,48,true
2026-02-18,2,2,3500162,13,1,19.0,91,true
2026-02-19,1,1,3500005,1,1,24.0,136,true
2026-02-19,1,1,3500005,2,1,18.0,102,true
2026-02-19,1,1,3500005,3,1,9.0,51,true
2026-02-19,1,1,3500005,4,1,14.0,80,true
2026-02-19,1,1,3500005,5,1,10.0,57,true
2026-02-19,1,1,3500005,6,1,17.0,97,true
2026-02-19,1,1,3500005,7,1,11.0,63,true
2026-02-19,1,1,3500005,8,1,29.0,164,true
2026-02-19,1,1,3500005,9,1,10.0,57,true
2026-02-19,1,1,3500005,10,1,14.0,80,true
2026-02-19,1,1,3500005,11,1,22.0,125,true
2026-02-19,1,1,3500005,12,1,21.0,119,true
2026-02-19,1,1,3500005,13,1,19.0,108,true
2026-02-19,2,1,3500162,1,1,30.0,143,true
2026-02-19,2,1,3500162,2,1,27.0,129,true
2026-02-19,2,1,3500162,3,1,17.0,81,true
2026-02-19,2,1,3500162,4,1,10.0,48,true
2026-02-19,2,1,3500162,5,1,10.0,48,true
2026-02-19,2,1,3500162,6,1,14.0,67,true
2026-02-19,2,1,3500162,7,1,12.0,58,true
2026-02-19,2,1,3500162,8,1,37.0,177,true
2026-02-19,2,1,3500162,9,1,10.0,48,true
2026-02-19,2,1,3500162,10,1,12.0,58,true
2026-02-19,2,1,3500162,11,1,24.0,115,true
2026-02-19,2,1,3500162,12,1,19.0,91,true
2026-02-19,2,1,3500162,13,1,24.0,115,true
2026-02-19,1,3,3500005,1,1,9.0,51,true
2026-02-19,1,3,3500005,2,1,10.0,57,true
2026-02-19,1,3,3500005,3,1,11.0,63,true
2026-02-19,1,3,3500005,4,1,12.0,68,true
2026-02-19,1,3,3500005,5,1,10.0,57,true
2026-02-19,1,3,3500005,6,1,23.0,130,true
2026-02-19,1,3,3500005,7,1,11.0,63,true
2026-02-19,1,3,3500005,8,1,10.0,57,true
2026-02-19,1,3,3500005,9,1,11.0,63,true
2026-02-19,1,3,3500005,10,1,14.0,80,true
2026-02-19,1,3,3500005,11,1,10.0,57,true
2026-02-19,1,3,3500005,12,1,10.0,57,true
2026-02-19,1,3,3500005,13,1,11.0,63,true
2026-02-19,2,3,3500162,1,1,10.0,48,true
2026-02-19,2,3,3500162,2,1,20.0,96,true
2026-02-19,2,3,3500162,3,1,22.0,105,true
2026-02-19,2,3,3500162,4,1,16.0,77,true
2026-02-19,2,3,3500162,5,1,18.0,86,true
2026-02-19,2,3,3500162,6,1,21.0,100,true
2026-02-19,2,3,3500162,7,1,12.0,58,true
2026-02-19,2,3,3500162,8,1,16.0,77,true
2026-02-19,2,3,3500162,9,1,10.0,48,true
2026-02-19,2,3,3500162,10,1,10.0,48,true
2026-02-19,2,3,3500162,11,1,11.0,53,true
2026-02-19,2,3,3500162,12,1,14.0,67,true
2026-02-19,2,3,3500162,13,1,10.0,48,true
2026-02-19,1,3,3500005,1,2,29.0,164,true
2026-02-19,1,3,3500005,2,2,23.0,130,true
2026-02-19,1,3,3500005,3,2,22.0,125,true
2026-02-19,1,3,3500005,4,2,21.0,119,true
2026-02-19,1,3,3500005,5,2,19.0,108,true
2026-02-19,1,3,3500005,6,2,28.0,159,true
2026-02-19,1,3,3500005,7,2,14.0,80,true
2026-02-19,1,3,3500005,8,2,12.0,68,true
2026-02-19,1,3,3500005,9,2,12.0,68,true
2026-02-19,1,3,3500005,10,2,12.0,68,true
2026-02-19,1,3,3500005,11,2,11.0,63,true
2026-02-19,1,3,3500005,12,2,11.0,63,true
2026-02-19,1,3,3500005,13,2,18.0,102,true
2026-02-19,2,3,3500162,1,2,30.0,143,true
2026-02-19,2,3,3500162,2,2,24.0,115,true
2026-02-19,2,3,3500162,3,2,31.0,148,true
2026-02-19,2,3,3500162,4,2,21.0,100,true
2026-02-19,2,3,3500162,5,2,24.0,115,true
2026-02-19,2,3,3500162,6,2,44.0,210,true
2026-02-19,2,3,3500162,7,2,16.0,77,true
2026-02-19,2,3,3500162,8,2,12.0,58,true
2026-02-19,2,3,3500162,9,2,11.0,53,true
2026-02-19,2,3,3500162,10,2,19.0,91,true
2026-02-19,2,3,3500162,11,2,19.0,91,true
2026-02-19,2,3,3500162,12,2,19.0,91,true
2026-02-19,2,3,3500162,13,2,36.0,172,true
2026-02-20,1,2,3500005,1,1,28.0,159,true
2026-02-20,1,2,3500005,2,1,23.0,130,true
2026-02-20,1,2,3500005,3,1,19.0,108,true
2026-02-20,1,2,3500005,4,1,14.0,80,true
2026-02-20,1,2,3500005,5,1,17.0,97,true
2026-02-20,1,2,3500005,6,1,37.0,210,true
2026-02-20,1,2,3500005,7,1,13.0,74,true
2026-02-20,1,2,3500005,8,1,14.0,80,true
2026-02-20,1,2,3500005,9,1,12.0,68,true
2026-02-20,1,2,3500005,10,1,11.0,63,true
2026-02-20,1,2,3500005,11,1,11.0,63,true
2026-02-20,1,2,3500005,12,1,11.0,63,true
2026-02-20,1,2,3500005,13,1,17.0,97,true
2026-02-20,2,2,3500162,1,1,31.0,148,true
2026-02-20,2,2,3500162,2,1,24.0,115,true
2026-02-20,2,2,3500162,3,1,23.0,110,true
2026-02-20,2,2,3500162,4,1,21.0,100,true
2026-02-20,2,2,3500162,5,1,22.0,105,true
2026-02-20,2,2,3500162,6,1,41.0,196,true
2026-02-20,2,2,3500162,7,1,16.0,77,true
2026-02-20,2,2,3500162,8,1,17.0,81,true
2026-02-20,2,2,3500162,9,1,19.0,91,true
2026-02-20,2,2,3500162,10,1,16.0,77,true
2026-02-20,2,2,3500162,11,1,14.0,67,true
2026-02-20,2,2,3500162,12,1,12.0,58,true
2026-02-20,2,2,3500162,13,1,23.0,110,true
2026-02-21,1,2,3500005,1,1,29.0,164,true
2026-02-21,1,2,3500005,2,1,31.0,176,true
2026-02-21,1,2,3500005,3,1,26.0,147,true
2026-02-21,1,2,3500005,4,1,26.0,147,true
2026-02-21,1,2,3500005,5,1,25.0,142,true
2026-02-21,1,2,3500005,6,1,43.0,243,true
2026-02-21,1,2,3500005,7,1,16.0,91,true
2026-02-21,1,2,3500005,8,1,16.0,91,true
2026-02-21,1,2,3500005,9,1,16.0,91,true
2026-02-21,1,2,3500005,10,1,16.0,91,true
2026-02-21,1,2,3500005,11,1,14.0,80,true
2026-02-21,1,2,3500005,12,1,12.0,68,true
2026-02-21,1,2,3500005,13,1,22.0,125,true
2026-02-21,2,2,3500162,1,1,31.0,148,true
2026-02-21,2,2,3500162,2,1,28.0,134,true
2026-02-21,2,2,3500162,3,1,26.0,124,true
2026-02-21,2,2,3500162,4,1,24.0,115,true
2026-02-21,2,2,3500162,5,1,24.0,115,true
2026-02-21,2,2,3500162,6,1,43.0,205,true
2026-02-21,2,2,3500162,7,1,16.0,77,true
2026-02-21,2,2,3500162,8,1,14.0,67,true
2026-02-21,2,2,3500162,9,1,14.0,67,true
2026-02-21,2,2,3500162,10,1,12.0,58,true
2026-02-21,2,2,3500162,11,1,13.0,62,true
2026-02-21,2,2,3500162,12,1,13.0,62,true
2026-02-21,2,2,3500162,13,1,20.0,96,true
2026-02-22,1,3,3500005,1,1,16.0,91,true
2026-02-22,1,3,3500005,2,1,18.0,102,true
2026-02-22,1,3,3500005,3,1,12.0,68,true
2026-02-22,1,3,3500005,4,1,19.0,108,true
2026-02-22,1,3,3500005,5,1,16.0,91,true
2026-02-22,1,3,3500005,6,1,37.0,210,true
2026-02-22,1,3,3500005,7,1,11.0,63,true
2026-02-22,1,3,3500005,8,1,12.0,68,true
2026-02-22,1,3,3500005,9,1,14.0,80,true
2026-02-22,1,3,3500005,10,1,16.0,91,true
2026-02-22,1,3,3500005,11,1,11.0,63,true
2026-02-22,1,3,3500005,12,1,12.0,68,true
2026-02-22,1,3,3500005,13,1,16.0,91,true
2026-02-22,2,3,3500162,1,1,10.0,48,true
2026-02-22,2,3,3500162,2,1,11.0,53,true
2026-02-22,2,3,3500162,3,1,12.0,58,true
2026-02-22,2,3,3500162,4,1,10.0,48,true
2026-02-22,2,3,3500162,5,1,11.0,53,true
2026-02-22,2,3,3500162,6,1,21.0,100,true
2026-02-22,2,3,3500162,7,1,11.0,53,true
2026-02-22,2,3,3500162,8,1,12.0,58,true
2026-02-22,2,3,3500162,9,1,10.0,48,true
2026-02-22,2,3,3500162,10,1,11.0,53,true
2026-02-22,2,3,3500162,11,1,11.0,53,true
2026-02-22,2,3,3500162,12,1,11.0,53,true
2026-02-22,2,3,3500162,13,1,22.0,105,true
2026-02-23,1,3,3500005,1,1,32.0,181,true
2026-02-23,1,3,3500005,2,1,23.0,130,true
2026-02-23,1,3,3500005,3,1,19.0,108,true
2026-02-23,1,3,3500005,4,1,17.0,97,true
2026-02-23,1,3,3500005,5,1,18.0,102,true
2026-02-23,1,3,3500005,6,1,45.0,255,true
2026-02-23,1,3,3500005,7,1,14.0,80,true
2026-02-23,1,3,3500005,8,1,11.0,63,true
2026-02-23,1,3,3500005,9,1,11.0,63,true
2026-02-23,1,3,3500005,10,1,9.0,51,true
2026-02-23,1,3,3500005,11,1,13.0,74,true
2026-02-23,1,3,3500005,12,1,15.0,85,true
2026-02-23,1,3,3500005,13,1,17.0,97,true
2026-02-22,1,2,3500005,1,1,26.0,147,true
2026-02-22,1,2,3500005,2,1,24.0,136,true
2026-02-22,1,2,3500005,3,1,22.0,125,true
2026-02-22,1,2,3500005,4,1,21.0,119,true
2026-02-22,1,2,3500005,5,1,26.0,147,true
2026-02-22,1,2,3500005,6,1,41.0,232,true
2026-02-22,1,2,3500005,7,1,16.0,91,true
2026-02-22,1,2,3500005,8,1,13.0,74,true
2026-02-22,1,2,3500005,9,1,12.0,68,true
2026-02-22,1,2,3500005,10,1,11.0,63,true
2026-02-22,1,2,3500005,11,1,11.0,63,true
2026-02-22,1,2,3500005,12,1,10.0,57,true
2026-02-22,1,2,3500005,13,1,20.0,113,true
2026-02-22,2,2,3500162,1,1,31.0,148,true
2026-02-22,2,2,3500162,2,1,24.0,115,true
2026-02-22,2,2,3500162,3,1,26.0,124,true
2026-02-22,2,2,3500162,4,1,26.0,124,true
2026-02-22,2,2,3500162,5,1,24.0,115,true
2026-02-22,2,2,3500162,6,1,43.0,205,true
2026-02-22,2,2,3500162,7,1,16.0,77,true
2026-02-22,2,2,3500162,8,1,11.0,53,true
2026-02-22,2,2,3500162,9,1,12.0,58,true
2026-02-22,2,2,3500162,10,1,16.0,77,true
2026-02-22,2,2,3500162,11,1,14.0,67,true
2026-02-22,2,2,3500162,12,1,13.0,62,true
2026-02-22,2,2,3500162,13,1,23.0,110,true
2026-02-24,1,1,3500005,1,1,30.0,170,true
2026-02-24,1,1,3500005,2,1,26.0,147,true
2026-02-24,1,1,3500005,3,1,26.0,147,true
2026-02-24,1,1,3500005,4,1,24.0,136,true
2026-02-24,1,1,3500005,5,1,21.0,119,true
2026-02-24,1,1,3500005,6,1,42.0,238,true
2026-02-24,1,1,3500005,7,1,16.0,91,true
2026-02-24,1,1,3500005,8,1,14.0,80,true
2026-02-24,1,1,3500005,9,1,12.0,68,true
2026-02-24,1,1,3500005,10,1,13.0,74,true
2026-02-24,1,1,3500005,11,1,13.0,74,true
2026-02-24,1,1,3500005,12,1,11.0,63,true
2026-02-24,1,1,3500005,13,1,21.0,119,true
2026-02-24,2,1,3501430,1,1,31.0,97,true
2026-02-24,2,1,3501430,2,1,29.0,91,true
2026-02-24,2,1,3501430,3,1,28.0,88,true
2026-02-24,2,1,3501430,4,1,27.0,85,true
2026-02-24,2,1,3501430,5,1,21.0,66,true
2026-02-24,2,1,3501430,6,1,42.0,131,true
2026-02-24,2,1,3501430,7,1,16.0,50,true
2026-02-24,2,1,3501430,8,1,16.0,50,true
2026-02-24,2,1,3501430,9,1,16.0,50,true
2026-02-24,2,1,3501430,10,1,14.0,44,true
2026-02-24,2,1,3501430,11,1,14.0,44,true
2026-02-24,2,1,3501430,12,1,14.0,44,true
2026-02-24,2,1,3501430,13,1,26.0,82,true
2026-02-24,6,1,3500888,1,1,29.0,47,true
2026-02-24,6,1,3500888,2,1,21.0,34,true
2026-02-24,6,1,3500888,3,1,21.0,34,true
2026-02-24,6,1,3500888,4,1,21.0,34,true
2026-02-24,6,1,3500888,5,1,21.0,34,true
2026-02-24,6,1,3500888,6,1,43.0,70,true
2026-02-24,6,1,3500888,7,1,16.0,26,true
2026-02-24,6,1,3500888,8,1,16.0,26,true
2026-02-24,6,1,3500888,9,1,14.0,23,true
2026-02-24,6,1,3500888,10,1,12.0,20,true
2026-02-24,6,1,3500888,11,1,12.0,20,true
2026-02-24,6,1,3500888,12,1,12.0,20,true
2026-02-24,6,1,3500888,13,1,23.0,38,true
2026-02-25,1,1,3500005,1,1,31.0,176,true
2026-02-25,1,1,3500005,2,1,26.0,147,true
2026-02-25,1,1,3500005,3,1,21.0,119,true
2026-02-25,1,1,3500005,4,1,21.0,119,true
2026-02-25,1,1,3500005,5,1,21.0,119,true
2026-02-25,1,1,3500005,6,1,41.0,232,true
2026-02-25,1,1,3500005,7,1,16.0,91,true
2026-02-25,1,1,3500005,8,1,11.0,63,true
2026-02-25,1,1,3500005,9,1,14.0,80,true
2026-02-25,1,1,3500005,10,1,12.0,68,true
2026-02-25,1,1,3500005,11,1,11.0,63,true
2026-02-25,1,1,3500005,12,1,10.0,57,true
2026-02-25,1,1,3500005,13,1,26.0,147,true
2026-02-25,2,1,3501430,1,1,29.0,91,true
2026-02-25,2,1,3501430,2,1,21.0,66,true
2026-02-25,2,1,3501430,3,1,21.0,66,true
2026-02-25,2,1,3501430,4,1,22.0,69,true
2026-02-25,2,1,3501430,5,1,21.0,66,true
2026-02-25,2,1,3501430,6,1,41.0,128,true
2026-02-25,2,1,3501430,7,1,14.0,44,true
2026-02-25,2,1,3501430,8,1,12.0,38,true
2026-02-25,2,1,3501430,9,1,12.0,38,true
2026-02-25,2,1,3501430,10,1,22.0,69,true
2026-02-25,2,1,3501430,11,1,14.0,44,true
2026-02-25,2,1,3501430,12,1,12.0,38,true
2026-02-25,2,1,3501430,13,1,22.0,69,true
2026-02-25,6,1,3500888,1,1,31.0,50,true
2026-02-25,6,1,3500888,2,1,29.0,47,true
2026-02-25,6,1,3500888,3,1,20.0,33,true
2026-02-25,6,1,3500888,4,1,21.0,34,true
2026-02-25,6,1,3500888,5,1,31.0,50,true
2026-02-25,6,1,3500888,6,1,41.0,67,true
2026-02-25,6,1,3500888,7,1,16.0,26,true
2026-02-25,6,1,3500888,8,1,14.0,23,true
2026-02-25,6,1,3500888,9,1,12.0,20,true
2026-02-25,6,1,3500888,10,1,12.0,20,true
2026-02-25,6,1,3500888,11,1,12.0,20,true
2026-02-25,6,1,3500888,12,1,12.0,20,true
2026-02-25,6,1,3500888,13,1,24.0,39,true
2026-02-25,1,3,3500005,1,1,9.0,51,true
2026-02-25,1,3,3500005,2,1,19.0,108,true
2026-02-25,1,3,3500005,3,1,17.0,97,true
2026-02-25,1,3,3500005,4,1,12.0,68,true
2026-02-25,1,3,3500005,5,1,10.0,57,true
2026-02-25,1,3,3500005,6,1,19.0,108,true
2026-02-25,1,3,3500005,7,1,10.0,57,true
2026-02-25,1,3,3500005,8,1,32.0,181,true
2026-02-25,1,3,3500005,9,1,14.0,80,true
2026-02-25,1,3,3500005,10,1,10.0,57,true
2026-02-25,1,3,3500005,11,1,21.0,119,true
2026-02-25,1,3,3500005,12,1,18.0,102,true
2026-02-25,1,3,3500005,13,1,15.0,85,true
2026-02-25,2,3,3501430,1,1,28.0,88,true
2026-02-25,2,3,3501430,2,1,22.0,69,true
2026-02-25,2,3,3501430,3,1,21.0,66,true
2026-02-25,2,3,3501430,4,1,10.0,32,true
2026-02-25,2,3,3501430,5,1,15.0,47,true
2026-02-25,2,3,3501430,6,1,20.0,63,true
2026-02-25,2,3,3501430,7,1,19.0,60,true
2026-02-25,2,3,3501430,8,1,37.0,116,true
2026-02-25,2,3,3501430,9,1,12.0,38,true
2026-02-25,2,3,3501430,10,1,16.0,50,true
2026-02-25,2,3,3501430,11,1,22.0,69,true
2026-02-25,2,3,3501430,12,1,20.0,63,true
2026-02-25,2,3,3501430,13,1,19.0,60,true
2026-02-25,6,3,3500888,1,1,32.0,52,true
2026-02-25,6,3,3500888,2,1,27.0,44,true
2026-02-25,6,3,3500888,3,1,19.0,31,true
2026-02-25,6,3,3500888,4,1,22.0,36,true
2026-02-25,6,3,3500888,5,1,17.0,28,true
2026-02-25,6,3,3500888,6,1,20.0,33,true
2026-02-25,6,3,3500888,7,1,12.0,20,true
2026-02-25,6,3,3500888,8,1,42.0,68,true
2026-02-25,6,3,3500888,9,1,17.0,28,true
2026-02-25,6,3,3500888,10,1,10.0,17,true
2026-02-25,6,3,3500888,11,1,32.0,52,true
2026-02-25,6,3,3500888,12,1,20.0,33,true
2026-02-25,6,3,3500888,13,1,24.0,39,true
2026-02-26,1,3,3500005,1,1,21.0,119,true
2026-02-26,1,3,3500005,2,1,22.0,125,true
2026-02-26,1,3,3500005,3,1,19.0,108,true
2026-02-26,1,3,3500005,4,1,16.0,91,true
2026-02-26,1,3,3500005,5,1,10.0,57,true
2026-02-26,1,3,3500005,6,1,9.0,51,true
2026-02-26,1,3,3500005,7,1,7.0,40,true
2026-02-26,1,3,3500005,8,1,34.0,193,true
2026-02-26,1,3,3500005,9,1,19.0,108,true
2026-02-26,1,3,3500005,10,1,10.0,57,true
2026-02-26,1,3,3500005,11,1,22.0,125,true
2026-02-26,1,3,3500005,12,1,20.0,113,true
2026-02-26,1,3,3500005,13,1,18.0,102,true
2026-02-26,2,3,3501430,1,1,25.0,78,true
2026-02-26,2,3,3501430,2,1,15.0,47,true
2026-02-26,2,3,3501430,3,1,12.0,38,true
2026-02-26,2,3,3501430,4,1,11.0,35,true
2026-02-26,2,3,3501430,5,1,16.0,50,true
2026-02-26,2,3,3501430,6,1,20.0,63,true
2026-02-26,2,3,3501430,7,1,21.0,66,true
2026-02-26,2,3,3501430,8,1,37.0,116,true
2026-02-26,2,3,3501430,9,1,10.0,32,true
2026-02-26,2,3,3501430,10,1,14.0,44,true
2026-02-26,2,3,3501430,11,1,24.0,75,true
2026-02-26,2,3,3501430,12,1,21.0,66,true
2026-02-26,2,3,3501430,13,1,25.0,78,true
2026-02-26,6,3,3500888,1,1,21.0,34,true
2026-02-26,6,3,3500888,2,1,19.0,31,true
2026-02-26,6,3,3500888,3,1,10.0,17,true
2026-02-26,6,3,3500888,4,1,19.0,31,true
2026-02-26,6,3,3500888,5,1,21.0,34,true
2026-02-26,6,3,3500888,6,1,24.0,39,true
2026-02-26,6,3,3500888,7,1,17.0,28,true
2026-02-26,6,3,3500888,8,1,39.0,63,true
2026-02-26,6,3,3500888,9,1,21.0,34,true
2026-02-26,6,3,3500888,10,1,19.0,31,true
2026-02-26,6,3,3500888,11,1,21.0,34,true
2026-02-26,6,3,3500888,12,1,27.0,44,true
2026-02-26,6,3,3500888,13,1,25.0,41,true
2026-02-26,1,1,3500005,1,1,31.0,176,true
2026-02-26,1,1,3500005,2,1,29.0,164,true
2026-02-26,1,1,3500005,3,1,21.0,119,true
2026-02-26,1,1,3500005,4,1,21.0,119,true
2026-02-26,1,1,3500005,5,1,21.0,119,true
2026-02-26,1,1,3500005,6,1,38.0,215,true
2026-02-26,1,1,3500005,7,1,14.0,80,true
2026-02-26,1,1,3500005,8,1,12.0,68,true
2026-02-26,1,1,3500005,9,1,11.0,63,true
2026-02-26,1,1,3500005,10,1,11.0,63,true
2026-02-26,1,1,3500005,11,1,12.0,68,true
2026-02-26,1,1,3500005,12,1,11.0,63,true
2026-02-26,1,1,3500005,13,1,21.0,119,true
2026-02-26,2,1,3501430,1,1,21.0,66,true
2026-02-26,2,1,3501430,2,1,26.0,82,true
2026-02-26,2,1,3501430,3,1,21.0,66,true
2026-02-26,2,1,3501430,4,1,21.0,66,true
2026-02-26,2,1,3501430,5,1,21.0,66,true
2026-02-26,2,1,3501430,6,1,31.0,97,true
2026-02-26,2,1,3501430,7,1,16.0,50,true
2026-02-26,2,1,3501430,8,1,12.0,38,true
2026-02-26,2,1,3501430,9,1,14.0,44,true
2026-02-26,2,1,3501430,10,1,12.0,38,true
2026-02-26,2,1,3501430,11,1,11.0,35,true
2026-02-26,2,1,3501430,12,1,10.0,32,true
2026-02-26,2,1,3501430,13,1,18.0,57,true
2026-02-26,6,1,3500888,1,1,31.0,50,true
2026-02-26,6,1,3500888,2,1,29.0,47,true
2026-02-26,6,1,3500888,3,1,27.0,44,true
2026-02-26,6,1,3500888,4,1,26.0,42,true
2026-02-26,6,1,3500888,5,1,21.0,34,true
2026-02-26,6,1,3500888,6,1,31.0,50,true
2026-02-26,6,1,3500888,7,1,16.0,26,true
2026-02-26,6,1,3500888,8,1,11.0,18,true
2026-02-26,6,1,3500888,9,1,14.0,23,true
2026-02-26,6,1,3500888,10,1,12.0,20,true
2026-02-26,6,1,3500888,11,1,11.0,18,true
2026-02-26,6,1,3500888,12,1,9.0,15,true
2026-02-26,6,1,3500888,13,1,18.0,30,true
2026-02-27,1,3,3500005,1,1,22.0,125,true
2026-02-27,1,3,3500005,2,1,29.0,164,true
2026-02-27,1,3,3500005,3,1,27.0,153,true
2026-02-27,1,3,3500005,4,1,17.0,97,true
2026-02-27,1,3,3500005,5,1,10.0,57,true
2026-02-27,1,3,3500005,6,1,23.0,130,true
2026-02-27,1,3,3500005,7,1,0.0,0,true
2026-02-27,1,3,3500005,8,1,55.0,311,true
2026-02-27,1,3,3500005,9,1,14.0,80,true
2026-02-27,1,3,3500005,10,1,10.0,57,true
2026-02-27,1,3,3500005,11,1,21.0,119,true
2026-02-27,1,3,3500005,12,1,25.0,142,true
2026-02-27,1,3,3500005,13,1,80.0,452,true
2026-02-27,2,3,3501430,1,1,22.0,69,true
2026-02-27,2,3,3501430,2,1,13.0,41,true
2026-02-27,2,3,3501430,3,1,29.0,91,true
2026-02-27,2,3,3501430,4,1,19.0,60,true
2026-02-27,2,3,3501430,5,1,21.0,66,true
2026-02-27,2,3,3501430,6,1,29.0,91,true
2026-02-27,2,3,3501430,7,1,21.0,66,true
2026-02-27,2,3,3501430,8,1,36.0,113,true
2026-02-27,2,3,3501430,9,1,27.0,85,true
2026-02-27,2,3,3501430,10,1,19.0,60,true
2026-02-27,2,3,3501430,11,1,24.0,75,true
2026-02-27,2,3,3501430,12,1,20.0,63,true
2026-02-27,2,3,3501430,13,1,17.0,53,true
2026-02-27,6,3,3500888,1,1,17.0,28,true
2026-02-27,6,3,3500888,2,1,10.0,17,true
2026-02-27,6,3,3500888,3,1,21.0,34,true
2026-02-27,6,3,3500888,4,1,14.0,23,true
2026-02-27,6,3,3500888,5,1,10.0,17,true
2026-02-27,6,3,3500888,6,1,19.0,31,true
2026-02-27,6,3,3500888,7,1,5.0,9,true
2026-02-27,6,3,3500888,8,1,40.0,65,true
2026-02-27,6,3,3500888,9,1,10.0,17,true
2026-02-27,6,3,3500888,10,1,12.0,20,true
2026-02-27,6,3,3500888,11,1,15.0,25,true
2026-02-27,6,3,3500888,12,1,17.0,28,true
2026-02-27,6,3,3500888,13,1,20.0,33,true
2026-02-26,1,2,3500005,1,1,50.0,283,true
2026-02-26,1,2,3500005,2,1,30.0,170,true
2026-02-26,1,2,3500005,3,1,90.0,509,true
2026-02-26,1,2,3500005,4,1,100.0,565,true
2026-02-26,1,2,3500005,5,1,30.0,170,true
2026-02-26,1,2,3500005,6,1,100.0,565,true
2026-02-26,1,2,3500005,7,1,20.0,113,true
2026-02-26,1,2,3500005,8,1,21.0,119,true
2026-02-26,1,2,3500005,9,1,16.0,91,true
2026-02-26,1,2,3500005,10,1,18.0,102,true
2026-02-26,1,2,3500005,11,1,16.0,91,true
2026-02-26,1,2,3500005,12,1,19.0,108,true
2026-02-26,1,2,3500005,13,1,10.0,57,true
2026-02-26,6,2,3500888,1,1,25.0,41,true
2026-02-26,6,2,3500888,2,1,18.0,30,true
2026-02-26,6,2,3500888,3,1,16.0,26,true
2026-02-26,6,2,3500888,4,1,19.0,31,true
2026-02-26,6,2,3500888,5,1,12.0,20,true
2026-02-26,6,2,3500888,6,1,30.0,49,true
2026-02-26,6,2,3500888,7,1,14.0,23,true
2026-02-26,6,2,3500888,8,1,16.0,26,true
2026-02-26,6,2,3500888,9,1,12.0,20,true
2026-02-26,6,2,3500888,10,1,12.0,20,true
2026-02-26,6,2,3500888,11,1,14.0,23,true
2026-02-26,6,2,3500888,12,1,16.0,26,true
2026-02-26,6,2,3500888,13,1,12.0,20,true
2026-02-27,1,1,3500005,1,1,31.0,176,true
2026-02-27,1,1,3500005,2,1,26.0,147,true
2026-02-27,1,1,3500005,3,1,21.0,119,true
2026-02-27,1,1,3500005,4,1,21.0,119,true
2026-02-27,1,1,3500005,5,1,22.0,125,true
2026-02-27,1,1,3500005,6,1,44.0,249,true
2026-02-27,1,1,3500005,7,1,11.0,63,true
2026-02-27,1,1,3500005,8,1,11.0,63,true
2026-02-27,1,1,3500005,9,1,14.0,80,true
2026-02-27,1,1,3500005,10,1,12.0,68,true
2026-02-27,1,1,3500005,11,1,11.0,63,true
2026-02-27,1,1,3500005,12,1,10.0,57,true
2026-02-27,1,1,3500005,13,1,18.0,102,true
2026-02-27,2,1,3501430,1,1,31.0,97,true
2026-02-27,2,1,3501430,2,1,30.0,94,true
2026-02-27,2,1,3501430,3,1,29.0,91,true
2026-02-27,2,1,3501430,4,1,21.0,66,true
2026-02-27,2,1,3501430,5,1,22.0,69,true
2026-02-27,2,1,3501430,6,1,44.0,138,true
2026-02-27,2,1,3501430,7,1,16.0,50,true
2026-02-27,2,1,3501430,8,1,14.0,44,true
2026-02-27,2,1,3501430,9,1,12.0,38,true
2026-02-27,2,1,3501430,10,1,11.0,35,true
2026-02-27,2,1,3501430,11,1,11.0,35,true
2026-02-27,2,1,3501430,12,1,11.0,35,true
2026-02-27,2,1,3501430,13,1,20.0,63,true
2026-02-27,6,1,3500888,1,1,30.0,49,true
2026-02-27,6,1,3500888,2,1,31.0,50,true
2026-02-27,6,1,3500888,3,1,26.0,42,true
2026-02-27,6,1,3500888,4,1,26.0,42,true
2026-02-27,6,1,3500888,5,1,26.0,42,true
2026-02-27,6,1,3500888,6,1,41.0,67,true
2026-02-27,6,1,3500888,7,1,11.0,18,true
2026-02-27,6,1,3500888,8,1,11.0,18,true
2026-02-27,6,1,3500888,9,1,14.0,23,true
2026-02-27,6,1,3500888,10,1,12.0,20,true
2026-02-27,6,1,3500888,11,1,12.0,20,true
2026-02-27,6,1,3500888,12,1,12.0,20,true
2026-02-27,6,1,3500888,13,1,23.0,38,true
2026-02-27,1,1,3500005,1,2,28.0,159,true
2026-02-27,1,1,3500005,2,2,23.0,130,true
2026-02-27,1,1,3500005,3,2,18.0,102,true
2026-02-27,1,1,3500005,4,2,12.0,68,true
2026-02-27,1,1,3500005,5,2,16.0,91,true
2026-02-27,1,1,3500005,6,2,26.0,147,true
2026-02-27,1,1,3500005,7,2,18.0,102,true
2026-02-27,1,1,3500005,8,2,14.0,80,true
2026-02-27,1,1,3500005,9,2,22.0,125,true
2026-02-27,1,1,3500005,10,2,10.0,57,true
2026-02-27,1,1,3500005,11,2,17.0,97,true
2026-02-27,1,1,3500005,12,2,19.0,108,true
2026-02-27,1,1,3500005,13,2,13.0,74,true
2026-02-27,2,1,3501430,1,2,40.0,125,true
2026-02-27,2,1,3501430,2,2,35.0,110,true
2026-02-27,2,1,3501430,3,2,30.0,94,true
2026-02-27,2,1,3501430,4,2,42.0,131,true
2026-02-27,2,1,3501430,5,2,38.0,119,true
2026-02-27,2,1,3501430,6,2,85.0,265,true
2026-02-27,2,1,3501430,7,2,30.0,94,true
2026-02-27,2,1,3501430,8,2,45.0,141,true
2026-02-27,2,1,3501430,9,2,40.0,125,true
2026-02-27,2,1,3501430,10,2,32.0,100,true
2026-02-27,2,1,3501430,11,2,60.0,188,true
2026-02-27,2,1,3501430,12,2,55.0,172,true
2026-02-27,2,1,3501430,13,2,60.0,188,true
2026-03-01,1,3,3500005,1,1,18.0,102,true
2026-03-01,1,3,3500005,2,1,17.0,97,true
2026-03-01,1,3,3500005,3,1,15.0,85,true
2026-03-01,1,3,3500005,4,1,19.0,108,true
2026-03-01,1,3,3500005,5,1,19.0,108,true
2026-03-01,1,3,3500005,6,1,28.0,159,true
2026-03-01,1,3,3500005,7,1,14.0,80,true
2026-03-01,1,3,3500005,8,1,22.0,125,true
2026-03-01,1,3,3500005,9,1,16.0,91,true
2026-03-01,1,3,3500005,10,1,21.0,119,true
2026-03-01,1,3,3500005,11,1,12.0,68,true
2026-03-01,1,3,3500005,12,1,11.0,63,true
2026-03-01,1,3,3500005,13,1,12.0,68,true
2026-02-28,1,3,3500005,1,1,10.0,57,true
2026-02-28,1,3,3500005,2,1,11.0,63,true
2026-02-28,1,3,3500005,3,1,14.0,80,true
2026-02-28,1,3,3500005,4,1,16.0,91,true
2026-02-28,1,3,3500005,5,1,11.0,63,true
2026-02-28,1,3,3500005,6,1,21.0,119,true
2026-02-28,1,3,3500005,7,1,10.0,57,true
2026-02-28,1,3,3500005,8,1,10.0,57,true
2026-02-28,1,3,3500005,9,1,11.0,63,true
2026-02-28,1,3,3500005,10,1,10.0,57,true
2026-02-28,1,3,3500005,11,1,10.0,57,true
2026-02-28,1,3,3500005,12,1,11.0,63,true
2026-02-28,1,3,3500005,13,1,11.0,63,true
2026-03-01,1,2,3500005,1,1,25.0,142,true
2026-03-01,1,2,3500005,2,1,15.0,85,true
2026-03-01,1,2,3500005,3,1,12.0,68,true
2026-03-01,1,2,3500005,4,1,10.0,57,true
2026-03-01,1,2,3500005,5,1,16.0,91,true
2026-03-01,1,2,3500005,6,1,21.0,119,true
2026-03-01,1,2,3500005,7,1,13.0,74,true
2026-03-01,1,2,3500005,8,1,10.0,57,true
2026-03-01,1,2,3500005,9,1,12.0,68,true
2026-03-01,1,2,3500005,10,1,10.0,57,true
2026-03-01,1,2,3500005,11,1,14.0,80,true
2026-03-01,1,2,3500005,12,1,8.0,46,true
2026-03-01,1,2,3500005,13,1,180.0,1017,true
2026-03-02,1,3,3500005,1,1,29.0,164,true
2026-03-02,1,3,3500005,2,1,26.0,147,true
2026-03-02,1,3,3500005,3,1,26.0,147,true
2026-03-02,1,3,3500005,4,1,22.0,125,true
2026-03-02,1,3,3500005,5,1,22.0,125,true
2026-03-02,1,3,3500005,6,1,45.0,255,true
2026-03-02,1,3,3500005,7,1,16.0,91,true
2026-03-02,1,3,3500005,8,1,14.0,80,true
2026-03-02,1,3,3500005,9,1,12.0,68,true
2026-03-02,1,3,3500005,10,1,12.0,68,true
2026-03-02,1,3,3500005,11,1,12.0,68,true
2026-03-02,1,3,3500005,12,1,14.0,80,true
2026-03-02,1,3,3500005,13,1,35.0,198,true
2026-03-02,1,2,3500005,1,1,22.0,125,true
2026-03-02,1,2,3500005,2,1,19.0,108,true
2026-03-02,1,2,3500005,3,1,25.0,142,true
2026-03-02,1,2,3500005,4,1,10.0,57,true
2026-03-02,1,2,3500005,5,1,14.0,80,true
2026-03-02,1,2,3500005,6,1,19.0,108,true
2026-03-02,1,2,3500005,7,1,15.0,85,true
2026-03-02,1,2,3500005,8,1,32.0,181,true
2026-03-02,1,2,3500005,9,1,15.0,85,true
2026-03-02,1,2,3500005,10,1,10.0,57,true
2026-03-02,1,2,3500005,11,1,22.0,125,true
2026-03-02,1,2,3500005,12,1,20.0,113,true
2026-03-02,1,2,3500005,13,1,21.0,119,true
2026-03-02,2,2,3500162,1,1,10.0,48,true
2026-03-02,2,2,3500162,2,1,19.0,91,true
2026-03-02,2,2,3500162,3,1,25.0,120,true
2026-03-02,2,2,3500162,4,1,15.0,72,true
2026-03-02,2,2,3500162,5,1,10.0,48,true
2026-03-02,2,2,3500162,6,1,17.0,81,true
2026-03-02,2,2,3500162,7,1,10.0,48,true
2026-03-02,2,2,3500162,8,1,40.0,191,true
2026-03-02,2,2,3500162,9,1,0.0,0,true
2026-03-02,2,2,3500162,10,1,10.0,48,true
2026-03-02,2,2,3500162,11,1,15.0,72,true
2026-03-02,2,2,3500162,12,1,20.0,96,true
2026-03-02,2,2,3500162,13,1,20.0,96,true
2026-03-02,4,2,3500446,1,1,22.0,95,true
2026-03-02,4,2,3500446,2,1,19.0,82,true
2026-03-02,4,2,3500446,3,1,17.0,74,true
2026-03-02,4,2,3500446,4,1,10.0,44,true
2026-03-02,4,2,3500446,5,1,19.0,82,true
2026-03-02,4,2,3500446,6,1,22.0,95,true
2026-03-02,4,2,3500446,7,1,17.0,74,true
2026-03-02,4,2,3500446,8,1,36.0,156,true
2026-03-02,4,2,3500446,9,1,10.0,44,true
2026-03-02,4,2,3500446,10,1,19.0,82,true
2026-03-02,4,2,3500446,11,1,21.0,91,true
2026-03-02,4,2,3500446,12,1,24.0,104,true
2026-03-02,4,2,3500446,13,1,26.0,113,true
2026-03-02,1,1,3500005,1,1,16.0,91,true
2026-03-02,1,1,3500005,2,1,12.0,68,true
2026-03-02,1,1,3500005,3,1,14.0,80,true
2026-03-02,1,1,3500005,4,1,10.0,57,true
2026-03-02,1,1,3500005,5,1,11.0,63,true
2026-03-02,1,1,3500005,6,1,28.0,159,true
2026-03-02,1,1,3500005,7,1,11.0,63,true
2026-03-02,1,1,3500005,8,1,10.0,57,true
2026-03-02,1,1,3500005,9,1,12.0,68,true
2026-03-02,1,1,3500005,10,1,10.0,57,true
2026-03-02,1,1,3500005,11,1,11.0,63,true
2026-03-02,1,1,3500005,12,1,10.0,57,true
2026-03-02,1,1,3500005,13,1,11.0,63,true
2026-03-02,2,1,3500162,1,1,10.0,48,true
2026-03-02,2,1,3500162,2,1,10.0,48,true
2026-03-02,2,1,3500162,3,1,11.0,53,true
2026-03-02,2,1,3500162,4,1,12.0,58,true
2026-03-02,2,1,3500162,5,1,16.0,77,true
2026-03-02,2,1,3500162,6,1,21.0,100,true
2026-03-02,2,1,3500162,7,1,10.0,48,true
2026-03-02,2,1,3500162,8,1,11.0,53,true
2026-03-02,2,1,3500162,9,1,14.0,67,true
2026-03-02,2,1,3500162,10,1,10.0,48,true
2026-03-02,2,1,3500162,11,1,11.0,53,true
2026-03-02,2,1,3500162,12,1,10.0,48,true
2026-03-02,2,1,3500162,13,1,11.0,53,true
2026-03-03,1,3,3500005,1,1,30.0,170,true
2026-03-03,1,3,3500005,2,1,29.0,164,true
2026-03-03,1,3,3500005,3,1,26.0,147,true
2026-03-03,1,3,3500005,4,1,21.0,119,true
2026-03-03,1,3,3500005,5,1,22.0,125,true
2026-03-03,1,3,3500005,6,1,50.0,283,true
2026-03-03,1,3,3500005,7,1,16.0,91,true
2026-03-03,1,3,3500005,8,1,16.0,91,true
2026-03-03,1,3,3500005,9,1,12.0,68,true
2026-03-03,1,3,3500005,10,1,14.0,80,true
2026-03-03,1,3,3500005,11,1,13.0,74,true
2026-03-03,1,3,3500005,12,1,12.0,68,true
2026-03-03,1,3,3500005,13,1,20.0,113,true
2026-03-03,2,3,3500162,1,1,31.0,148,true
2026-03-03,2,3,3500162,2,1,26.0,124,true
2026-03-03,2,3,3500162,3,1,27.0,129,true
2026-03-03,2,3,3500162,4,1,24.0,115,true
2026-03-03,2,3,3500162,5,1,24.0,115,true
2026-03-03,2,3,3500162,6,1,41.0,196,true
2026-03-03,2,3,3500162,7,1,17.0,81,true
2026-03-03,2,3,3500162,8,1,16.0,77,true
2026-03-03,2,3,3500162,9,1,14.0,67,true
2026-03-03,2,3,3500162,10,1,12.0,58,true
2026-03-03,2,3,3500162,11,1,12.0,58,true
2026-03-03,2,3,3500162,12,1,12.0,58,true
2026-03-03,2,3,3500162,13,1,22.0,105,true
2026-03-03,4,3,3500446,1,1,26.0,113,true
2026-03-03,4,3,3500446,2,1,26.0,113,true
2026-03-03,4,3,3500446,3,1,21.0,91,true
2026-03-03,4,3,3500446,4,1,22.0,95,true
2026-03-03,4,3,3500446,5,1,222.0,957,true
2026-03-03,4,3,3500446,6,1,35.0,151,true
2026-03-03,4,3,3500446,7,1,16.0,69,true
2026-03-03,4,3,3500446,8,1,14.0,61,true
2026-03-03,4,3,3500446,9,1,12.0,52,true
2026-03-03,4,3,3500446,10,1,12.0,52,true
2026-03-03,4,3,3500446,11,1,12.0,52,true
2026-03-03,4,3,3500446,12,1,11.0,48,true
2026-03-03,4,3,3500446,13,1,22.0,95,true
2026-03-03,1,2,3500005,1,1,11.0,63,true
2026-03-03,1,2,3500005,2,1,12.0,68,true
2026-03-03,1,2,3500005,3,1,10.0,57,true
2026-03-03,1,2,3500005,4,1,9.0,51,true
2026-03-03,1,2,3500005,5,1,5.0,29,true
2026-03-03,1,2,3500005,6,1,7.0,40,true
2026-03-03,1,2,3500005,7,1,10.0,57,true
2026-03-03,1,2,3500005,8,1,29.0,164,true
2026-03-03,1,2,3500005,9,1,10.0,57,true
2026-03-03,1,2,3500005,10,1,11.0,63,true
2026-03-03,1,2,3500005,11,1,19.0,108,true
2026-03-03,1,2,3500005,12,1,21.0,119,true
2026-03-03,1,2,3500005,13,1,17.0,97,true
2026-03-03,2,2,3500162,1,1,19.0,91,true
2026-03-03,2,2,3500162,2,1,12.0,58,true
2026-03-03,2,2,3500162,3,1,16.0,77,true
2026-03-03,2,2,3500162,4,1,10.0,48,true
2026-03-03,2,2,3500162,5,1,9.0,43,true
2026-03-03,2,2,3500162,6,1,13.0,62,true
2026-03-03,2,2,3500162,7,1,10.0,48,true
2026-03-03,2,2,3500162,8,1,29.0,139,true
2026-03-03,2,2,3500162,9,1,12.0,58,true
2026-03-03,2,2,3500162,10,1,14.0,67,true
2026-03-03,2,2,3500162,11,1,12.0,58,true
2026-03-03,2,2,3500162,12,1,20.0,96,true
2026-03-03,2,2,3500162,13,1,19.0,91,true
2026-03-03,4,2,3500446,1,1,22.0,95,true
2026-03-03,4,2,3500446,2,1,17.0,74,true
2026-03-03,4,2,3500446,3,1,19.0,82,true
2026-03-03,4,2,3500446,4,1,10.0,44,true
2026-03-03,4,2,3500446,5,1,14.0,61,true
2026-03-03,4,2,3500446,6,1,17.0,74,true
2026-03-03,4,2,3500446,7,1,10.0,44,true
2026-03-03,4,2,3500446,8,1,30.0,130,true
2026-03-03,4,2,3500446,9,1,14.0,61,true
2026-03-03,4,2,3500446,10,1,10.0,44,true
2026-03-03,4,2,3500446,11,1,18.0,78,true
2026-03-03,4,2,3500446,12,1,29.0,125,true
2026-03-03,4,2,3500446,13,1,21.0,91,true
2026-03-04,1,3,3500005,1,1,30.0,170,true
2026-03-04,1,3,3500005,2,1,24.0,136,true
2026-03-04,1,3,3500005,3,1,26.0,147,true
2026-03-04,1,3,3500005,4,1,27.0,153,true
2026-03-04,1,3,3500005,5,1,28.0,159,true
2026-03-04,1,3,3500005,6,1,47.0,266,true
2026-03-04,1,3,3500005,7,1,16.0,91,true
2026-03-04,1,3,3500005,8,1,14.0,80,true
2026-03-04,1,3,3500005,9,1,12.0,68,true
2026-03-04,1,3,3500005,10,1,11.0,63,true
2026-03-04,1,3,3500005,11,1,12.0,68,true
2026-03-04,1,3,3500005,12,1,13.0,74,true
2026-03-04,1,3,3500005,13,1,21.0,119,true
2026-03-04,2,3,3500162,1,1,27.0,129,true
2026-03-04,2,3,3500162,2,1,27.0,129,true
2026-03-04,2,3,3500162,3,1,27.0,129,true
2026-03-04,2,3,3500162,4,1,26.0,124,true
2026-03-04,2,3,3500162,5,1,25.0,120,true
2026-03-04,2,3,3500162,6,1,38.0,181,true
2026-03-04,2,3,3500162,7,1,14.0,67,true
2026-03-04,2,3,3500162,8,1,12.0,58,true
2026-03-04,2,3,3500162,9,1,11.0,53,true
2026-03-04,2,3,3500162,10,1,11.0,53,true
2026-03-04,2,3,3500162,11,1,12.0,58,true
2026-03-04,2,3,3500162,12,1,13.0,62,true
2026-03-04,2,3,3500162,13,1,25.0,120,true
2026-03-04,4,3,3500446,1,1,27.0,117,true
2026-03-04,4,3,3500446,2,1,26.0,113,true
2026-03-04,4,3,3500446,3,1,22.0,95,true
2026-03-04,4,3,3500446,4,1,26.0,113,true
2026-03-04,4,3,3500446,5,1,24.0,104,true
2026-03-04,4,3,3500446,6,1,53.0,229,true
2026-03-04,4,3,3500446,7,1,16.0,69,true
2026-03-04,4,3,3500446,8,1,12.0,52,true
2026-03-04,4,3,3500446,9,1,14.0,61,true
2026-03-04,4,3,3500446,10,1,12.0,52,true
2026-03-04,4,3,3500446,11,1,11.0,48,true
2026-03-04,4,3,3500446,12,1,11.0,48,true
2026-03-04,4,3,3500446,13,1,22.0,95,true
2026-03-04,1,1,3500005,1,1,30.0,170,true
2026-03-04,1,1,3500005,2,1,10.0,57,true
2026-03-04,1,1,3500005,3,1,19.0,108,true
2026-03-04,1,1,3500005,4,1,17.0,97,true
2026-03-04,1,1,3500005,5,1,15.0,85,true
2026-03-04,1,1,3500005,6,1,35.0,198,true
2026-03-04,1,1,3500005,7,1,19.0,108,true
2026-03-04,1,1,3500005,8,1,20.0,113,true
2026-03-04,1,1,3500005,9,1,16.0,91,true
2026-03-04,1,1,3500005,10,1,14.0,80,true
2026-03-04,1,1,3500005,11,1,15.0,85,true
2026-03-04,1,1,3500005,12,1,10.0,57,true
2026-03-04,1,1,3500005,13,1,17.0,97,true
2026-03-04,2,1,3500162,1,1,40.0,191,true
2026-03-04,2,1,3500162,2,1,10.0,48,true
2026-03-04,2,1,3500162,3,1,19.0,91,true
2026-03-04,2,1,3500162,4,1,30.0,143,true
2026-03-04,2,1,3500162,5,1,21.0,100,true
2026-03-04,2,1,3500162,6,1,25.0,120,true
2026-03-04,2,1,3500162,7,1,18.0,86,true
2026-03-04,2,1,3500162,8,1,15.0,72,true
2026-03-04,2,1,3500162,9,1,23.0,110,true
2026-03-04,2,1,3500162,10,1,10.0,48,true
2026-03-04,2,1,3500162,11,1,9.0,43,true
2026-03-04,2,1,3500162,12,1,11.0,53,true
2026-03-04,2,1,3500162,13,1,20.0,96,true
2026-03-04,4,1,3501430,1,1,50.0,156,true
2026-03-04,4,1,3501430,2,1,20.0,63,true
2026-03-04,4,1,3501430,3,1,17.0,53,true
2026-03-04,4,1,3501430,4,1,19.0,60,true
2026-03-04,4,1,3501430,5,1,12.0,38,true
2026-03-04,4,1,3501430,6,1,33.0,103,true
2026-03-04,4,1,3501430,7,1,21.0,66,true
2026-03-04,4,1,3501430,8,1,12.0,38,true
2026-03-04,4,1,3501430,9,1,10.0,32,true
2026-03-04,4,1,3501430,10,1,9.0,29,true
2026-03-04,4,1,3501430,11,1,18.0,57,true
2026-03-04,4,1,3501430,12,1,18.0,57,true
2026-03-04,4,1,3501430,13,1,33.0,103,true
2026-03-04,1,2,3500005,1,1,24.0,136,true
2026-03-04,1,2,3500005,2,1,12.0,68,true
2026-03-04,1,2,3500005,3,1,15.0,85,true
2026-03-04,1,2,3500005,4,1,17.0,97,true
2026-03-04,1,2,3500005,5,1,12.0,68,true
2026-03-04,1,2,3500005,6,1,23.0,130,true
2026-03-04,1,2,3500005,7,1,20.0,113,true
2026-03-04,1,2,3500005,8,1,18.0,102,true
2026-03-04,1,2,3500005,9,1,12.0,68,true
2026-03-04,1,2,3500005,10,1,12.0,68,true
2026-03-04,1,2,3500005,11,1,11.0,63,true
2026-03-04,1,2,3500005,12,1,16.0,91,true
2026-03-04,1,2,3500005,13,1,18.0,102,true
2026-03-04,2,2,3500162,1,1,34.0,162,true
2026-03-04,2,2,3500162,2,1,16.0,77,true
2026-03-04,2,2,3500162,3,1,25.0,120,true
2026-03-04,2,2,3500162,4,1,23.0,110,true
2026-03-04,2,2,3500162,5,1,18.0,86,true
2026-03-04,2,2,3500162,6,1,22.0,105,true
2026-03-04,2,2,3500162,7,1,14.0,67,true
2026-03-04,2,2,3500162,8,1,17.0,81,true
2026-03-04,2,2,3500162,9,1,11.0,53,true
2026-03-04,2,2,3500162,10,1,12.0,58,true
2026-03-04,2,2,3500162,11,1,10.0,48,true
2026-03-04,2,2,3500162,12,1,24.0,115,true
2026-03-04,2,2,3500162,13,1,16.0,77,true
2026-03-04,4,2,3501430,1,1,24.0,75,true
2026-03-04,4,2,3501430,2,1,10.0,32,true
2026-03-04,4,2,3501430,3,1,11.0,35,true
2026-03-04,4,2,3501430,4,1,9.0,29,true
2026-03-04,4,2,3501430,5,1,7.0,22,true
2026-03-04,4,2,3501430,6,1,13.0,41,true
2026-03-04,4,2,3501430,7,1,12.0,38,true
2026-03-04,4,2,3501430,8,1,14.0,44,true
2026-03-04,4,2,3501430,9,1,12.0,38,true
2026-03-04,4,2,3501430,10,1,17.0,53,true
2026-03-04,4,2,3501430,11,1,12.0,38,true
2026-03-04,4,2,3501430,12,1,10.0,32,true
2026-03-04,4,2,3501430,13,1,17.0,53,true
2026-03-05,1,3,3500005,1,1,28.0,159,true
2026-03-05,1,3,3500005,2,1,26.0,147,true
2026-03-05,1,3,3500005,3,1,21.0,119,true
2026-03-05,1,3,3500005,4,1,22.0,125,true
2026-03-05,1,3,3500005,5,1,23.0,130,true
2026-03-05,1,3,3500005,6,1,47.0,266,true
2026-03-05,1,3,3500005,7,1,16.0,91,true
2026-03-05,1,3,3500005,8,1,14.0,80,true
2026-03-05,1,3,3500005,9,1,12.0,68,true
2026-03-05,1,3,3500005,10,1,11.0,63,true
2026-03-05,1,3,3500005,11,1,10.0,57,true
2026-03-05,1,3,3500005,12,1,12.0,68,true
2026-03-05,1,3,3500005,13,1,24.0,136,true
2026-03-05,2,3,3500162,1,1,31.0,148,true
2026-03-05,2,3,3500162,2,1,26.0,124,true
2026-03-05,2,3,3500162,3,1,24.0,115,true
2026-03-05,2,3,3500162,4,1,22.0,105,true
2026-03-05,2,3,3500162,5,1,21.0,100,true
2026-03-05,2,3,3500162,6,1,47.0,224,true
2026-03-05,2,3,3500162,7,1,16.0,77,true
2026-03-05,2,3,3500162,8,1,11.0,53,true
2026-03-05,2,3,3500162,9,1,11.0,53,true
2026-03-05,2,3,3500162,10,1,12.0,58,true
2026-03-05,2,3,3500162,11,1,11.0,53,true
2026-03-05,2,3,3500162,12,1,10.0,48,true
2026-03-05,2,3,3500162,13,1,30.0,143,true
2026-03-05,4,3,3501430,1,1,31.0,97,true
2026-03-05,4,3,3501430,2,1,26.0,82,true
2026-03-05,4,3,3501430,3,1,22.0,69,true
2026-03-05,4,3,3501430,4,1,31.0,97,true
2026-03-05,4,3,3501430,5,1,32.0,100,true
2026-03-05,4,3,3501430,6,1,35.0,110,true
2026-03-05,4,3,3501430,7,1,11.0,35,true
2026-03-05,4,3,3501430,8,1,12.0,38,true
2026-03-05,4,3,3501430,9,1,12.0,38,true
2026-03-05,4,3,3501430,10,1,12.0,38,true
2026-03-05,4,3,3501430,11,1,12.0,38,true
2026-03-05,4,3,3501430,12,1,12.0,38,true
2026-03-05,4,3,3501430,13,1,24.0,75,true
2026-03-05,1,1,3500005,1,1,40.0,226,true
2026-03-05,1,1,3500005,2,1,22.0,125,true
2026-03-05,1,1,3500005,3,1,18.0,102,true
2026-03-05,1,1,3500005,4,1,25.0,142,true
2026-03-05,1,1,3500005,5,1,14.0,80,true
2026-03-05,1,1,3500005,6,1,35.0,198,true
2026-03-05,1,1,3500005,7,1,12.0,68,true
2026-03-05,1,1,3500005,8,1,10.0,57,true
2026-03-05,1,1,3500005,9,1,13.0,74,true
2026-03-05,1,1,3500005,10,1,11.0,63,true
2026-03-05,1,1,3500005,11,1,12.0,68,true
2026-03-05,1,1,3500005,12,1,16.0,91,true
2026-03-05,1,1,3500005,13,1,18.0,102,true
2026-03-05,2,1,3500162,1,1,32.0,153,true
2026-03-05,2,1,3500162,2,1,25.0,120,true
2026-03-05,2,1,3500162,3,1,22.0,105,true
2026-03-05,2,1,3500162,4,1,19.0,91,true
2026-03-05,2,1,3500162,5,1,24.0,115,true
2026-03-05,2,1,3500162,6,1,32.0,153,true
2026-03-05,2,1,3500162,7,1,17.0,81,true
2026-03-05,2,1,3500162,8,1,12.0,58,true
2026-03-05,2,1,3500162,9,1,12.0,58,true
2026-03-05,2,1,3500162,10,1,16.0,77,true
2026-03-05,2,1,3500162,11,1,18.0,86,true
2026-03-05,2,1,3500162,12,1,12.0,58,true
2026-03-05,2,1,3500162,13,1,20.0,96,true
2026-03-05,4,1,3501430,1,1,32.0,100,true
2026-03-05,4,1,3501430,2,1,17.0,53,true
2026-03-05,4,1,3501430,3,1,12.0,38,true
2026-03-05,4,1,3501430,4,1,16.0,50,true
2026-03-05,4,1,3501430,5,1,11.0,35,true
2026-03-05,4,1,3501430,6,1,17.0,53,true
2026-03-05,4,1,3501430,7,1,14.0,44,true
2026-03-05,4,1,3501430,8,1,10.0,32,true
2026-03-05,4,1,3501430,9,1,12.0,38,true
2026-03-05,4,1,3501430,10,1,11.0,35,true
2026-03-05,4,1,3501430,11,1,10.0,32,true
2026-03-05,4,1,3501430,12,1,18.0,57,true
2026-03-05,4,1,3501430,13,1,24.0,75,true
2026-03-06,1,1,3500005,1,1,10.0,57,true
2026-03-06,1,1,3500005,2,1,28.0,159,true
2026-03-06,1,1,3500005,3,1,19.0,108,true
2026-03-06,1,1,3500005,4,1,20.0,113,true
2026-03-06,1,1,3500005,5,1,22.0,125,true
2026-03-06,1,1,3500005,6,1,30.0,170,true
2026-03-06,1,1,3500005,7,1,10.0,57,true
2026-03-06,1,1,3500005,8,1,11.0,63,true
2026-03-06,1,1,3500005,9,1,12.0,68,true
2026-03-06,1,1,3500005,10,1,16.0,91,true
2026-03-06,1,1,3500005,11,1,11.0,63,true
2026-03-06,1,1,3500005,12,1,10.0,57,true
2026-03-06,1,1,3500005,13,1,12.0,68,true
2026-03-06,2,1,3500162,1,1,16.0,77,true
2026-03-06,2,1,3500162,2,1,18.0,86,true
2026-03-06,2,1,3500162,3,1,19.0,91,true
2026-03-06,2,1,3500162,4,1,10.0,48,true
2026-03-06,2,1,3500162,5,1,11.0,53,true
2026-03-06,2,1,3500162,6,1,24.0,115,true
2026-03-06,2,1,3500162,7,1,11.0,53,true
2026-03-06,2,1,3500162,8,1,12.0,58,true
2026-03-06,2,1,3500162,9,1,10.0,48,true
2026-03-06,2,1,3500162,10,1,11.0,53,true
2026-03-06,2,1,3500162,11,1,16.0,77,true
2026-03-06,2,1,3500162,12,1,10.0,48,true
2026-03-06,2,1,3500162,13,1,10.0,48,true
2026-03-06,4,1,3501430,1,1,16.0,50,true
2026-03-06,4,1,3501430,2,1,18.0,57,true
2026-03-06,4,1,3501430,3,1,10.0,32,true
2026-03-06,4,1,3501430,4,1,11.0,35,true
2026-03-06,4,1,3501430,5,1,14.0,44,true
2026-03-06,4,1,3501430,6,1,26.0,82,true
2026-03-06,4,1,3501430,7,1,10.0,32,true
2026-03-06,4,1,3501430,8,1,11.0,35,true
2026-03-06,4,1,3501430,9,1,14.0,44,true
2026-03-06,4,1,3501430,10,1,16.0,50,true
2026-03-06,4,1,3501430,11,1,10.0,32,true
2026-03-06,4,1,3501430,12,1,11.0,35,true
2026-03-06,4,1,3501430,13,1,14.0,44,true
2026-03-06,1,3,3500005,1,1,27.0,153,true
2026-03-06,1,3,3500005,2,1,26.0,147,true
2026-03-06,1,3,3500005,3,1,21.0,119,true
2026-03-06,1,3,3500005,4,1,21.0,119,true
2026-03-06,1,3,3500005,5,1,19.0,108,true
2026-03-06,1,3,3500005,6,1,38.0,215,true
2026-03-06,1,3,3500005,7,1,13.0,74,true
2026-03-06,1,3,3500005,8,1,12.0,68,true
2026-03-06,1,3,3500005,9,1,12.0,68,true
2026-03-06,1,3,3500005,10,1,12.0,68,true
2026-03-06,1,3,3500005,11,1,12.0,68,true
2026-03-06,1,3,3500005,12,1,11.0,63,true
2026-03-06,1,3,3500005,13,1,20.0,113,true
2026-03-06,2,3,3500162,1,1,23.0,110,true
2026-03-06,2,3,3500162,2,1,26.0,124,true
2026-03-06,2,3,3500162,3,1,21.0,100,true
2026-03-06,2,3,3500162,4,1,27.0,129,true
2026-03-06,2,3,3500162,5,1,19.0,91,true
2026-03-06,2,3,3500162,6,1,48.0,229,true
2026-03-06,2,3,3500162,7,1,17.0,81,true
2026-03-06,2,3,3500162,8,1,16.0,77,true
2026-03-06,2,3,3500162,9,1,14.0,67,true
2026-03-06,2,3,3500162,10,1,12.0,58,true
2026-03-06,2,3,3500162,11,1,14.0,67,true
2026-03-06,2,3,3500162,12,1,14.0,67,true
2026-03-06,2,3,3500162,13,1,16.0,77,true
2026-03-06,4,3,3501430,1,1,28.0,88,true
2026-03-06,4,3,3501430,2,1,26.0,82,true
2026-03-06,4,3,3501430,3,1,24.0,75,true
2026-03-06,4,3,3501430,4,1,22.0,69,true
2026-03-06,4,3,3501430,5,1,21.0,66,true
2026-03-06,4,3,3501430,6,1,41.0,128,true
2026-03-06,4,3,3501430,7,1,16.0,50,true
2026-03-06,4,3,3501430,8,1,14.0,44,true
2026-03-06,4,3,3501430,9,1,12.0,38,true
2026-03-06,4,3,3501430,10,1,11.0,35,true
2026-03-06,4,3,3501430,11,1,19.0,60,true
2026-03-06,4,3,3501430,12,1,11.0,35,true
2026-03-06,4,3,3501430,13,1,20.0,63,true
2026-03-06,1,2,3500005,1,1,42.0,238,true
2026-03-06,1,2,3500005,2,1,22.0,125,true
2026-03-06,1,2,3500005,3,1,18.0,102,true
2026-03-06,1,2,3500005,4,1,12.0,68,true
2026-03-06,1,2,3500005,5,1,14.0,80,true
2026-03-06,1,2,3500005,6,1,64.0,362,true
2026-03-06,1,2,3500005,7,1,12.0,68,true
2026-03-06,1,2,3500005,8,1,10.0,57,true
2026-03-06,1,2,3500005,9,1,12.0,68,true
2026-03-06,1,2,3500005,10,1,11.0,63,true
2026-03-06,1,2,3500005,11,1,10.0,57,true
2026-03-06,1,2,3500005,12,1,28.0,159,true
2026-03-06,1,2,3500005,13,1,22.0,125,true
2026-03-06,2,2,3500162,1,1,22.0,105,true
2026-03-06,2,2,3500162,2,1,18.0,86,true
2026-03-06,2,2,3500162,3,1,14.0,67,true
2026-03-06,2,2,3500162,4,1,10.0,48,true
2026-03-06,2,2,3500162,5,1,19.0,91,true
2026-03-06,2,2,3500162,6,1,26.0,124,true
2026-03-06,2,2,3500162,7,1,12.0,58,true
2026-03-06,2,2,3500162,8,1,10.0,48,true
2026-03-06,2,2,3500162,9,1,14.0,67,true
2026-03-06,2,2,3500162,10,1,11.0,53,true
2026-03-06,2,2,3500162,11,1,18.0,86,true
2026-03-06,2,2,3500162,12,1,10.0,48,true
2026-03-06,2,2,3500162,13,1,21.0,100,true
2026-03-06,4,2,3501430,1,1,32.0,100,true
2026-03-06,4,2,3501430,2,1,24.0,75,true
2026-03-06,4,2,3501430,3,1,20.0,63,true
2026-03-06,4,2,3501430,4,1,18.0,57,true
2026-03-06,4,2,3501430,5,1,14.0,44,true
2026-03-06,4,2,3501430,6,1,34.0,106,true
2026-03-06,4,2,3501430,7,1,12.0,38,true
2026-03-06,4,2,3501430,8,1,10.0,32,true
2026-03-06,4,2,3501430,9,1,18.0,57,true
2026-03-06,4,2,3501430,10,1,14.0,44,true
2026-03-06,4,2,3501430,11,1,22.0,69,true
2026-03-06,4,2,3501430,12,1,32.0,100,true
2026-03-06,4,2,3501430,13,1,23.0,72,true
2026-03-07,1,3,3500005,1,1,29.0,164,true
2026-03-07,1,3,3500005,2,1,26.0,147,true
2026-03-07,1,3,3500005,3,1,21.0,119,true
2026-03-07,1,3,3500005,4,1,27.0,153,true
2026-03-07,1,3,3500005,5,1,25.0,142,true
2026-03-07,1,3,3500005,6,1,42.0,238,true
2026-03-07,1,3,3500005,7,1,14.0,80,true
2026-03-07,1,3,3500005,8,1,12.0,68,true
2026-03-07,1,3,3500005,9,1,12.0,68,true
2026-03-07,1,3,3500005,10,1,12.0,68,true
2026-03-07,1,3,3500005,11,1,13.0,74,true
2026-03-07,1,3,3500005,12,1,14.0,80,true
2026-03-07,1,3,3500005,13,1,26.0,147,true
2026-03-07,2,3,412644,1,1,31.0,148,true
2026-03-07,2,3,412644,2,1,24.0,115,true
2026-03-07,2,3,412644,3,1,27.0,129,true
2026-03-07,2,3,412644,4,1,26.0,124,true
2026-03-07,2,3,412644,5,1,22.0,105,true
2026-03-07,2,3,412644,6,1,45.0,215,true
2026-03-07,2,3,412644,7,1,14.0,67,true
2026-03-07,2,3,412644,8,1,12.0,58,true
2026-03-07,2,3,412644,9,1,12.0,58,true
2026-03-07,2,3,412644,10,1,12.0,58,true
2026-03-07,2,3,412644,11,1,11.0,53,true
2026-03-07,2,3,412644,12,1,11.0,53,true
2026-03-07,2,3,412644,13,1,22.0,105,true
2026-03-07,4,3,3501430,1,1,31.0,97,true
2026-03-07,4,3,3501430,2,1,24.0,75,true
2026-03-07,4,3,3501430,3,1,26.0,82,true
2026-03-07,4,3,3501430,4,1,22.0,69,true
2026-03-07,4,3,3501430,5,1,21.0,66,true
2026-03-07,4,3,3501430,6,1,21.0,66,true
2026-03-07,4,3,3501430,7,1,14.0,44,true
2026-03-07,4,3,3501430,8,1,12.0,38,true
2026-03-07,4,3,3501430,9,1,12.0,38,true
2026-03-07,4,3,3501430,10,1,13.0,41,true
2026-03-07,4,3,3501430,11,1,14.0,44,true
2026-03-07,4,3,3501430,12,1,12.0,38,true
2026-03-07,4,3,3501430,13,1,22.0,69,true
2026-03-09,1,3,3500005,1,1,10.0,57,true
2026-03-09,1,3,3500005,2,1,12.0,68,true
2026-03-09,1,3,3500005,3,1,10.0,57,true
2026-03-09,1,3,3500005,4,1,10.0,57,true
2026-03-09,1,3,3500005,5,1,9.0,51,true
2026-03-09,1,3,3500005,6,1,21.0,119,true
2026-03-09,1,3,3500005,7,1,10.0,57,true
2026-03-09,1,3,3500005,8,1,11.0,63,true
2026-03-09,1,3,3500005,9,1,10.0,57,true
2026-03-09,1,3,3500005,10,1,11.0,63,true
2026-03-09,1,3,3500005,11,1,11.0,63,true
2026-03-09,1,3,3500005,12,1,11.0,63,true
2026-03-09,1,3,3500005,13,1,11.0,63,true
2026-03-09,2,3,412644,1,1,10.0,48,true
2026-03-09,2,3,412644,2,1,11.0,53,true
2026-03-09,2,3,412644,3,1,11.0,53,true
2026-03-09,2,3,412644,4,1,10.0,48,true
2026-03-09,2,3,412644,5,1,11.0,53,true
2026-03-09,2,3,412644,6,1,19.0,91,true
2026-03-09,2,3,412644,7,1,11.0,53,true
2026-03-09,2,3,412644,8,1,12.0,58,true
2026-03-09,2,3,412644,9,1,10.0,48,true
2026-03-09,2,3,412644,10,1,11.0,53,true
2026-03-09,2,3,412644,11,1,11.0,53,true
2026-03-09,2,3,412644,12,1,19.0,91,true
2026-03-09,2,3,412644,13,1,11.0,53,true
2026-03-09,4,3,3501226,1,1,20.0,109,true
2026-03-09,4,3,3501226,2,1,21.0,114,true
2026-03-09,4,3,3501226,3,1,16.0,87,true
2026-03-09,4,3,3501226,4,1,14.0,76,true
2026-03-09,4,3,3501226,5,1,14.0,76,true
2026-03-09,4,3,3501226,6,1,21.0,114,true
2026-03-09,4,3,3501226,7,1,11.0,60,true
2026-03-09,4,3,3501226,8,1,11.0,60,true
2026-03-09,4,3,3501226,9,1,10.0,55,true
2026-03-09,4,3,3501226,10,1,11.0,60,true
2026-03-09,4,3,3501226,11,1,11.0,60,true
2026-03-09,4,3,3501226,12,1,11.0,60,true
2026-03-09,4,3,3501226,13,1,11.0,60,true
2026-03-07,1,2,3500005,1,1,20.0,113,true
2026-03-07,1,2,3500005,2,1,28.0,159,true
2026-03-07,1,2,3500005,3,1,35.0,198,true
2026-03-07,1,2,3500005,4,1,42.0,238,true
2026-03-07,1,2,3500005,5,1,24.0,136,true
2026-03-07,1,2,3500005,6,1,34.0,193,true
2026-03-07,1,2,3500005,7,1,14.0,80,true
2026-03-07,1,2,3500005,8,1,18.0,102,true
2026-03-07,1,2,3500005,9,1,16.0,91,true
2026-03-07,1,2,3500005,10,1,12.0,68,true
2026-03-07,1,2,3500005,11,1,19.0,108,true
2026-03-07,1,2,3500005,12,1,24.0,136,true
2026-03-07,1,2,3500005,13,1,42.0,238,true
2026-03-07,2,2,3500162,1,1,36.0,172,true
2026-03-07,2,2,3500162,2,1,24.0,115,true
2026-03-07,2,2,3500162,3,1,16.0,77,true
2026-03-07,2,2,3500162,4,1,18.0,86,true
2026-03-07,2,2,3500162,5,1,12.0,58,true
2026-03-07,2,2,3500162,6,1,28.0,134,true
2026-03-07,2,2,3500162,7,1,12.0,58,true
2026-03-07,2,2,3500162,8,1,14.0,67,true
2026-03-07,2,2,3500162,9,1,18.0,86,true
2026-03-07,2,2,3500162,10,1,10.0,48,true
2026-03-07,2,2,3500162,11,1,14.0,67,true
2026-03-07,2,2,3500162,12,1,24.0,115,true
2026-03-07,2,2,3500162,13,1,25.0,120,true
2026-03-07,4,2,3501430,1,1,28.0,88,true
2026-03-07,4,2,3501430,2,1,18.0,57,true
2026-03-07,4,2,3501430,3,1,16.0,50,true
2026-03-07,4,2,3501430,4,1,8.0,25,true
2026-03-07,4,2,3501430,5,1,14.0,44,true
2026-03-07,4,2,3501430,6,1,28.0,88,true
2026-03-07,4,2,3501430,7,1,12.0,38,true
2026-03-07,4,2,3501430,8,1,10.0,32,true
2026-03-07,4,2,3501430,9,1,11.0,35,true
2026-03-07,4,2,3501430,10,1,12.0,38,true
2026-03-07,4,2,3501430,11,1,14.0,44,true
2026-03-07,4,2,3501430,12,1,16.0,50,true
2026-03-07,4,2,3501430,13,1,14.0,44,true
2026-03-08,1,1,3500005,1,1,12.0,68,true
2026-03-08,1,1,3500005,2,1,11.0,63,true
2026-03-08,1,1,3500005,3,1,13.0,74,true
2026-03-08,1,1,3500005,4,1,9.0,51,true
2026-03-08,1,1,3500005,5,1,6.0,34,true
2026-03-08,1,1,3500005,6,1,8.0,46,true
2026-03-08,1,1,3500005,7,1,8.0,46,true
2026-03-08,1,1,3500005,8,1,22.0,125,true
2026-03-08,1,1,3500005,9,1,10.0,57,true
2026-03-08,1,1,3500005,10,1,11.0,63,true
2026-03-08,1,1,3500005,11,1,15.0,85,true
2026-03-08,1,1,3500005,12,1,19.0,108,true
2026-03-08,1,1,3500005,13,1,16.0,91,true
2026-03-08,2,1,3500162,1,1,18.0,86,true
2026-03-08,2,1,3500162,2,1,13.0,62,true
2026-03-08,2,1,3500162,3,1,15.0,72,true
2026-03-08,2,1,3500162,4,1,12.0,58,true
2026-03-08,2,1,3500162,5,1,8.0,39,true
2026-03-08,2,1,3500162,6,1,10.0,48,true
2026-03-08,2,1,3500162,7,1,9.0,43,true
2026-03-08,2,1,3500162,8,1,22.0,105,true
2026-03-08,2,1,3500162,9,1,9.0,43,true
2026-03-08,2,1,3500162,10,1,11.0,53,true
2026-03-08,2,1,3500162,11,1,13.0,62,true
2026-03-08,2,1,3500162,12,1,17.0,81,true
2026-03-08,2,1,3500162,13,1,15.0,72,true
2026-03-08,4,1,3501430,1,1,21.0,66,true
2026-03-08,4,1,3501430,2,1,16.0,50,true
2026-03-08,4,1,3501430,3,1,19.0,60,true
2026-03-08,4,1,3501430,4,1,11.0,35,true
2026-03-08,4,1,3501430,5,1,13.0,41,true
2026-03-08,4,1,3501430,6,1,15.0,47,true
2026-03-08,4,1,3501430,7,1,9.0,29,true
2026-03-08,4,1,3501430,8,1,22.0,69,true
2026-03-08,4,1,3501430,9,1,13.0,41,true
2026-03-08,4,1,3501430,10,1,11.0,35,true
2026-03-08,4,1,3501430,11,1,19.0,60,true
2026-03-08,4,1,3501430,12,1,24.0,75,true
2026-03-08,4,1,3501430,13,1,21.0,66,true
2026-03-08,1,2,3500005,1,1,10.0,57,true
2026-03-08,1,2,3500005,2,1,12.0,68,true
2026-03-08,1,2,3500005,3,1,11.0,63,true
2026-03-08,1,2,3500005,4,1,7.0,40,true
2026-03-08,1,2,3500005,5,1,4.0,23,true
2026-03-08,1,2,3500005,6,1,9.0,51,true
2026-03-08,1,2,3500005,7,1,10.0,57,true
2026-03-08,1,2,3500005,8,1,20.0,113,true
2026-03-08,1,2,3500005,9,1,9.0,51,true
2026-03-08,1,2,3500005,10,1,10.0,57,true
2026-03-08,1,2,3500005,11,1,13.0,74,true
2026-03-08,1,2,3500005,12,1,17.0,97,true
2026-03-08,1,2,3500005,13,1,15.0,85,true
2026-03-08,2,2,3500162,1,1,16.0,77,true
2026-03-08,2,2,3500162,2,1,15.0,72,true
2026-03-08,2,2,3500162,3,1,14.0,67,true
2026-03-08,2,2,3500162,4,1,10.0,48,true
2026-03-08,2,2,3500162,5,1,10.0,48,true
2026-03-08,2,2,3500162,6,1,9.0,43,true
2026-03-08,2,2,3500162,7,1,8.0,39,true
2026-03-08,2,2,3500162,8,1,17.0,81,true
2026-03-08,2,2,3500162,9,1,10.0,48,true
2026-03-08,2,2,3500162,10,1,14.0,67,true
2026-03-08,2,2,3500162,11,1,12.0,58,true
2026-03-08,2,2,3500162,12,1,15.0,72,true
2026-03-08,2,2,3500162,13,1,13.0,62,true
2026-03-08,4,2,3501430,1,1,19.0,60,true
2026-03-08,4,2,3501430,2,1,13.0,41,true
2026-03-08,4,2,3501430,3,1,14.0,44,true
2026-03-08,4,2,3501430,4,1,9.0,29,true
2026-03-08,4,2,3501430,5,1,15.0,47,true
2026-03-08,4,2,3501430,6,1,12.0,38,true
2026-03-08,4,2,3501430,7,1,11.0,35,true
2026-03-08,4,2,3501430,8,1,20.0,63,true
2026-03-08,4,2,3501430,9,1,10.0,32,true
2026-03-08,4,2,3501430,10,1,13.0,41,true
2026-03-08,4,2,3501430,11,1,18.0,57,true
2026-03-08,4,2,3501430,12,1,17.0,53,true
2026-03-08,4,2,3501430,13,1,19.0,60,true
2026-03-08,1,3,3500005,1,1,11.0,63,true
2026-03-08,1,3,3500005,2,1,12.0,68,true
2026-03-08,1,3,3500005,3,1,10.0,57,true
2026-03-08,1,3,3500005,4,1,9.0,51,true
2026-03-08,1,3,3500005,5,1,5.0,29,true
2026-03-08,1,3,3500005,6,1,7.0,40,true
2026-03-08,1,3,3500005,7,1,10.0,57,true
2026-03-08,1,3,3500005,8,1,29.0,164,true
2026-03-08,1,3,3500005,9,1,10.0,57,true
2026-03-08,1,3,3500005,10,1,11.0,63,true
2026-03-08,1,3,3500005,11,1,19.0,108,true
2026-03-08,1,3,3500005,12,1,21.0,119,true
2026-03-08,1,3,3500005,13,1,17.0,97,true
2026-03-08,2,3,3500162,1,1,19.0,91,true
2026-03-08,2,3,3500162,2,1,12.0,58,true
2026-03-08,2,3,3500162,3,1,16.0,77,true
2026-03-08,2,3,3500162,4,1,10.0,48,true
2026-03-08,2,3,3500162,5,1,9.0,43,true
2026-03-08,2,3,3500162,6,1,13.0,62,true
2026-03-08,2,3,3500162,7,1,10.0,48,true
2026-03-08,2,3,3500162,8,1,29.0,139,true
2026-03-08,2,3,3500162,9,1,12.0,58,true
2026-03-08,2,3,3500162,10,1,14.0,67,true
2026-03-08,2,3,3500162,11,1,12.0,58,true
2026-03-08,2,3,3500162,12,1,20.0,96,true
2026-03-08,2,3,3500162,13,1,14.0,67,true
2026-03-08,4,3,3501430,1,1,22.0,69,true
2026-03-08,4,3,3501430,2,1,17.0,53,true
2026-03-08,4,3,3501430,3,1,19.0,60,true
2026-03-08,4,3,3501430,4,1,10.0,32,true
2026-03-08,4,3,3501430,5,1,14.0,44,true
2026-03-08,4,3,3501430,6,1,17.0,53,true
2026-03-08,4,3,3501430,7,1,10.0,32,true
2026-03-08,4,3,3501430,8,1,30.0,94,true
2026-03-08,4,3,3501430,9,1,14.0,44,true
2026-03-08,4,3,3501430,10,1,10.0,32,true
2026-03-08,4,3,3501430,11,1,18.0,57,true
2026-03-08,4,3,3501430,12,1,29.0,91,true
2026-03-08,4,3,3501430,13,1,21.0,66,true
2026-03-09,1,2,3500005,1,1,26.0,147,true
2026-03-09,1,2,3500005,2,1,21.0,119,true
2026-03-09,1,2,3500005,3,1,22.0,125,true
2026-03-09,1,2,3500005,4,1,23.0,130,true
2026-03-09,1,2,3500005,5,1,24.0,136,true
2026-03-09,1,2,3500005,6,1,42.0,238,true
2026-03-09,1,2,3500005,7,1,14.0,80,true
2026-03-09,1,2,3500005,8,1,12.0,68,true
2026-03-09,1,2,3500005,9,1,12.0,68,true
2026-03-09,1,2,3500005,10,1,11.0,63,true
2026-03-09,1,2,3500005,11,1,11.0,63,true
2026-03-09,1,2,3500005,12,1,10.0,57,true
2026-03-09,1,2,3500005,13,1,23.0,130,true
2026-03-09,2,2,412644,1,1,27.0,129,true
2026-03-09,2,2,412644,2,1,24.0,115,true
2026-03-09,2,2,412644,3,1,22.0,105,true
2026-03-09,2,2,412644,4,1,21.0,100,true
2026-03-09,2,2,412644,5,1,21.0,100,true
2026-03-09,2,2,412644,6,1,41.0,196,true
2026-03-09,2,2,412644,7,1,14.0,67,true
2026-03-09,2,2,412644,8,1,12.0,58,true
2026-03-09,2,2,412644,9,1,12.0,58,true
2026-03-09,2,2,412644,10,1,11.0,53,true
2026-03-09,2,2,412644,11,1,10.0,48,true
2026-03-09,2,2,412644,12,1,19.0,91,true
2026-03-09,2,2,412644,13,1,11.0,53,true
2026-03-09,4,2,3501226,1,1,29.0,157,true
2026-03-09,4,2,3501226,2,1,21.0,114,true
2026-03-09,4,2,3501226,3,1,26.0,141,true
2026-03-09,4,2,3501226,4,1,21.0,114,true
2026-03-09,4,2,3501226,5,1,27.0,146,true
2026-03-09,4,2,3501226,6,1,38.0,206,true
2026-03-09,4,2,3501226,7,1,16.0,87,true
2026-03-09,4,2,3501226,8,1,14.0,76,true
2026-03-09,4,2,3501226,9,1,11.0,60,true
2026-03-09,4,2,3501226,10,1,11.0,60,true
2026-03-09,4,2,3501226,11,1,11.0,60,true
2026-03-09,4,2,3501226,12,1,11.0,60,true
2026-03-09,4,2,3501226,13,1,23.0,125,true
2026-03-09,1,2,3500005,1,2,28.0,159,true
2026-03-09,1,2,3500005,2,2,32.0,181,true
2026-03-09,1,2,3500005,3,2,22.0,125,true
2026-03-09,1,2,3500005,4,2,18.0,102,true
2026-03-09,1,2,3500005,5,2,19.0,108,true
2026-03-09,1,2,3500005,6,2,23.0,130,true
2026-03-09,1,2,3500005,7,2,12.0,68,true
2026-03-09,1,2,3500005,8,2,12.0,68,true
2026-03-09,1,2,3500005,9,2,10.0,57,true
2026-03-09,1,2,3500005,10,2,14.0,80,true
2026-03-09,1,2,3500005,11,2,9.0,51,true
2026-03-09,1,2,3500005,12,2,12.0,68,true
2026-03-09,1,2,3500005,13,2,16.0,91,true
2026-03-09,2,2,412644,1,2,18.0,86,true
2026-03-09,2,2,412644,2,2,20.0,96,true
2026-03-09,2,2,412644,3,2,12.0,58,true
2026-03-09,2,2,412644,4,2,14.0,67,true
2026-03-09,2,2,412644,5,2,10.0,48,true
2026-03-09,2,2,412644,6,2,27.0,129,true
2026-03-09,2,2,412644,7,2,11.0,53,true
2026-03-09,2,2,412644,8,2,14.0,67,true
2026-03-09,2,2,412644,9,2,12.0,58,true
2026-03-09,2,2,412644,10,2,9.0,43,true
2026-03-09,2,2,412644,11,2,8.0,39,true
2026-03-09,2,2,412644,12,2,14.0,67,true
2026-03-09,2,2,412644,13,2,18.0,86,true
2026-03-09,4,2,3501226,1,2,22.0,119,true
2026-03-09,4,2,3501226,2,2,32.0,173,true
2026-03-09,4,2,3501226,3,2,12.0,65,true
2026-03-09,4,2,3501226,4,2,10.0,55,true
2026-03-09,4,2,3501226,5,2,9.0,49,true
2026-03-09,4,2,3501226,6,2,16.0,87,true
2026-03-09,4,2,3501226,7,2,8.0,44,true
2026-03-09,4,2,3501226,8,2,8.0,44,true
2026-03-09,4,2,3501226,9,2,10.0,55,true
2026-03-09,4,2,3501226,10,2,7.0,38,true
2026-03-09,4,2,3501226,11,2,10.0,55,true
2026-03-09,4,2,3501226,12,2,12.0,65,true
2026-03-09,4,2,3501226,13,2,10.0,55,true
2026-03-11,1,1,3500005,1,1,14.0,80,true
2026-03-11,1,1,3500005,2,1,19.0,108,true
2026-03-11,1,1,3500005,3,1,26.0,147,true
2026-03-11,1,1,3500005,4,1,36.0,204,true
2026-03-11,1,1,3500005,5,1,14.0,80,true
2026-03-11,1,1,3500005,6,1,32.0,181,true
2026-03-11,1,1,3500005,7,1,11.0,63,true
2026-03-11,1,1,3500005,8,1,12.0,68,true
2026-03-11,1,1,3500005,9,1,10.0,57,true
2026-03-11,1,1,3500005,10,1,11.0,63,true
2026-03-11,1,1,3500005,11,1,12.0,68,true
2026-03-11,1,1,3500005,12,1,18.0,102,true
2026-03-11,1,1,3500005,13,1,31.0,176,true
2026-03-11,2,1,412644,1,1,18.0,86,true
2026-03-11,2,1,412644,2,1,36.0,172,true
2026-03-11,2,1,412644,3,1,28.0,134,true
2026-03-11,2,1,412644,4,1,19.0,91,true
2026-03-11,2,1,412644,5,1,22.0,105,true
2026-03-11,2,1,412644,6,1,40.0,191,true
2026-03-11,2,1,412644,7,1,18.0,86,true
2026-03-11,2,1,412644,8,1,12.0,58,true
2026-03-11,2,1,412644,9,1,14.0,67,true
2026-03-11,2,1,412644,10,1,17.0,81,true
2026-03-11,2,1,412644,11,1,22.0,105,true
2026-03-11,2,1,412644,12,1,34.0,162,true
2026-03-11,2,1,412644,13,1,27.0,129,true
2026-03-11,4,1,3501226,1,1,19.0,103,true
2026-03-11,4,1,3501226,2,1,26.0,141,true
2026-03-11,4,1,3501226,3,1,38.0,206,true
2026-03-11,4,1,3501226,4,1,32.0,173,true
2026-03-11,4,1,3501226,5,1,16.0,87,true
2026-03-11,4,1,3501226,6,1,34.0,184,true
2026-03-11,4,1,3501226,7,1,12.0,65,true
2026-03-11,4,1,3501226,8,1,9.0,49,true
2026-03-11,4,1,3501226,9,1,13.0,71,true
2026-03-11,4,1,3501226,10,1,10.0,55,true
2026-03-11,4,1,3501226,11,1,16.0,87,true
2026-03-11,4,1,3501226,12,1,22.0,119,true
2026-03-11,4,1,3501226,13,1,39.0,211,true
2026-03-11,6,1,3500888,1,1,20.0,33,true
2026-03-11,6,1,3500888,2,1,22.0,36,true
2026-03-11,6,1,3500888,3,1,14.0,23,true
2026-03-11,6,1,3500888,4,1,14.0,23,true
2026-03-11,6,1,3500888,5,1,12.0,20,true
2026-03-11,6,1,3500888,6,1,26.0,42,true
2026-03-11,6,1,3500888,7,1,10.0,17,true
2026-03-11,6,1,3500888,8,1,9.0,15,true
2026-03-11,6,1,3500888,9,1,11.0,18,true
2026-03-11,6,1,3500888,10,1,8.0,13,true
2026-03-11,6,1,3500888,11,1,14.0,23,true
2026-03-11,6,1,3500888,12,1,18.0,30,true
2026-03-11,6,1,3500888,13,1,17.0,28,true
2026-03-11,1,1,3500005,1,2,31.0,176,true
2026-03-11,1,1,3500005,2,2,30.0,170,true
2026-03-11,1,1,3500005,3,2,26.0,147,true
2026-03-11,1,1,3500005,4,2,24.0,136,true
2026-03-11,1,1,3500005,5,2,21.0,119,true
2026-03-11,1,1,3500005,6,2,42.0,238,true
2026-03-11,1,1,3500005,7,2,16.0,91,true
2026-03-11,1,1,3500005,8,2,14.0,80,true
2026-03-11,1,1,3500005,9,2,12.0,68,true
2026-03-11,1,1,3500005,10,2,12.0,68,true
2026-03-11,1,1,3500005,11,2,10.0,57,true
2026-03-11,1,1,3500005,12,2,10.0,57,true
2026-03-11,1,1,3500005,13,2,21.0,119,true
2026-03-11,2,1,3501430,1,1,26.0,82,true
2026-03-11,2,1,3501430,2,1,20.0,63,true
2026-03-11,2,1,3501430,3,1,21.0,66,true
2026-03-11,2,1,3501430,4,1,21.0,66,true
2026-03-11,2,1,3501430,5,1,20.0,63,true
2026-03-11,2,1,3501430,6,1,41.0,128,true
2026-03-11,2,1,3501430,7,1,16.0,50,true
2026-03-11,2,1,3501430,8,1,14.0,44,true
2026-03-11,2,1,3501430,9,1,12.0,38,true
2026-03-11,2,1,3501430,10,1,12.0,38,true
2026-03-11,2,1,3501430,11,1,12.0,38,true
2026-03-11,2,1,3501430,12,1,12.0,38,true
2026-03-11,2,1,3501430,13,1,22.0,69,true
2026-03-11,4,1,3501226,1,2,32.0,173,true
2026-03-11,4,1,3501226,2,2,31.0,168,true
2026-03-11,4,1,3501226,3,2,30.0,163,true
2026-03-11,4,1,3501226,4,2,20.0,109,true
2026-03-11,4,1,3501226,5,2,29.0,157,true
2026-03-11,4,1,3501226,6,2,53.0,287,true
2026-03-11,4,1,3501226,7,2,14.0,76,true
2026-03-11,4,1,3501226,8,2,12.0,65,true
2026-03-11,4,1,3501226,9,2,11.0,60,true
2026-03-11,4,1,3501226,10,2,16.0,87,true
2026-03-11,4,1,3501226,11,2,11.0,60,true
2026-03-11,4,1,3501226,12,2,10.0,55,true
2026-03-11,4,1,3501226,13,2,18.0,98,true
2026-03-11,6,1,3500888,1,2,29.0,47,true
2026-03-11,6,1,3500888,2,2,20.0,33,true
2026-03-11,6,1,3500888,3,2,10.0,17,true
2026-03-11,6,1,3500888,4,2,14.0,23,true
2026-03-11,6,1,3500888,5,2,14.0,23,true
2026-03-11,6,1,3500888,6,2,22.0,36,true
2026-03-11,6,1,3500888,7,2,10.0,17,true
2026-03-11,6,1,3500888,8,2,4.0,7,true
2026-03-11,6,1,3500888,9,2,9.0,15,true
2026-03-11,6,1,3500888,10,2,9.0,15,true
2026-03-11,6,1,3500888,11,2,9.0,15,true
2026-03-11,6,1,3500888,12,2,9.0,15,true
2026-03-11,6,1,3500888,13,2,17.0,28,true
2026-03-12,1,3,3500005,1,1,16.0,91,true
2026-03-12,1,3,3500005,2,1,10.0,57,true
2026-03-12,1,3,3500005,3,1,11.0,63,true
2026-03-12,1,3,3500005,4,1,9.0,51,true
2026-03-12,1,3,3500005,5,1,8.0,46,true
2026-03-12,1,3,3500005,6,1,21.0,119,true
2026-03-12,1,3,3500005,7,1,12.0,68,true
2026-03-12,1,3,3500005,8,1,10.0,57,true
2026-03-12,1,3,3500005,9,1,10.0,57,true
2026-03-12,1,3,3500005,10,1,11.0,63,true
2026-03-12,1,3,3500005,11,1,11.0,63,true
2026-03-12,1,3,3500005,12,1,11.0,63,true
2026-03-12,1,3,3500005,13,1,11.0,63,true
2026-03-12,2,3,3501430,1,1,16.0,50,true
2026-03-12,2,3,3501430,2,1,10.0,32,true
2026-03-12,2,3,3501430,3,1,15.0,47,true
2026-03-12,2,3,3501430,4,1,10.0,32,true
2026-03-12,2,3,3501430,5,1,12.0,38,true
2026-03-12,2,3,3501430,6,1,21.0,66,true
2026-03-12,2,3,3501430,7,1,10.0,32,true
2026-03-12,2,3,3501430,8,1,10.0,32,true
2026-03-12,2,3,3501430,9,1,11.0,35,true
2026-03-12,2,3,3501430,10,1,12.0,38,true
2026-03-12,2,3,3501430,11,1,16.0,50,true
2026-03-12,2,3,3501430,12,1,11.0,35,true
2026-03-12,2,3,3501430,13,1,11.0,35,true
2026-03-12,4,3,3501226,1,1,16.0,87,true
2026-03-12,4,3,3501226,2,1,22.0,119,true
2026-03-12,4,3,3501226,3,1,24.0,130,true
2026-03-12,4,3,3501226,4,1,19.0,103,true
2026-03-12,4,3,3501226,5,1,26.0,141,true
2026-03-12,4,3,3501226,6,1,10.0,55,true
2026-03-12,4,3,3501226,7,1,10.0,55,true
2026-03-12,4,3,3501226,8,1,11.0,60,true
2026-03-12,4,3,3501226,9,1,12.0,65,true
2026-03-12,4,3,3501226,10,1,10.0,55,true
2026-03-12,4,3,3501226,11,1,11.0,60,true
2026-03-12,4,3,3501226,12,1,10.0,55,true
2026-03-12,4,3,3501226,13,1,0.0,0,true
2026-03-12,6,3,3500888,1,1,20.0,33,true
2026-03-12,6,3,3500888,2,1,30.0,49,true
2026-03-12,6,3,3500888,3,1,10.0,17,true
2026-03-12,6,3,3500888,4,1,16.0,26,true
2026-03-12,6,3,3500888,5,1,18.0,30,true
2026-03-12,6,3,3500888,6,1,39.0,63,true
2026-03-12,6,3,3500888,7,1,11.0,18,true
2026-03-12,6,3,3500888,8,1,10.0,17,true
2026-03-12,6,3,3500888,9,1,10.0,17,true
2026-03-12,6,3,3500888,10,1,11.0,18,true
2026-03-12,6,3,3500888,11,1,11.0,18,true
2026-03-12,6,3,3500888,12,1,12.0,20,true
2026-03-12,6,3,3500888,13,1,10.0,17,true
2026-03-12,1,1,3500005,1,1,32.0,181,true
2026-03-12,1,1,3500005,2,1,13.0,74,true
2026-03-12,1,1,3500005,3,1,16.0,91,true
2026-03-12,1,1,3500005,4,1,12.0,68,true
2026-03-12,1,1,3500005,5,1,11.0,63,true
2026-03-12,1,1,3500005,6,1,22.0,125,true
2026-03-12,1,1,3500005,7,1,11.0,63,true
2026-03-12,1,1,3500005,8,1,9.0,51,true
2026-03-12,1,1,3500005,9,1,7.0,40,true
2026-03-12,1,1,3500005,10,1,10.0,57,true
2026-03-12,1,1,3500005,11,1,12.0,68,true
2026-03-12,1,1,3500005,12,1,14.0,80,true
2026-03-12,1,1,3500005,13,1,19.0,108,true
2026-03-12,2,1,3501430,1,1,21.0,66,true
2026-03-12,2,1,3501430,2,1,32.0,100,true
2026-03-12,2,1,3501430,3,1,14.0,44,true
2026-03-12,2,1,3501430,4,1,12.0,38,true
2026-03-12,2,1,3501430,5,1,11.0,35,true
2026-03-12,2,1,3501430,6,1,26.0,82,true
2026-03-12,2,1,3501430,7,1,12.0,38,true
2026-03-12,2,1,3501430,8,1,9.0,29,true
2026-03-12,2,1,3501430,9,1,11.0,35,true
2026-03-12,2,1,3501430,10,1,10.0,32,true
2026-03-12,2,1,3501430,11,1,12.0,38,true
2026-03-12,2,1,3501430,12,1,16.0,50,true
2026-03-12,2,1,3501430,13,1,21.0,66,true
2026-03-12,4,1,3501226,1,1,18.0,98,true
2026-03-12,4,1,3501226,2,1,32.0,173,true
2026-03-12,4,1,3501226,3,1,12.0,65,true
2026-03-12,4,1,3501226,4,1,16.0,87,true
2026-03-12,4,1,3501226,5,1,14.0,76,true
2026-03-12,4,1,3501226,6,1,27.0,146,true
2026-03-12,4,1,3501226,7,1,11.0,60,true
2026-03-12,4,1,3501226,8,1,10.0,55,true
2026-03-12,4,1,3501226,9,1,14.0,76,true
2026-03-12,4,1,3501226,10,1,16.0,87,true
2026-03-12,4,1,3501226,11,1,12.0,65,true
2026-03-12,4,1,3501226,12,1,18.0,98,true
2026-03-12,4,1,3501226,13,1,20.0,109,true
2026-03-12,6,1,3500888,1,1,12.0,20,true
2026-03-12,6,1,3500888,2,1,16.0,26,true
2026-03-12,6,1,3500888,3,1,18.0,30,true
2026-03-12,6,1,3500888,4,1,16.0,26,true
2026-03-12,6,1,3500888,5,1,12.0,20,true
2026-03-12,6,1,3500888,6,1,22.0,36,true
2026-03-12,6,1,3500888,7,1,10.0,17,true
2026-03-12,6,1,3500888,8,1,9.0,15,true
2026-03-12,6,1,3500888,9,1,12.0,20,true
2026-03-12,6,1,3500888,10,1,11.0,18,true
2026-03-12,6,1,3500888,11,1,14.0,23,true
2026-03-12,6,1,3500888,12,1,10.0,17,true
2026-03-12,6,1,3500888,13,1,16.0,26,true
2026-03-12,1,2,3500005,1,1,31.0,176,true
2026-03-12,1,2,3500005,2,1,26.0,147,true
2026-03-12,1,2,3500005,3,1,24.0,136,true
2026-03-12,1,2,3500005,4,1,22.0,125,true
2026-03-12,1,2,3500005,5,1,21.0,119,true
2026-03-12,1,2,3500005,6,1,41.0,232,true
2026-03-12,1,2,3500005,7,1,14.0,80,true
2026-03-12,1,2,3500005,8,1,12.0,68,true
2026-03-12,1,2,3500005,9,1,11.0,63,true
2026-03-12,1,2,3500005,10,1,10.0,57,true
2026-03-12,1,2,3500005,11,1,9.0,51,true
2026-03-12,1,2,3500005,12,1,9.0,51,true
2026-03-12,1,2,3500005,13,1,17.0,97,true
2026-03-12,2,2,3501430,1,1,30.0,94,true
2026-03-12,2,2,3501430,2,1,28.0,88,true
2026-03-12,2,2,3501430,3,1,25.0,78,true
2026-03-12,2,2,3501430,4,1,26.0,82,true
2026-03-12,2,2,3501430,5,1,21.0,66,true
2026-03-12,2,2,3501430,6,1,42.0,131,true
2026-03-12,2,2,3501430,7,1,16.0,50,true
2026-03-12,2,2,3501430,8,1,14.0,44,true
2026-03-12,2,2,3501430,9,1,12.0,38,true
2026-03-12,2,2,3501430,10,1,11.0,35,true
2026-03-12,2,2,3501430,11,1,12.0,38,true
2026-03-12,2,2,3501430,12,1,12.0,38,true
2026-03-12,2,2,3501430,13,1,19.0,60,true
2026-03-12,4,2,3501226,1,1,29.0,157,true
2026-03-12,4,2,3501226,2,1,28.0,152,true
2026-03-12,4,2,3501226,3,1,26.0,141,true
2026-03-12,4,2,3501226,4,1,27.0,146,true
2026-03-12,4,2,3501226,5,1,26.0,141,true
2026-03-12,4,2,3501226,6,1,50.0,271,true
2026-03-12,4,2,3501226,7,1,14.0,76,true
2026-03-12,4,2,3501226,8,1,12.0,65,true
2026-03-12,4,2,3501226,9,1,12.0,65,true
2026-03-12,4,2,3501226,10,1,14.0,76,true
2026-03-12,4,2,3501226,11,1,16.0,87,true
2026-03-12,4,2,3501226,12,1,16.0,87,true
2026-03-12,4,2,3501226,13,1,32.0,173,true
2026-03-12,6,2,3500888,1,1,25.0,41,true
2026-03-12,6,2,3500888,2,1,26.0,42,true
2026-03-12,6,2,3500888,3,1,26.0,42,true
2026-03-12,6,2,3500888,4,1,24.0,39,true
2026-03-12,6,2,3500888,5,1,24.0,39,true
2026-03-12,6,2,3500888,6,1,45.0,73,true
2026-03-12,6,2,3500888,7,1,14.0,23,true
2026-03-12,6,2,3500888,8,1,14.0,23,true
2026-03-12,6,2,3500888,9,1,14.0,23,true
2026-03-12,6,2,3500888,10,1,14.0,23,true
2026-03-12,6,2,3500888,11,1,14.0,23,true
2026-03-12,6,2,3500888,12,1,14.0,23,true
2026-03-12,6,2,3500888,13,1,24.0,39,true
2026-03-13,1,3,3500005,1,1,10.0,57,true
2026-03-13,1,3,3500005,2,1,9.0,51,true
2026-03-13,1,3,3500005,3,1,12.0,68,true
2026-03-13,1,3,3500005,4,1,11.0,63,true
2026-03-13,1,3,3500005,5,1,10.0,57,true
2026-03-13,1,3,3500005,6,1,23.0,130,true
2026-03-13,1,3,3500005,7,1,11.0,63,true
2026-03-13,1,3,3500005,8,1,9.0,51,true
2026-03-13,1,3,3500005,9,1,8.0,46,true
2026-03-13,1,3,3500005,10,1,7.0,40,true
2026-03-13,1,3,3500005,11,1,10.0,57,true
2026-03-13,1,3,3500005,12,1,11.0,63,true
2026-03-13,1,3,3500005,13,1,12.0,68,true
2026-03-13,2,3,3501430,1,1,16.0,50,true
2026-03-13,2,3,3501430,2,1,18.0,57,true
2026-03-13,2,3,3501430,3,1,19.0,60,true
2026-03-13,2,3,3501430,4,1,16.0,50,true
2026-03-13,2,3,3501430,5,1,10.0,32,true
2026-03-13,2,3,3501430,6,1,23.0,72,true
2026-03-13,2,3,3501430,7,1,16.0,50,true
2026-03-13,2,3,3501430,8,1,10.0,32,true
2026-03-13,2,3,3501430,9,1,10.0,32,true
2026-03-13,2,3,3501430,10,1,10.0,32,true
2026-03-13,2,3,3501430,11,1,10.0,32,true
2026-03-13,2,3,3501430,12,1,10.0,32,true
2026-03-13,2,3,3501430,13,1,16.0,50,true
2026-03-13,4,3,3501226,1,1,20.0,109,true
2026-03-13,4,3,3501226,2,1,16.0,87,true
2026-03-13,4,3,3501226,3,1,19.0,103,true
2026-03-13,4,3,3501226,4,1,18.0,98,true
2026-03-13,4,3,3501226,5,1,19.0,103,true
2026-03-13,4,3,3501226,6,1,21.0,114,true
2026-03-13,4,3,3501226,7,1,11.0,60,true
2026-03-13,4,3,3501226,8,1,16.0,87,true
2026-03-13,4,3,3501226,9,1,10.0,55,true
2026-03-13,4,3,3501226,10,1,11.0,60,true
2026-03-13,4,3,3501226,11,1,11.0,60,true
2026-03-13,4,3,3501226,12,1,11.0,60,true
2026-03-13,4,3,3501226,13,1,10.0,55,true
2026-03-13,6,3,3500888,1,1,16.0,26,true
2026-03-13,6,3,3500888,2,1,16.0,26,true
2026-03-13,6,3,3500888,3,1,24.0,39,true
2026-03-13,6,3,3500888,4,1,16.0,26,true
2026-03-13,6,3,3500888,5,1,19.0,31,true
2026-03-13,6,3,3500888,6,1,21.0,34,true
2026-03-13,6,3,3500888,7,1,22.0,36,true
2026-03-13,6,3,3500888,8,1,22.0,36,true
2026-03-13,6,3,3500888,9,1,16.0,26,true
2026-03-13,6,3,3500888,10,1,19.0,31,true
2026-03-13,6,3,3500888,11,1,10.0,17,true
2026-03-13,6,3,3500888,12,1,10.0,17,true
2026-03-13,6,3,3500888,13,1,16.0,26,true
2026-03-13,1,1,3500005,1,1,12.0,68,true
2026-03-13,1,1,3500005,2,1,14.0,80,true
2026-03-13,1,1,3500005,3,1,11.0,63,true
2026-03-13,1,1,3500005,4,1,12.0,68,true
2026-03-13,1,1,3500005,5,1,10.0,57,true
2026-03-13,1,1,3500005,6,1,23.0,130,true
2026-03-13,1,1,3500005,7,1,12.0,68,true
2026-03-13,1,1,3500005,8,1,10.0,57,true
2026-03-13,1,1,3500005,9,1,11.0,63,true
2026-03-13,1,1,3500005,10,1,10.0,57,true
2026-03-13,1,1,3500005,11,1,12.0,68,true
2026-03-13,1,1,3500005,12,1,16.0,91,true
2026-03-13,1,1,3500005,13,1,24.0,136,true
2026-03-13,2,1,3501430,1,1,28.0,88,true
2026-03-13,2,1,3501430,2,1,16.0,50,true
2026-03-13,2,1,3501430,3,1,22.0,69,true
2026-03-13,2,1,3501430,4,1,12.0,38,true
2026-03-13,2,1,3501430,5,1,11.0,35,true
2026-03-13,2,1,3501430,6,1,31.0,97,true
2026-03-13,2,1,3501430,7,1,12.0,38,true
2026-03-13,2,1,3501430,8,1,10.0,32,true
2026-03-13,2,1,3501430,9,1,11.0,35,true
2026-03-13,2,1,3501430,10,1,9.0,29,true
2026-03-13,2,1,3501430,11,1,12.0,38,true
2026-03-13,2,1,3501430,12,1,16.0,50,true
2026-03-13,2,1,3501430,13,1,21.0,66,true
2026-03-13,4,1,3501226,1,1,28.0,152,true
2026-03-13,4,1,3501226,2,1,26.0,141,true
2026-03-13,4,1,3501226,3,1,17.0,92,true
2026-03-13,4,1,3501226,4,1,14.0,76,true
2026-03-13,4,1,3501226,5,1,18.0,98,true
2026-03-13,4,1,3501226,6,1,48.0,260,true
2026-03-13,4,1,3501226,7,1,12.0,65,true
2026-03-13,4,1,3501226,8,1,10.0,55,true
2026-03-13,4,1,3501226,9,1,11.0,60,true
2026-03-13,4,1,3501226,10,1,10.0,55,true
2026-03-13,4,1,3501226,11,1,12.0,65,true
2026-03-13,4,1,3501226,12,1,19.0,103,true
2026-03-13,4,1,3501226,13,1,25.0,136,true
2026-03-13,6,1,3500888,1,1,12.0,20,true
2026-03-13,6,1,3500888,2,1,36.0,59,true
2026-03-13,6,1,3500888,3,1,19.0,31,true
2026-03-13,6,1,3500888,4,1,14.0,23,true
2026-03-13,6,1,3500888,5,1,12.0,20,true
2026-03-13,6,1,3500888,6,1,29.0,47,true
2026-03-13,6,1,3500888,7,1,11.0,18,true
2026-03-13,6,1,3500888,8,1,10.0,17,true
2026-03-13,6,1,3500888,9,1,8.0,13,true
2026-03-13,6,1,3500888,10,1,10.0,17,true
2026-03-13,6,1,3500888,11,1,11.0,18,true
2026-03-13,6,1,3500888,12,1,14.0,23,true
2026-03-13,6,1,3500888,13,1,17.0,28,true
2026-03-13,1,2,3500005,1,1,26.0,147,true
2026-03-13,1,2,3500005,2,1,21.0,119,true
2026-03-13,1,2,3500005,3,1,24.0,136,true
2026-03-13,1,2,3500005,4,1,21.0,119,true
2026-03-13,1,2,3500005,5,1,22.0,125,true
2026-03-13,1,2,3500005,6,1,41.0,232,true
2026-03-13,1,2,3500005,7,1,16.0,91,true
2026-03-13,1,2,3500005,8,1,14.0,80,true
2026-03-13,1,2,3500005,9,1,12.0,68,true
2026-03-13,1,2,3500005,10,1,12.0,68,true
2026-03-13,1,2,3500005,11,1,12.0,68,true
2026-03-13,1,2,3500005,12,1,12.0,68,true
2026-03-13,1,2,3500005,13,1,10.0,57,true
2026-03-13,2,2,3501430,1,1,29.0,91,true
2026-03-13,2,2,3501430,2,1,28.0,88,true
2026-03-13,2,2,3501430,3,1,26.0,82,true
2026-03-13,2,2,3501430,4,1,21.0,66,true
2026-03-13,2,2,3501430,5,1,21.0,66,true
2026-03-13,2,2,3501430,6,1,42.0,131,true
2026-03-13,2,2,3501430,7,1,16.0,50,true
2026-03-13,2,2,3501430,8,1,26.0,82,true
2026-03-13,2,2,3501430,9,1,14.0,44,true
2026-03-13,2,2,3501430,10,1,12.0,38,true
2026-03-13,2,2,3501430,11,1,12.0,38,true
2026-03-13,2,2,3501430,12,1,12.0,38,true
2026-03-13,2,2,3501430,13,1,30.0,94,true
2026-03-13,4,2,3501226,1,1,31.0,168,true
2026-03-13,4,2,3501226,2,1,30.0,163,true
2026-03-13,4,2,3501226,3,1,29.0,157,true
2026-03-13,4,2,3501226,4,1,29.0,157,true
2026-03-13,4,2,3501226,5,1,29.0,157,true
2026-03-13,4,2,3501226,6,1,58.0,314,true
2026-03-13,4,2,3501226,7,1,20.0,109,true
2026-03-13,4,2,3501226,8,1,19.0,103,true
2026-03-13,4,2,3501226,9,1,19.0,103,true
2026-03-13,4,2,3501226,10,1,19.0,103,true
2026-03-13,4,2,3501226,11,1,19.0,103,true
2026-03-13,4,2,3501226,12,1,12.0,65,true
2026-03-13,4,2,3501226,13,1,30.0,163,true
2026-03-13,6,2,3500888,1,1,31.0,50,true
2026-03-13,6,2,3500888,2,1,30.0,49,true
2026-03-13,6,2,3500888,3,1,26.0,42,true
2026-03-13,6,2,3500888,4,1,21.0,34,true
2026-03-13,6,2,3500888,5,1,21.0,34,true
2026-03-13,6,2,3500888,6,1,41.0,67,true
2026-03-13,6,2,3500888,7,1,24.0,39,true
2026-03-13,6,2,3500888,8,1,12.0,20,true
2026-03-13,6,2,3500888,9,1,12.0,20,true
2026-03-13,6,2,3500888,10,1,12.0,20,true
2026-03-13,6,2,3500888,11,1,12.0,20,true
2026-03-13,6,2,3500888,12,1,12.0,20,true
2026-03-13,6,2,3500888,13,1,24.0,39,true
2026-03-14,1,1,3500005,1,1,16.0,91,true
2026-03-14,1,1,3500005,2,1,14.0,80,true
2026-03-14,1,1,3500005,3,1,12.0,68,true
2026-03-14,1,1,3500005,4,1,14.0,80,true
2026-03-14,1,1,3500005,5,1,10.0,57,true
2026-03-14,1,1,3500005,6,1,19.0,108,true
2026-03-14,1,1,3500005,7,1,10.0,57,true
2026-03-14,1,1,3500005,8,1,7.0,40,true
2026-03-14,1,1,3500005,9,1,9.0,51,true
2026-03-14,1,1,3500005,10,1,12.0,68,true
2026-03-14,1,1,3500005,11,1,10.0,57,true
2026-03-14,1,1,3500005,12,1,14.0,80,true
2026-03-14,1,1,3500005,13,1,19.0,108,true
2026-03-14,2,1,3501430,1,1,36.0,113,true
2026-03-14,2,1,3501430,2,1,19.0,60,true
2026-03-14,2,1,3501430,3,1,14.0,44,true
2026-03-14,2,1,3501430,4,1,18.0,57,true
2026-03-14,2,1,3501430,5,1,12.0,38,true
2026-03-14,2,1,3501430,6,1,21.0,66,true
2026-03-14,2,1,3501430,7,1,12.0,38,true
2026-03-14,2,1,3501430,8,1,7.0,22,true
2026-03-14,2,1,3501430,9,1,10.0,32,true
2026-03-14,2,1,3501430,10,1,8.0,25,true
2026-03-14,2,1,3501430,11,1,10.0,32,true
2026-03-14,2,1,3501430,12,1,12.0,38,true
2026-03-14,2,1,3501430,13,1,20.0,63,true
2026-03-14,4,1,3501226,1,1,44.0,238,true
2026-03-14,4,1,3501226,2,1,36.0,195,true
2026-03-14,4,1,3501226,3,1,18.0,98,true
2026-03-14,4,1,3501226,4,1,14.0,76,true
2026-03-14,4,1,3501226,5,1,12.0,65,true
2026-03-14,4,1,3501226,6,1,26.0,141,true
2026-03-14,4,1,3501226,7,1,12.0,65,true
2026-03-14,4,1,3501226,8,1,9.0,49,true
2026-03-14,4,1,3501226,9,1,11.0,60,true
2026-03-14,4,1,3501226,10,1,9.0,49,true
2026-03-14,4,1,3501226,11,1,7.0,38,true
2026-03-14,4,1,3501226,12,1,14.0,76,true
2026-03-14,4,1,3501226,13,1,26.0,141,true
2026-03-14,6,1,3500888,1,1,18.0,30,true
2026-03-14,6,1,3500888,2,1,14.0,23,true
2026-03-14,6,1,3500888,3,1,12.0,20,true
2026-03-14,6,1,3500888,4,1,19.0,31,true
2026-03-14,6,1,3500888,5,1,16.0,26,true
2026-03-14,6,1,3500888,6,1,22.0,36,true
2026-03-14,6,1,3500888,7,1,10.0,17,true
2026-03-14,6,1,3500888,8,1,9.0,15,true
2026-03-14,6,1,3500888,9,1,6.0,10,true
2026-03-14,6,1,3500888,10,1,9.0,15,true
2026-03-14,6,1,3500888,11,1,14.0,23,true
2026-03-14,6,1,3500888,12,1,12.0,20,true
2026-03-14,6,1,3500888,13,1,16.0,26,true
2026-03-15,1,3,3500005,1,1,40.0,226,true
2026-03-15,1,3,3500005,2,1,20.0,113,true
2026-03-15,1,3,3500005,3,1,30.0,170,true
2026-03-15,1,3,3500005,4,1,10.0,57,true
2026-03-15,1,3,3500005,5,1,15.0,85,true
2026-03-15,1,3,3500005,6,1,25.0,142,true
2026-03-15,1,3,3500005,7,1,7.0,40,true
2026-03-15,1,3,3500005,8,1,10.0,57,true
2026-03-15,1,3,3500005,9,1,11.0,63,true
2026-03-15,1,3,3500005,10,1,8.0,46,true
2026-03-15,1,3,3500005,11,1,12.0,68,true
2026-03-15,1,3,3500005,12,1,16.0,91,true
2026-03-15,1,3,3500005,13,1,24.0,136,true
2026-03-15,1,1,3500005,1,1,15.0,85,true
2026-03-15,1,1,3500005,2,1,20.0,113,true
2026-03-15,1,1,3500005,3,1,15.0,85,true
2026-03-15,1,1,3500005,4,1,20.0,113,true
2026-03-15,1,1,3500005,5,1,10.0,57,true
2026-03-15,1,1,3500005,6,1,15.0,85,true
2026-03-15,1,1,3500005,7,1,15.0,85,true
2026-03-15,1,1,3500005,8,1,15.0,85,true
2026-03-15,1,1,3500005,9,1,10.0,57,true
2026-03-15,1,1,3500005,10,1,10.0,57,true
2026-03-15,1,1,3500005,11,1,15.0,85,true
2026-03-15,1,1,3500005,12,1,20.0,113,true
2026-03-15,1,1,3500005,13,1,12.0,68,true
2026-03-15,2,1,3501430,1,1,40.0,125,true
2026-03-15,2,1,3501430,2,1,30.0,94,true
2026-03-15,2,1,3501430,3,1,25.0,78,true
2026-03-15,2,1,3501430,4,1,20.0,63,true
2026-03-15,2,1,3501430,5,1,15.0,47,true
2026-03-15,2,1,3501430,6,1,20.0,63,true
2026-03-15,2,1,3501430,7,1,60.0,188,true
2026-03-15,2,1,3501430,8,1,30.0,94,true
2026-03-15,2,1,3501430,9,1,15.0,47,true
2026-03-15,2,1,3501430,10,1,10.0,32,true
2026-03-15,2,1,3501430,11,1,25.0,78,true
2026-03-15,2,1,3501430,12,1,40.0,125,true
2026-03-15,2,1,3501430,13,1,0.0,0,true
2026-03-15,1,2,3500005,1,1,16.0,91,true
2026-03-15,1,2,3500005,2,1,14.0,80,true
2026-03-15,1,2,3500005,3,1,12.0,68,true
2026-03-15,1,2,3500005,4,1,11.0,63,true
2026-03-15,1,2,3500005,5,1,19.0,108,true
2026-03-15,1,2,3500005,6,1,28.0,159,true
2026-03-15,1,2,3500005,7,1,0.0,0,true
2026-03-15,1,2,3500005,8,1,27.0,153,true
2026-03-15,1,2,3500005,9,1,14.0,80,true
2026-03-15,1,2,3500005,10,1,12.0,68,true
2026-03-15,1,2,3500005,11,1,22.0,125,true
2026-03-15,1,2,3500005,12,1,22.0,125,true
2026-03-15,1,2,3500005,13,1,33.0,187,true
2026-03-16,1,3,3500005,1,1,12.0,68,true
2026-03-16,1,3,3500005,2,1,9.0,51,true
2026-03-16,1,3,3500005,3,1,11.0,63,true
2026-03-16,1,3,3500005,4,1,14.0,80,true
2026-03-16,1,3,3500005,5,1,10.0,57,true
2026-03-16,1,3,3500005,6,1,19.0,108,true
2026-03-16,1,3,3500005,7,1,9.0,51,true
2026-03-16,1,3,3500005,8,1,11.0,63,true
2026-03-16,1,3,3500005,9,1,10.0,57,true
2026-03-16,1,3,3500005,10,1,7.0,40,true
2026-03-16,1,3,3500005,11,1,10.0,57,true
2026-03-16,1,3,3500005,12,1,14.0,80,true
2026-03-16,1,3,3500005,13,1,18.0,102,true
2026-03-16,1,2,3500005,1,1,16.0,91,true
2026-03-16,1,2,3500005,2,1,12.0,68,true
2026-03-16,1,2,3500005,3,1,14.0,80,true
2026-03-16,1,2,3500005,4,1,19.0,108,true
2026-03-16,1,2,3500005,5,1,10.0,57,true
2026-03-16,1,2,3500005,6,1,23.0,130,true
2026-03-16,1,2,3500005,7,1,10.0,57,true
2026-03-16,1,2,3500005,8,1,11.0,63,true
2026-03-16,1,2,3500005,9,1,11.0,63,true
2026-03-16,1,2,3500005,10,1,10.0,57,true
2026-03-16,1,2,3500005,11,1,10.0,57,true
2026-03-16,1,2,3500005,12,1,10.0,57,true
2026-03-16,1,2,3500005,13,1,10.0,57,true
2026-03-16,2,2,3500162,1,1,16.0,77,true
2026-03-16,2,2,3500162,2,1,18.0,86,true
2026-03-16,2,2,3500162,3,1,10.0,48,true
2026-03-16,2,2,3500162,4,1,10.0,48,true
2026-03-16,2,2,3500162,5,1,11.0,53,true
2026-03-16,2,2,3500162,6,1,26.0,124,true
2026-03-16,2,2,3500162,7,1,11.0,53,true
2026-03-16,2,2,3500162,8,1,14.0,67,true
2026-03-16,2,2,3500162,9,1,10.0,48,true
2026-03-16,2,2,3500162,10,1,16.0,77,true
2026-03-16,2,2,3500162,11,1,10.0,48,true
2026-03-16,2,2,3500162,12,1,10.0,48,true
2026-03-16,2,2,3500162,13,1,11.0,53,true
2026-03-16,4,2,3500446,1,1,30.0,130,true
2026-03-16,4,2,3500446,2,1,40.0,173,true
2026-03-16,4,2,3500446,3,1,50.0,216,true
2026-03-16,4,2,3500446,4,1,10.0,44,true
2026-03-16,4,2,3500446,5,1,10.0,44,true
2026-03-16,4,2,3500446,6,1,23.0,100,true
2026-03-16,4,2,3500446,7,1,10.0,44,true
2026-03-16,4,2,3500446,8,1,11.0,48,true
2026-03-16,4,2,3500446,9,1,11.0,48,true
2026-03-16,4,2,3500446,10,1,10.0,44,true
2026-03-16,4,2,3500446,11,1,10.0,44,true
2026-03-16,4,2,3500446,12,1,16.0,69,true
2026-03-16,4,2,3500446,13,1,10.0,44,true
2026-03-17,1,1,3500005,1,1,14.0,80,true
2026-03-17,1,1,3500005,2,1,12.0,68,true
2026-03-17,1,1,3500005,3,1,20.0,113,true
2026-03-17,1,1,3500005,4,1,23.0,130,true
2026-03-17,1,1,3500005,5,1,18.0,102,true
2026-03-17,1,1,3500005,6,1,27.0,153,true
2026-03-17,1,1,3500005,7,1,20.0,113,true
2026-03-17,1,1,3500005,8,1,24.0,136,true
2026-03-17,1,1,3500005,9,1,16.0,91,true
2026-03-17,1,1,3500005,10,1,30.0,170,true
2026-03-17,1,1,3500005,11,1,19.0,108,true
2026-03-17,1,1,3500005,12,1,21.0,119,true
2026-03-17,1,1,3500005,13,1,17.0,97,true
2026-03-17,2,1,3500162,1,1,19.0,91,true
2026-03-17,2,1,3500162,2,1,12.0,58,true
2026-03-17,2,1,3500162,3,1,16.0,77,true
2026-03-17,2,1,3500162,4,1,10.0,48,true
2026-03-17,2,1,3500162,5,1,9.0,43,true
2026-03-17,2,1,3500162,6,1,13.0,62,true
2026-03-17,2,1,3500162,7,1,10.0,48,true
2026-03-17,2,1,3500162,8,1,29.0,139,true
2026-03-17,2,1,3500162,9,1,12.0,58,true
2026-03-17,2,1,3500162,10,1,14.0,67,true
2026-03-17,2,1,3500162,11,1,12.0,58,true
2026-03-17,2,1,3500162,12,1,20.0,96,true
2026-03-17,2,1,3500162,13,1,19.0,91,true
2026-03-17,4,1,3500446,1,1,22.0,95,true
2026-03-17,4,1,3500446,2,1,17.0,74,true
2026-03-17,4,1,3500446,3,1,19.0,82,true
2026-03-17,4,1,3500446,4,1,10.0,44,true
2026-03-17,4,1,3500446,5,1,14.0,61,true
2026-03-17,4,1,3500446,6,1,17.0,74,true
2026-03-17,4,1,3500446,7,1,10.0,44,true
2026-03-17,4,1,3500446,8,1,30.0,130,true
2026-03-17,4,1,3500446,9,1,14.0,61,true
2026-03-17,4,1,3500446,10,1,10.0,44,true
2026-03-17,4,1,3500446,11,1,18.0,78,true
2026-03-17,4,1,3500446,12,1,30.0,130,true
2026-03-17,4,1,3500446,13,1,27.0,117,true
2026-03-18,1,3,3500005,1,1,20.0,113,true
2026-03-18,1,3,3500005,2,1,19.0,108,true
2026-03-18,1,3,3500005,3,1,16.0,91,true
2026-03-18,1,3,3500005,4,1,34.0,193,true
2026-03-18,1,3,3500005,5,1,16.0,91,true
2026-03-18,1,3,3500005,6,1,34.0,193,true
2026-03-18,1,3,3500005,7,1,14.0,80,true
2026-03-18,1,3,3500005,8,1,10.0,57,true
2026-03-18,1,3,3500005,9,1,12.0,68,true
2026-03-18,1,3,3500005,10,1,9.0,51,true
2026-03-18,1,3,3500005,11,1,11.0,63,true
2026-03-18,1,3,3500005,12,1,16.0,91,true
2026-03-18,1,3,3500005,13,1,36.0,204,true
2026-03-18,2,3,3500162,1,1,12.0,58,true
2026-03-18,2,3,3500162,2,1,10.0,48,true
2026-03-18,2,3,3500162,3,1,14.0,67,true
2026-03-18,2,3,3500162,4,1,12.0,58,true
2026-03-18,2,3,3500162,5,1,10.0,48,true
2026-03-18,2,3,3500162,6,1,19.0,91,true
2026-03-18,2,3,3500162,7,1,10.0,48,true
2026-03-18,2,3,3500162,8,1,7.0,34,true
2026-03-18,2,3,3500162,9,1,10.0,48,true
2026-03-18,2,3,3500162,10,1,7.0,34,true
2026-03-18,2,3,3500162,11,1,12.0,58,true
2026-03-18,2,3,3500162,12,1,14.0,67,true
2026-03-18,2,3,3500162,13,1,11.0,53,true
2026-03-18,4,3,3501430,1,1,22.0,69,true
2026-03-18,4,3,3501430,2,1,16.0,50,true
2026-03-18,4,3,3501430,3,1,14.0,44,true
2026-03-18,4,3,3501430,4,1,12.0,38,true
2026-03-18,4,3,3501430,5,1,11.0,35,true
2026-03-18,4,3,3501430,6,1,21.0,66,true
2026-03-18,4,3,3501430,7,1,12.0,38,true
2026-03-18,4,3,3501430,8,1,7.0,22,true
2026-03-18,4,3,3501430,9,1,7.0,22,true
2026-03-18,4,3,3501430,10,1,6.0,19,true
2026-03-18,4,3,3501430,11,1,10.0,32,true
2026-03-18,4,3,3501430,12,1,18.0,57,true
2026-03-18,4,3,3501430,13,1,24.0,75,true
2026-03-18,1,1,3500005,1,1,28.0,159,true
2026-03-18,1,1,3500005,2,1,24.0,136,true
2026-03-18,1,1,3500005,3,1,23.0,130,true
2026-03-18,1,1,3500005,4,1,22.0,125,true
2026-03-18,1,1,3500005,5,1,20.0,113,true
2026-03-18,1,1,3500005,6,1,51.0,289,true
2026-03-18,1,1,3500005,7,1,14.0,80,true
2026-03-18,1,1,3500005,8,1,12.0,68,true
2026-03-18,1,1,3500005,9,1,12.0,68,true
2026-03-18,1,1,3500005,10,1,16.0,91,true
2026-03-18,1,1,3500005,11,1,12.0,68,true
2026-03-18,1,1,3500005,12,1,11.0,63,true
2026-03-18,1,1,3500005,13,1,22.0,125,true
2026-03-18,2,1,3500162,1,1,30.0,143,true
2026-03-18,2,1,3500162,2,1,26.0,124,true
2026-03-18,2,1,3500162,3,1,24.0,115,true
2026-03-18,2,1,3500162,4,1,21.0,100,true
2026-03-18,2,1,3500162,5,1,26.0,124,true
2026-03-18,2,1,3500162,6,1,43.0,205,true
2026-03-18,2,1,3500162,7,1,16.0,77,true
2026-03-18,2,1,3500162,8,1,12.0,58,true
2026-03-18,2,1,3500162,9,1,12.0,58,true
2026-03-18,2,1,3500162,10,1,14.0,67,true
2026-03-18,2,1,3500162,11,1,12.0,58,true
2026-03-18,2,1,3500162,12,1,12.0,58,true
2026-03-18,2,1,3500162,13,1,22.0,105,true
2026-03-18,4,1,3501430,1,1,26.0,82,true
2026-03-18,4,1,3501430,2,1,22.0,69,true
2026-03-18,4,1,3501430,3,1,22.0,69,true
2026-03-18,4,1,3501430,4,1,24.0,75,true
2026-03-18,4,1,3501430,5,1,21.0,66,true
2026-03-18,4,1,3501430,6,1,41.0,128,true
2026-03-18,4,1,3501430,7,1,16.0,50,true
2026-03-18,4,1,3501430,8,1,16.0,50,true
2026-03-18,4,1,3501430,9,1,14.0,44,true
2026-03-18,4,1,3501430,10,1,14.0,44,true
2026-03-18,4,1,3501430,11,1,12.0,38,true
2026-03-18,4,1,3501430,12,1,12.0,38,true
2026-03-18,4,1,3501430,13,1,24.0,75,true
2026-03-19,1,3,3500005,1,1,22.0,125,true
2026-03-19,1,3,3500005,2,1,19.0,108,true
2026-03-19,1,3,3500005,3,1,46.0,260,true
2026-03-19,1,3,3500005,4,1,42.0,238,true
2026-03-19,1,3,3500005,5,1,26.0,147,true
2026-03-19,1,3,3500005,6,1,42.0,238,true
2026-03-19,1,3,3500005,7,1,10.0,57,true
2026-03-19,1,3,3500005,8,1,12.0,68,true
2026-03-19,1,3,3500005,9,1,10.0,57,true
2026-03-19,1,3,3500005,10,1,12.0,68,true
2026-03-19,1,3,3500005,11,1,8.0,46,true
2026-03-19,1,3,3500005,12,1,16.0,91,true
2026-03-19,1,3,3500005,13,1,18.0,102,true
2026-03-19,2,3,3500162,1,1,14.0,67,true
2026-03-19,2,3,3500162,2,1,12.0,58,true
2026-03-19,2,3,3500162,3,1,9.0,43,true
2026-03-19,2,3,3500162,4,1,7.0,34,true
2026-03-19,2,3,3500162,5,1,5.0,24,true
2026-03-19,2,3,3500162,6,1,21.0,100,true
2026-03-19,2,3,3500162,7,1,9.0,43,true
2026-03-19,2,3,3500162,8,1,7.0,34,true
2026-03-19,2,3,3500162,9,1,6.0,29,true
2026-03-19,2,3,3500162,10,1,7.0,34,true
2026-03-19,2,3,3500162,11,1,11.0,53,true
2026-03-19,2,3,3500162,12,1,10.0,48,true
2026-03-19,2,3,3500162,13,1,15.0,72,true
2026-03-19,4,3,3501430,1,1,32.0,100,true
2026-03-19,4,3,3501430,2,1,16.0,50,true
2026-03-19,4,3,3501430,3,1,10.0,32,true
2026-03-19,4,3,3501430,4,1,12.0,38,true
2026-03-19,4,3,3501430,5,1,9.0,29,true
2026-03-19,4,3,3501430,6,1,7.0,22,true
2026-03-19,4,3,3501430,7,1,10.0,32,true
2026-03-19,4,3,3501430,8,1,7.0,22,true
2026-03-19,4,3,3501430,9,1,8.0,25,true
2026-03-19,4,3,3501430,10,1,10.0,32,true
2026-03-19,4,3,3501430,11,1,12.0,38,true
2026-03-19,4,3,3501430,12,1,16.0,50,true
2026-03-19,4,3,3501430,13,1,14.0,44,true
2026-03-19,1,1,3500005,1,1,10.0,57,true
2026-03-19,1,1,3500005,2,1,9.0,51,true
2026-03-19,1,1,3500005,3,1,8.0,46,true
2026-03-19,1,1,3500005,4,1,10.0,57,true
2026-03-19,1,1,3500005,5,1,12.0,68,true
2026-03-19,1,1,3500005,6,1,11.0,63,true
2026-03-19,1,1,3500005,7,1,12.0,68,true
2026-03-19,1,1,3500005,8,1,15.0,85,true
2026-03-19,1,1,3500005,9,1,12.0,68,true
2026-03-19,1,1,3500005,10,1,10.0,57,true
2026-03-19,1,1,3500005,11,1,9.0,51,true
2026-03-19,1,1,3500005,12,1,14.0,80,true
2026-03-19,1,1,3500005,13,1,22.0,125,true
2026-03-19,2,1,3500162,1,1,22.0,105,true
2026-03-19,2,1,3500162,2,1,24.0,115,true
2026-03-19,2,1,3500162,3,1,14.0,67,true
2026-03-19,2,1,3500162,4,1,20.0,96,true
2026-03-19,2,1,3500162,5,1,18.0,86,true
2026-03-19,2,1,3500162,6,1,30.0,143,true
2026-03-19,2,1,3500162,7,1,12.0,58,true
2026-03-19,2,1,3500162,8,1,18.0,86,true
2026-03-19,2,1,3500162,9,1,14.0,67,true
2026-03-19,2,1,3500162,10,1,12.0,58,true
2026-03-19,2,1,3500162,11,1,10.0,48,true
2026-03-19,2,1,3500162,12,1,12.0,58,true
2026-03-19,2,1,3500162,13,1,8.0,39,true
2026-03-19,4,1,3501430,1,1,18.0,57,true
2026-03-19,4,1,3501430,2,1,12.0,38,true
2026-03-19,4,1,3501430,3,1,20.0,63,true
2026-03-19,4,1,3501430,4,1,22.0,69,true
2026-03-19,4,1,3501430,5,1,14.0,44,true
2026-03-19,4,1,3501430,6,1,28.0,88,true
2026-03-19,4,1,3501430,7,1,16.0,50,true
2026-03-19,4,1,3501430,8,1,12.0,38,true
2026-03-19,4,1,3501430,9,1,18.0,57,true
2026-03-19,4,1,3501430,10,1,12.0,38,true
2026-03-19,4,1,3501430,11,1,13.0,41,true
2026-03-19,4,1,3501430,12,1,10.0,32,true
2026-03-19,4,1,3501430,13,1,11.0,35,true
2026-03-18,1,2,3500005,1,1,80.0,452,true
2026-03-18,1,2,3500005,2,1,60.0,339,true
2026-03-18,1,2,3500005,3,1,40.0,226,true
2026-03-18,1,2,3500005,4,1,60.0,339,true
2026-03-18,1,2,3500005,5,1,80.0,452,true
2026-03-18,1,2,3500005,6,1,44.0,249,true
2026-03-18,1,2,3500005,7,1,16.0,91,true
2026-03-18,1,2,3500005,8,1,10.0,57,true
2026-03-18,1,2,3500005,9,1,22.0,125,true
2026-03-18,1,2,3500005,10,1,16.0,91,true
2026-03-18,1,2,3500005,11,1,24.0,136,true
2026-03-18,1,2,3500005,12,1,19.0,108,true
2026-03-18,1,2,3500005,13,1,21.0,119,true
2026-03-18,2,2,3500162,1,1,20.0,96,true
2026-03-18,2,2,3500162,2,1,21.0,100,true
2026-03-18,2,2,3500162,3,1,16.0,77,true
2026-03-18,2,2,3500162,4,1,18.0,86,true
2026-03-18,2,2,3500162,5,1,19.0,91,true
2026-03-18,2,2,3500162,6,1,21.0,100,true
2026-03-18,2,2,3500162,7,1,10.0,48,true
2026-03-18,2,2,3500162,8,1,11.0,53,true
2026-03-18,2,2,3500162,9,1,14.0,67,true
2026-03-18,2,2,3500162,10,1,10.0,48,true
2026-03-18,2,2,3500162,11,1,10.0,48,true
2026-03-18,2,2,3500162,12,1,16.0,77,true
2026-03-18,2,2,3500162,13,1,10.0,48,true
2026-03-18,4,2,3501430,1,1,16.0,50,true
2026-03-18,4,2,3501430,2,1,10.0,32,true
2026-03-18,4,2,3501430,3,1,18.0,57,true
2026-03-18,4,2,3501430,4,1,19.0,60,true
2026-03-18,4,2,3501430,5,1,10.0,32,true
2026-03-18,4,2,3501430,6,1,21.0,66,true
2026-03-18,4,2,3501430,7,1,14.0,44,true
2026-03-18,4,2,3501430,8,1,10.0,32,true
2026-03-18,4,2,3501430,9,1,16.0,50,true
2026-03-18,4,2,3501430,10,1,10.0,32,true
2026-03-18,4,2,3501430,11,1,11.0,35,true
2026-03-18,4,2,3501430,12,1,11.0,35,true
2026-03-18,4,2,3501430,13,1,16.0,50,true
2026-03-20,1,3,3500005,1,1,12.0,68,true
2026-03-20,1,3,3500005,2,1,14.0,80,true
2026-03-20,1,3,3500005,3,1,10.0,57,true
2026-03-20,1,3,3500005,4,1,11.0,63,true
2026-03-20,1,3,3500005,5,1,10.0,57,true
2026-03-20,1,3,3500005,6,1,18.0,102,true
2026-03-20,1,3,3500005,7,1,10.0,57,true
2026-03-20,1,3,3500005,8,1,7.0,40,true
2026-03-20,1,3,3500005,9,1,9.0,51,true
2026-03-20,1,3,3500005,10,1,12.0,68,true
2026-03-20,1,3,3500005,11,1,7.0,40,true
2026-03-20,1,3,3500005,12,1,14.0,80,true
2026-03-20,1,3,3500005,13,1,14.0,80,true
2026-03-20,2,3,3500162,1,1,40.0,191,true
2026-03-20,2,3,3500162,2,1,26.0,124,true
2026-03-20,2,3,3500162,3,1,14.0,67,true
2026-03-20,2,3,3500162,4,1,12.0,58,true
2026-03-20,2,3,3500162,5,1,16.0,77,true
2026-03-20,2,3,3500162,6,1,32.0,153,true
2026-03-20,2,3,3500162,7,1,12.0,58,true
2026-03-20,2,3,3500162,8,1,8.0,39,true
2026-03-20,2,3,3500162,9,1,10.0,48,true
2026-03-20,2,3,3500162,10,1,7.0,34,true
2026-03-20,2,3,3500162,11,1,14.0,67,true
2026-03-20,2,3,3500162,12,1,16.0,77,true
2026-03-20,2,3,3500162,13,1,19.0,91,true
2026-03-20,4,3,3501430,1,1,12.0,38,true
2026-03-20,4,3,3501430,2,1,14.0,44,true
2026-03-20,4,3,3501430,3,1,10.0,32,true
2026-03-20,4,3,3501430,4,1,12.0,38,true
2026-03-20,4,3,3501430,5,1,14.0,44,true
2026-03-20,4,3,3501430,6,1,26.0,82,true
2026-03-20,4,3,3501430,7,1,11.0,35,true
2026-03-20,4,3,3501430,8,1,7.0,22,true
2026-03-20,4,3,3501430,9,1,10.0,32,true
2026-03-20,4,3,3501430,10,1,11.0,35,true
2026-03-20,4,3,3501430,11,1,12.0,38,true
2026-03-20,4,3,3501430,12,1,13.0,41,true
2026-03-20,4,3,3501430,13,1,12.0,38,true
2026-03-20,1,1,3500005,1,1,15.0,85,true
2026-03-20,1,1,3500005,2,1,18.0,102,true
2026-03-20,1,1,3500005,3,1,12.0,68,true
2026-03-20,1,1,3500005,4,1,14.0,80,true
2026-03-20,1,1,3500005,5,1,16.0,91,true
2026-03-20,1,1,3500005,6,1,28.0,159,true
2026-03-20,1,1,3500005,7,1,12.0,68,true
2026-03-20,1,1,3500005,8,1,10.0,57,true
2026-03-20,1,1,3500005,9,1,14.0,80,true
2026-03-20,1,1,3500005,10,1,20.0,113,true
2026-03-20,1,1,3500005,11,1,16.0,91,true
2026-03-20,1,1,3500005,12,1,22.0,125,true
2026-03-20,1,1,3500005,13,1,20.0,113,true
2026-03-20,2,1,3500162,1,1,30.0,143,true
2026-03-20,2,1,3500162,2,1,28.0,134,true
2026-03-20,2,1,3500162,3,1,32.0,153,true
2026-03-20,2,1,3500162,4,1,31.0,148,true
2026-03-20,2,1,3500162,5,1,26.0,124,true
2026-03-20,2,1,3500162,6,1,60.0,286,true
2026-03-20,2,1,3500162,7,1,14.0,67,true
2026-03-20,2,1,3500162,8,1,12.0,58,true
2026-03-20,2,1,3500162,9,1,20.0,96,true
2026-03-20,2,1,3500162,10,1,22.0,105,true
2026-03-20,2,1,3500162,11,1,31.0,148,true
2026-03-20,2,1,3500162,12,1,18.0,86,true
2026-03-20,2,1,3500162,13,1,32.0,153,true
2026-03-20,4,1,3501430,1,1,16.0,50,true
2026-03-20,4,1,3501430,2,1,20.0,63,true
2026-03-20,4,1,3501430,3,1,24.0,75,true
2026-03-20,4,1,3501430,4,1,30.0,94,true
2026-03-20,4,1,3501430,5,1,22.0,69,true
2026-03-20,4,1,3501430,6,1,33.0,103,true
2026-03-20,4,1,3501430,7,1,12.0,38,true
2026-03-20,4,1,3501430,8,1,10.0,32,true
2026-03-20,4,1,3501430,9,1,20.0,63,true
2026-03-20,4,1,3501430,10,1,21.0,66,true
2026-03-20,4,1,3501430,11,1,24.0,75,true
2026-03-20,4,1,3501430,12,1,32.0,100,true
2026-03-20,4,1,3501430,13,1,38.0,119,true
2026-03-21,1,3,3500005,1,1,19.0,108,true
2026-03-21,1,3,3500005,2,1,22.0,125,true
2026-03-21,1,3,3500005,3,1,14.0,80,true
2026-03-21,1,3,3500005,4,1,12.0,68,true
2026-03-21,1,3,3500005,5,1,10.0,57,true
2026-03-21,1,3,3500005,6,1,17.0,97,true
2026-03-21,1,3,3500005,7,1,10.0,57,true
2026-03-21,1,3,3500005,8,1,8.0,46,true
2026-03-21,1,3,3500005,9,1,11.0,63,true
2026-03-21,1,3,3500005,10,1,7.0,40,true
2026-03-21,1,3,3500005,11,1,9.0,51,true
2026-03-21,1,3,3500005,12,1,12.0,68,true
2026-03-21,1,3,3500005,13,1,21.0,119,true
2026-03-21,2,3,3500162,1,1,32.0,153,true
2026-03-21,2,3,3500162,2,1,19.0,91,true
2026-03-21,2,3,3500162,3,1,14.0,67,true
2026-03-21,2,3,3500162,4,1,9.0,43,true
2026-03-21,2,3,3500162,5,1,10.0,48,true
2026-03-21,2,3,3500162,6,1,22.0,105,true
2026-03-21,2,3,3500162,7,1,12.0,58,true
2026-03-21,2,3,3500162,8,1,7.0,34,true
2026-03-21,2,3,3500162,9,1,18.0,86,true
2026-03-21,2,3,3500162,10,1,10.0,48,true
2026-03-21,2,3,3500162,11,1,12.0,58,true
2026-03-21,2,3,3500162,12,1,14.0,67,true
2026-03-21,2,3,3500162,13,1,17.0,81,true
2026-03-21,4,3,3501430,1,1,36.0,113,true
2026-03-21,4,3,3501430,2,1,19.0,60,true
2026-03-21,4,3,3501430,3,1,14.0,44,true
2026-03-21,4,3,3501430,4,1,12.0,38,true
2026-03-21,4,3,3501430,5,1,10.0,32,true
2026-03-21,4,3,3501430,6,1,16.0,50,true
2026-03-21,4,3,3501430,7,1,12.0,38,true
2026-03-21,4,3,3501430,8,1,10.0,32,true
2026-03-21,4,3,3501430,9,1,18.0,57,true
2026-03-21,4,3,3501430,10,1,7.0,22,true
2026-03-21,4,3,3501430,11,1,12.0,38,true
2026-03-21,4,3,3501430,12,1,18.0,57,true
2026-03-21,4,3,3501430,13,1,20.0,63,true
2026-03-21,1,1,3500005,1,1,10.0,57,true
2026-03-21,1,1,3500005,2,1,12.0,68,true
2026-03-21,1,1,3500005,3,1,13.0,74,true
2026-03-21,1,1,3500005,4,1,10.0,57,true
2026-03-21,1,1,3500005,5,1,11.0,63,true
2026-03-21,1,1,3500005,6,1,18.0,102,true
2026-03-21,1,1,3500005,7,1,9.0,51,true
2026-03-21,1,1,3500005,8,1,10.0,57,true
2026-03-21,1,1,3500005,9,1,11.0,63,true
2026-03-21,1,1,3500005,10,1,11.0,63,true
2026-03-21,1,1,3500005,11,1,12.0,68,true
2026-03-21,1,1,3500005,12,1,8.0,46,true
2026-03-21,1,1,3500005,13,1,19.0,108,true
2026-03-21,2,1,3500162,1,1,12.0,58,true
2026-03-21,2,1,3500162,2,1,10.0,48,true
2026-03-21,2,1,3500162,3,1,20.0,96,true
2026-03-21,2,1,3500162,4,1,14.0,67,true
2026-03-21,2,1,3500162,5,1,16.0,77,true
2026-03-21,2,1,3500162,6,1,25.0,120,true
2026-03-21,2,1,3500162,7,1,11.0,53,true
2026-03-21,2,1,3500162,8,1,14.0,67,true
2026-03-21,2,1,3500162,9,1,10.0,48,true
2026-03-21,2,1,3500162,10,1,9.0,43,true
2026-03-21,2,1,3500162,11,1,11.0,53,true
2026-03-21,2,1,3500162,12,1,8.0,39,true
2026-03-21,2,1,3500162,13,1,9.0,43,true
2026-03-21,4,1,3501430,1,1,22.0,69,true
2026-03-21,4,1,3501430,2,1,18.0,57,true
2026-03-21,4,1,3501430,3,1,12.0,38,true
2026-03-21,4,1,3501430,4,1,13.0,41,true
2026-03-21,4,1,3501430,5,1,20.0,63,true
2026-03-21,4,1,3501430,6,1,25.0,78,true
2026-03-21,4,1,3501430,7,1,12.0,38,true
2026-03-21,4,1,3501430,8,1,16.0,50,true
2026-03-21,4,1,3501430,9,1,20.0,63,true
2026-03-21,4,1,3501430,10,1,18.0,57,true
2026-03-21,4,1,3501430,11,1,15.0,47,true
2026-03-21,4,1,3501430,12,1,10.0,32,true
2026-03-21,4,1,3501430,13,1,20.0,63,true
2026-03-22,1,1,3500005,1,1,22.0,125,true
2026-03-22,1,1,3500005,2,1,16.0,91,true
2026-03-22,1,1,3500005,3,1,19.0,108,true
2026-03-22,1,1,3500005,4,1,18.0,102,true
2026-03-22,1,1,3500005,5,1,14.0,80,true
2026-03-22,1,1,3500005,6,1,23.0,130,true
2026-03-22,1,1,3500005,7,1,13.0,74,true
2026-03-22,1,1,3500005,8,1,11.0,63,true
2026-03-22,1,1,3500005,9,1,14.0,80,true
2026-03-22,1,1,3500005,10,1,12.0,68,true
2026-03-22,1,1,3500005,11,1,10.0,57,true
2026-03-22,1,1,3500005,12,1,11.0,63,true
2026-03-22,1,1,3500005,13,1,27.0,153,true
2026-03-22,1,2,3500005,1,1,27.0,153,true
2026-03-22,1,2,3500005,2,1,22.0,125,true
2026-03-22,1,2,3500005,3,1,22.0,125,true
2026-03-22,1,2,3500005,4,1,10.0,57,true
2026-03-22,1,2,3500005,5,1,19.0,108,true
2026-03-22,1,2,3500005,6,1,36.0,204,true
2026-03-22,1,2,3500005,7,1,14.0,80,true
2026-03-22,1,2,3500005,8,1,12.0,68,true
2026-03-22,1,2,3500005,9,1,12.0,68,true
2026-03-22,1,2,3500005,10,1,12.0,68,true
2026-03-22,1,2,3500005,11,1,12.0,68,true
2026-03-22,1,2,3500005,12,1,14.0,80,true
2026-03-22,1,2,3500005,13,1,22.0,125,true
2026-03-23,1,3,3500005,1,1,20.0,113,true
2026-03-23,1,3,3500005,2,1,18.0,102,true
2026-03-23,1,3,3500005,3,1,15.0,85,true
2026-03-23,1,3,3500005,4,1,14.0,80,true
2026-03-23,1,3,3500005,5,1,12.0,68,true
2026-03-23,1,3,3500005,6,1,20.0,113,true
2026-03-23,1,3,3500005,7,1,15.0,85,true
2026-03-23,1,3,3500005,8,1,10.0,57,true
2026-03-23,1,3,3500005,9,1,11.0,63,true
2026-03-23,1,3,3500005,10,1,20.0,113,true
2026-03-23,1,3,3500005,11,1,16.0,91,true
2026-03-23,1,3,3500005,12,1,15.0,85,true
2026-03-23,1,3,3500005,13,1,27.0,153,true
2026-03-23,1,2,3500005,1,1,7.0,40,true
2026-03-23,1,2,3500005,2,1,10.0,57,true
2026-03-23,1,2,3500005,3,1,8.0,46,true
2026-03-23,1,2,3500005,4,1,7.0,40,true
2026-03-23,1,2,3500005,5,1,6.0,34,true
2026-03-23,1,2,3500005,6,1,19.0,108,true
2026-03-23,1,2,3500005,7,1,10.0,57,true
2026-03-23,1,2,3500005,8,1,10.0,57,true
2026-03-23,1,2,3500005,9,1,12.0,68,true
2026-03-23,1,2,3500005,10,1,7.0,40,true
2026-03-23,1,2,3500005,11,1,9.0,51,true
2026-03-23,1,2,3500005,12,1,14.0,80,true
2026-03-23,1,2,3500005,13,1,17.0,97,true
2026-03-23,4,2,3501225,1,1,22.0,134,true
2026-03-23,4,2,3501225,2,1,14.0,85,true
2026-03-23,4,2,3501225,3,1,12.0,73,true
2026-03-23,4,2,3501225,4,1,10.0,61,true
2026-03-23,4,2,3501225,5,1,10.0,61,true
2026-03-23,4,2,3501225,6,1,22.0,134,true
2026-03-23,4,2,3501225,7,1,7.0,43,true
2026-03-23,4,2,3501225,8,1,7.0,43,true
2026-03-23,4,2,3501225,9,1,111.0,673,true
2026-03-23,4,2,3501225,10,1,10.0,61,true
2026-03-23,4,2,3501225,11,1,12.0,73,true
2026-03-23,4,2,3501225,12,1,14.0,85,true
2026-03-23,4,2,3501225,13,1,13.0,79,true
2026-03-23,6,2,3500887,1,1,0.0,0,true
2026-03-23,6,2,3500887,2,1,0.0,0,true
2026-03-23,6,2,3500887,3,1,0.0,0,true
2026-03-23,6,2,3500887,4,1,10.0,17,true
2026-03-23,6,2,3500887,5,1,0.0,0,true
2026-03-23,6,2,3500887,6,1,0.0,0,true
2026-03-23,6,2,3500887,7,1,7.0,12,true
2026-03-23,6,2,3500887,8,1,0.0,0,true
2026-03-23,6,2,3500887,9,1,0.0,0,true
2026-03-23,6,2,3500887,10,1,0.0,0,true
2026-03-23,6,2,3500887,11,1,0.0,0,true
2026-03-23,6,2,3500887,12,1,0.0,0,true
2026-03-23,6,2,3500887,13,1,6.0,10,true
2026-03-23,1,3,3500005,1,2,20.0,113,true
2026-03-23,1,3,3500005,2,2,22.0,125,true
2026-03-23,1,3,3500005,3,2,19.0,108,true
2026-03-23,1,3,3500005,4,2,20.0,113,true
2026-03-23,1,3,3500005,5,2,19.0,108,true
2026-03-23,1,3,3500005,6,2,37.0,210,true
2026-03-23,1,3,3500005,7,2,10.0,57,true
2026-03-23,1,3,3500005,8,2,15.0,85,true
2026-03-23,1,3,3500005,9,2,12.0,68,true
2026-03-23,1,3,3500005,10,2,14.0,80,true
2026-03-23,1,3,3500005,11,2,10.0,57,true
2026-03-23,1,3,3500005,12,2,12.0,68,true
2026-03-23,1,3,3500005,13,2,19.0,108,true
2026-03-23,2,3,3500162,1,1,30.0,143,true
2026-03-23,2,3,3500162,2,1,25.0,120,true
2026-03-23,2,3,3500162,3,1,20.0,96,true
2026-03-23,2,3,3500162,4,1,19.0,91,true
2026-03-23,2,3,3500162,5,1,12.0,58,true
2026-03-23,2,3,3500162,6,1,33.0,158,true
2026-03-23,2,3,3500162,7,1,20.0,96,true
2026-03-23,2,3,3500162,8,1,22.0,105,true
2026-03-23,2,3,3500162,9,1,18.0,86,true
2026-03-23,2,3,3500162,10,1,11.0,53,true
2026-03-23,2,3,3500162,11,1,14.0,67,true
2026-03-23,2,3,3500162,12,1,30.0,143,true
2026-03-23,2,3,3500162,13,1,45.0,215,true
2026-03-23,4,3,3501225,1,1,40.0,243,true
2026-03-23,4,3,3501225,2,1,45.0,273,true
2026-03-23,4,3,3501225,3,1,30.0,182,true
2026-03-23,4,3,3501225,4,1,16.0,97,true
2026-03-23,4,3,3501225,5,1,20.0,122,true
2026-03-23,4,3,3501225,6,1,90.0,546,true
2026-03-23,4,3,3501225,7,1,33.0,200,true
2026-03-23,4,3,3501225,8,1,26.0,158,true
2026-03-23,4,3,3501225,9,1,24.0,146,true
2026-03-23,4,3,3501225,10,1,15.0,91,true
2026-03-23,4,3,3501225,11,1,12.0,73,true
2026-03-23,4,3,3501225,12,1,11.0,67,true
2026-03-23,4,3,3501225,13,1,16.0,97,true
2026-03-23,6,3,3500887,1,1,50.0,81,true
2026-03-23,6,3,3500887,2,1,40.0,65,true
2026-03-23,6,3,3500887,3,1,33.0,54,true
2026-03-23,6,3,3500887,4,1,60.0,97,true
2026-03-23,6,3,3500887,5,1,55.0,89,true
2026-03-23,6,3,3500887,6,1,75.0,121,true
2026-03-23,6,3,3500887,7,1,20.0,33,true
2026-03-23,6,3,3500887,8,1,20.0,33,true
2026-03-23,6,3,3500887,9,1,30.0,49,true
2026-03-23,6,3,3500887,10,1,20.0,33,true
2026-03-23,6,3,3500887,11,1,24.0,39,true
2026-03-23,6,3,3500887,12,1,22.0,36,true
2026-03-23,6,3,3500887,13,1,50.0,81,true
2026-03-23,1,1,3500005,1,1,10.0,57,true
2026-03-23,1,1,3500005,2,1,12.0,68,true
2026-03-23,1,1,3500005,3,1,14.0,80,true
2026-03-23,1,1,3500005,4,1,16.0,91,true
2026-03-23,1,1,3500005,5,1,10.0,57,true
2026-03-23,1,1,3500005,6,1,21.0,119,true
2026-03-23,1,1,3500005,7,1,10.0,57,true
2026-03-23,1,1,3500005,8,1,11.0,63,true
2026-03-23,1,1,3500005,9,1,10.0,57,true
2026-03-23,1,1,3500005,10,1,12.0,68,true
2026-03-23,1,1,3500005,11,1,10.0,57,true
2026-03-23,1,1,3500005,12,1,10.0,57,true
2026-03-23,1,1,3500005,13,1,11.0,63,true
2026-03-23,4,1,3501225,1,1,16.0,97,true
2026-03-23,4,1,3501225,2,1,10.0,61,true
2026-03-23,4,1,3501225,3,1,14.0,85,true
2026-03-23,4,1,3501225,4,1,11.0,67,true
2026-03-23,4,1,3501225,5,1,12.0,73,true
2026-03-23,4,1,3501225,6,1,24.0,146,true
2026-03-23,4,1,3501225,7,1,11.0,67,true
2026-03-23,4,1,3501225,8,1,11.0,67,true
2026-03-23,4,1,3501225,9,1,11.0,67,true
2026-03-23,4,1,3501225,10,1,10.0,61,true
2026-03-23,4,1,3501225,11,1,12.0,73,true
2026-03-23,4,1,3501225,12,1,10.0,61,true
2026-03-23,4,1,3501225,13,1,20.0,122,true
2026-03-24,1,1,3500005,1,1,10.0,57,true
2026-03-24,1,1,3500005,2,1,11.0,63,true
2026-03-24,1,1,3500005,3,1,14.0,80,true
2026-03-24,1,1,3500005,4,1,16.0,91,true
2026-03-24,1,1,3500005,5,1,10.0,57,true
2026-03-24,1,1,3500005,6,1,21.0,119,true
2026-03-24,1,1,3500005,7,1,10.0,57,true
2026-03-24,1,1,3500005,8,1,10.0,57,true
2026-03-24,1,1,3500005,9,1,11.0,63,true
2026-03-24,1,1,3500005,10,1,9.0,51,true
2026-03-24,1,1,3500005,11,1,10.0,57,true
2026-03-24,1,1,3500005,12,1,16.0,91,true
2026-03-24,1,1,3500005,13,1,10.0,57,true
2026-03-24,2,1,3500162,1,1,20.0,96,true
2026-03-24,2,1,3500162,2,1,16.0,77,true
2026-03-24,2,1,3500162,3,1,18.0,86,true
2026-03-24,2,1,3500162,4,1,10.0,48,true
2026-03-24,2,1,3500162,5,1,10.0,48,true
2026-03-24,2,1,3500162,6,1,21.0,100,true
2026-03-24,2,1,3500162,7,1,10.0,48,true
2026-03-24,2,1,3500162,8,1,11.0,53,true
2026-03-24,2,1,3500162,9,1,12.0,58,true
2026-03-24,2,1,3500162,10,1,13.0,62,true
2026-03-24,2,1,3500162,11,1,11.0,53,true
2026-03-24,2,1,3500162,12,1,10.0,48,true
2026-03-24,2,1,3500162,13,1,10.0,48,true
2026-03-24,4,1,3501225,1,1,30.0,182,true
2026-03-24,4,1,3501225,2,1,20.0,122,true
2026-03-24,4,1,3501225,3,1,16.0,97,true
2026-03-24,4,1,3501225,4,1,18.0,110,true
2026-03-24,4,1,3501225,5,1,19.0,116,true
2026-03-24,4,1,3501225,6,1,21.0,128,true
2026-03-24,4,1,3501225,7,1,16.0,97,true
2026-03-24,4,1,3501225,8,1,10.0,61,true
2026-03-24,4,1,3501225,9,1,10.0,61,true
2026-03-24,4,1,3501225,10,1,11.0,67,true
2026-03-24,4,1,3501225,11,1,11.0,67,true
2026-03-24,4,1,3501225,12,1,10.0,61,true
2026-03-24,4,1,3501225,13,1,11.0,67,true
2026-03-24,6,1,3500887,1,1,16.0,26,true
2026-03-24,6,1,3500887,2,1,18.0,30,true
2026-03-24,6,1,3500887,3,1,16.0,26,true
2026-03-24,6,1,3500887,4,1,19.0,31,true
2026-03-24,6,1,3500887,5,1,10.0,17,true
2026-03-24,6,1,3500887,6,1,27.0,44,true
2026-03-24,6,1,3500887,7,1,18.0,30,true
2026-03-24,6,1,3500887,8,1,19.0,31,true
2026-03-24,6,1,3500887,9,1,10.0,17,true
2026-03-24,6,1,3500887,10,1,11.0,18,true
2026-03-24,6,1,3500887,11,1,16.0,26,true
2026-03-24,6,1,3500887,12,1,10.0,17,true
2026-03-24,6,1,3500887,13,1,11.0,18,true
2026-03-24,1,2,3500005,1,1,14.0,80,true
2026-03-24,1,2,3500005,2,1,22.0,125,true
2026-03-24,1,2,3500005,3,1,18.0,102,true
2026-03-24,1,2,3500005,4,1,16.0,91,true
2026-03-24,1,2,3500005,5,1,12.0,68,true
2026-03-24,1,2,3500005,6,1,25.0,142,true
2026-03-24,1,2,3500005,7,1,12.0,68,true
2026-03-24,1,2,3500005,8,1,14.0,80,true
2026-03-24,1,2,3500005,9,1,12.0,68,true
2026-03-24,1,2,3500005,10,1,9.0,51,true
2026-03-24,1,2,3500005,11,1,16.0,91,true
2026-03-24,1,2,3500005,12,1,12.0,68,true
2026-03-24,1,2,3500005,13,1,24.0,136,true
2026-03-24,2,2,3500162,1,1,32.0,153,true
2026-03-24,2,2,3500162,2,1,26.0,124,true
2026-03-24,2,2,3500162,3,1,18.0,86,true
2026-03-24,2,2,3500162,4,1,14.0,67,true
2026-03-24,2,2,3500162,5,1,12.0,58,true
2026-03-24,2,2,3500162,6,1,23.0,110,true
2026-03-24,2,2,3500162,7,1,10.0,48,true
2026-03-24,2,2,3500162,8,1,8.0,39,true
2026-03-24,2,2,3500162,9,1,12.0,58,true
2026-03-24,2,2,3500162,10,1,10.0,48,true
2026-03-24,2,2,3500162,11,1,14.0,67,true
2026-03-24,2,2,3500162,12,1,14.0,67,true
2026-03-24,2,2,3500162,13,1,15.0,72,true
2026-03-24,4,2,3501225,1,1,38.0,231,true
2026-03-24,4,2,3501225,2,1,26.0,158,true
2026-03-24,4,2,3501225,3,1,24.0,146,true
2026-03-24,4,2,3501225,4,1,16.0,97,true
2026-03-24,4,2,3501225,5,1,15.0,91,true
2026-03-24,4,2,3501225,6,1,24.0,146,true
2026-03-24,4,2,3501225,7,1,14.0,85,true
2026-03-24,4,2,3501225,8,1,10.0,61,true
2026-03-24,4,2,3501225,9,1,12.0,73,true
2026-03-24,4,2,3501225,10,1,10.0,61,true
2026-03-24,4,2,3501225,11,1,16.0,97,true
2026-03-24,4,2,3501225,12,1,17.0,104,true
2026-03-24,4,2,3501225,13,1,18.0,110,true
2026-03-24,6,2,3500888,1,1,34.0,55,true
2026-03-24,6,2,3500888,2,1,30.0,49,true
2026-03-24,6,2,3500888,3,1,26.0,42,true
2026-03-24,6,2,3500888,4,1,28.0,46,true
2026-03-24,6,2,3500888,5,1,22.0,36,true
2026-03-24,6,2,3500888,6,1,26.0,42,true
2026-03-24,6,2,3500888,7,1,14.0,23,true
2026-03-24,6,2,3500888,8,1,12.0,20,true
2026-03-24,6,2,3500888,9,1,10.0,17,true
2026-03-24,6,2,3500888,10,1,7.0,12,true
2026-03-24,6,2,3500888,11,1,12.0,20,true
2026-03-24,6,2,3500888,12,1,16.0,26,true
2026-03-24,6,2,3500888,13,1,18.0,30,true
2026-03-24,1,3,3500005,1,1,20.0,113,true
2026-03-24,1,3,3500005,2,1,26.0,147,true
2026-03-24,1,3,3500005,3,1,25.0,142,true
2026-03-24,1,3,3500005,4,1,27.0,153,true
2026-03-24,1,3,3500005,5,1,19.0,108,true
2026-03-24,1,3,3500005,6,1,30.0,170,true
2026-03-24,1,3,3500005,7,1,20.0,113,true
2026-03-24,1,3,3500005,8,1,12.0,68,true
2026-03-24,1,3,3500005,9,1,30.0,170,true
2026-03-24,1,3,3500005,10,1,25.0,142,true
2026-03-24,1,3,3500005,11,1,26.0,147,true
2026-03-24,1,3,3500005,12,1,30.0,170,true
2026-03-24,1,3,3500005,13,1,30.0,170,true
2026-03-24,2,3,3500162,1,1,21.0,100,true
2026-03-24,2,3,3500162,2,1,16.0,77,true
2026-03-24,2,3,3500162,3,1,17.0,81,true
2026-03-24,2,3,3500162,4,1,22.0,105,true
2026-03-24,2,3,3500162,5,1,23.0,110,true
2026-03-24,2,3,3500162,6,1,20.0,96,true
2026-03-24,2,3,3500162,7,1,18.0,86,true
2026-03-24,2,3,3500162,8,1,22.0,105,true
2026-03-24,2,3,3500162,9,1,25.0,120,true
2026-03-24,2,3,3500162,10,1,27.0,129,true
2026-03-24,2,3,3500162,11,1,30.0,143,true
2026-03-24,2,3,3500162,12,1,22.0,105,true
2026-03-24,2,3,3500162,13,1,27.0,129,true
2026-03-24,4,3,3501225,1,1,18.0,110,true
2026-03-24,4,3,3501225,2,1,22.0,134,true
2026-03-24,4,3,3501225,3,1,30.0,182,true
2026-03-24,4,3,3501225,4,1,27.0,164,true
2026-03-24,4,3,3501225,5,1,22.0,134,true
2026-03-24,4,3,3501225,6,1,18.0,110,true
2026-03-24,4,3,3501225,7,1,17.0,104,true
2026-03-24,4,3,3501225,8,1,18.0,110,true
2026-03-24,4,3,3501225,9,1,22.0,134,true
2026-03-24,4,3,3501225,10,1,185.0,1122,true
2026-03-24,4,3,3501225,11,1,22.0,134,true
2026-03-24,4,3,3501225,12,1,21.0,128,true
2026-03-24,4,3,3501225,13,1,18.0,110,true
2026-03-24,6,3,3500888,1,1,30.0,49,true
2026-03-24,6,3,3500888,2,1,27.0,44,true
2026-03-24,6,3,3500888,3,1,25.0,41,true
2026-03-24,6,3,3500888,4,1,22.0,36,true
2026-03-24,6,3,3500888,5,1,21.0,34,true
2026-03-24,6,3,3500888,6,1,25.0,41,true
2026-03-24,6,3,3500888,7,1,18.0,30,true
2026-03-24,6,3,3500888,8,1,20.0,33,true
2026-03-24,6,3,3500888,9,1,22.0,36,true
2026-03-24,6,3,3500888,10,1,18.0,30,true
2026-03-24,6,3,3500888,11,1,25.0,41,true
2026-03-24,6,3,3500888,12,1,18.0,30,true
2026-03-24,6,3,3500888,13,1,25.0,41,true
2026-03-26,1,1,3500005,1,1,18.0,102,true
2026-03-26,1,1,3500005,2,1,10.0,57,true
2026-03-26,1,1,3500005,3,1,15.0,85,true
2026-03-26,1,1,3500005,4,1,10.0,57,true
2026-03-26,1,1,3500005,5,1,11.0,63,true
2026-03-26,1,1,3500005,6,1,22.0,125,true
2026-03-26,1,1,3500005,7,1,11.0,63,true
2026-03-26,1,1,3500005,8,1,12.0,68,true
2026-03-26,1,1,3500005,9,1,10.0,57,true
2026-03-26,1,1,3500005,10,1,11.0,63,true
2026-03-26,1,1,3500005,11,1,11.0,63,true
2026-03-26,1,1,3500005,12,1,10.0,57,true
2026-03-26,1,1,3500005,13,1,11.0,63,true
2026-03-26,2,1,3500162,1,1,20.0,96,true
2026-03-26,2,1,3500162,2,1,22.0,105,true
2026-03-26,2,1,3500162,3,1,16.0,77,true
2026-03-26,2,1,3500162,4,1,18.0,86,true
2026-03-26,2,1,3500162,5,1,19.0,91,true
2026-03-26,2,1,3500162,6,1,21.0,100,true
2026-03-26,2,1,3500162,7,1,12.0,58,true
2026-03-26,2,1,3500162,8,1,10.0,48,true
2026-03-26,2,1,3500162,9,1,16.0,77,true
2026-03-26,2,1,3500162,10,1,10.0,48,true
2026-03-26,2,1,3500162,11,1,11.0,53,true
2026-03-26,2,1,3500162,12,1,10.0,48,true
2026-03-26,2,1,3500162,13,1,10.0,48,true
2026-03-26,4,1,3501226,1,1,20.0,109,true
2026-03-26,4,1,3501226,2,1,30.0,163,true
2026-03-26,4,1,3501226,3,1,16.0,87,true
2026-03-26,4,1,3501226,4,1,18.0,98,true
2026-03-26,4,1,3501226,5,1,10.0,55,true
2026-03-26,4,1,3501226,6,1,21.0,114,true
2026-03-26,4,1,3501226,7,1,11.0,60,true
2026-03-26,4,1,3501226,8,1,12.0,65,true
2026-03-26,4,1,3501226,9,1,10.0,55,true
2026-03-26,4,1,3501226,10,1,11.0,60,true
2026-03-26,4,1,3501226,11,1,12.0,65,true
2026-03-26,4,1,3501226,12,1,10.0,55,true
2026-03-26,4,1,3501226,13,1,11.0,60,true
2026-03-26,6,1,3500888,1,1,20.0,33,true
2026-03-26,6,1,3500888,2,1,16.0,26,true
2026-03-26,6,1,3500888,3,1,19.0,31,true
2026-03-26,6,1,3500888,4,1,20.0,33,true
2026-03-26,6,1,3500888,5,1,24.0,39,true
2026-03-26,6,1,3500888,6,1,30.0,49,true
2026-03-26,6,1,3500888,7,1,10.0,17,true
2026-03-26,6,1,3500888,8,1,11.0,18,true
2026-03-26,6,1,3500888,9,1,19.0,31,true
2026-03-26,6,1,3500888,10,1,16.0,26,true
2026-03-26,6,1,3500888,11,1,19.0,31,true
2026-03-26,6,1,3500888,12,1,10.0,17,true
2026-03-26,6,1,3500888,13,1,10.0,17,true
2026-03-26,1,3,3500005,1,1,30.0,170,true
2026-03-26,1,3,3500005,2,1,35.0,198,true
2026-03-26,1,3,3500005,3,1,29.0,164,true
2026-03-26,1,3,3500005,4,1,25.0,142,true
2026-03-26,1,3,3500005,5,1,20.0,113,true
2026-03-26,1,3,3500005,6,1,40.0,226,true
2026-03-26,1,3,3500005,7,1,14.0,80,true
2026-03-26,1,3,3500005,8,1,20.0,113,true
2026-03-26,1,3,3500005,9,1,10.0,57,true
2026-03-26,1,3,3500005,10,1,25.0,142,true
2026-03-26,1,3,3500005,11,1,30.0,170,true
2026-03-26,1,3,3500005,12,1,22.0,125,true
2026-03-26,1,3,3500005,13,1,22.0,125,true
2026-03-26,2,3,3500162,1,1,40.0,191,true
2026-03-26,2,3,3500162,2,1,50.0,239,true
2026-03-26,2,3,3500162,3,1,30.0,143,true
2026-03-26,2,3,3500162,4,1,25.0,120,true
2026-03-26,2,3,3500162,5,1,20.0,96,true
2026-03-26,2,3,3500162,6,1,34.0,162,true
2026-03-26,2,3,3500162,7,1,14.0,67,true
2026-03-26,2,3,3500162,8,1,20.0,96,true
2026-03-26,2,3,3500162,9,1,28.0,134,true
2026-03-26,2,3,3500162,10,1,26.0,124,true
2026-03-26,2,3,3500162,11,1,35.0,167,true
2026-03-26,2,3,3500162,12,1,30.0,143,true
2026-03-26,2,3,3500162,13,1,46.0,220,true
2026-03-26,4,3,3501226,1,1,35.0,190,true
2026-03-26,4,3,3501226,2,1,28.0,152,true
2026-03-26,4,3,3501226,3,1,40.0,217,true
2026-03-26,4,3,3501226,4,1,22.0,119,true
2026-03-26,4,3,3501226,5,1,18.0,98,true
2026-03-26,4,3,3501226,6,1,40.0,217,true
2026-03-26,4,3,3501226,7,1,38.0,206,true
2026-03-26,4,3,3501226,8,1,40.0,217,true
2026-03-26,4,3,3501226,9,1,33.0,179,true
2026-03-26,4,3,3501226,10,1,16.0,87,true
2026-03-26,4,3,3501226,11,1,34.0,184,true
2026-03-26,4,3,3501226,12,1,24.0,130,true
2026-03-26,4,3,3501226,13,1,55.0,298,true
2026-03-26,6,3,3500888,1,1,45.0,73,true
2026-03-26,6,3,3500888,2,1,40.0,65,true
2026-03-26,6,3,3500888,3,1,35.0,57,true
2026-03-26,6,3,3500888,4,1,25.0,41,true
2026-03-26,6,3,3500888,5,1,22.0,36,true
2026-03-26,6,3,3500888,6,1,66.0,107,true
2026-03-26,6,3,3500888,7,1,60.0,97,true
2026-03-26,6,3,3500888,8,1,55.0,89,true
2026-03-26,6,3,3500888,9,1,32.0,52,true
2026-03-26,6,3,3500888,10,1,20.0,33,true
2026-03-26,6,3,3500888,11,1,40.0,65,true
2026-03-26,6,3,3500888,12,1,48.0,78,true
2026-03-26,6,3,3500888,13,1,72.0,117,true
2026-03-25,1,2,3500005,1,1,26.0,147,true
2026-03-25,1,2,3500005,2,1,22.0,125,true
2026-03-25,1,2,3500005,3,1,16.0,91,true
2026-03-25,1,2,3500005,4,1,18.0,102,true
2026-03-25,1,2,3500005,5,1,16.0,91,true
2026-03-25,1,2,3500005,6,1,36.0,204,true
2026-03-25,1,2,3500005,7,1,14.0,80,true
2026-03-25,1,2,3500005,8,1,20.0,113,true
2026-03-25,1,2,3500005,9,1,16.0,91,true
2026-03-25,1,2,3500005,10,1,12.0,68,true
2026-03-25,1,2,3500005,11,1,18.0,102,true
2026-03-25,1,2,3500005,12,1,22.0,125,true
2026-03-25,1,2,3500005,13,1,30.0,170,true
2026-03-25,2,2,3500162,1,1,36.0,172,true
2026-03-25,2,2,3500162,2,1,30.0,143,true
2026-03-25,2,2,3500162,3,1,18.0,86,true
2026-03-25,2,2,3500162,4,1,17.0,81,true
2026-03-25,2,2,3500162,5,1,16.0,77,true
2026-03-25,2,2,3500162,6,1,30.0,143,true
2026-03-25,2,2,3500162,7,1,12.0,58,true
2026-03-25,2,2,3500162,8,1,14.0,67,true
2026-03-25,2,2,3500162,9,1,16.0,77,true
2026-03-25,2,2,3500162,10,1,10.0,48,true
2026-03-25,2,2,3500162,11,1,12.0,58,true
2026-03-25,2,2,3500162,12,1,18.0,86,true
2026-03-25,2,2,3500162,13,1,21.0,100,true
2026-03-25,4,2,3501225,1,1,48.0,291,true
2026-03-25,4,2,3501225,2,1,44.0,267,true
2026-03-25,4,2,3501225,3,1,37.0,225,true
2026-03-25,4,2,3501225,4,1,36.0,219,true
2026-03-25,4,2,3501225,5,1,32.0,194,true
2026-03-25,4,2,3501225,6,1,48.0,291,true
2026-03-25,4,2,3501225,7,1,22.0,134,true
2026-03-25,4,2,3501225,8,1,19.0,116,true
2026-03-25,4,2,3501225,9,1,20.0,122,true
2026-03-25,4,2,3501225,10,1,18.0,110,true
2026-03-25,4,2,3501225,11,1,22.0,134,true
2026-03-25,4,2,3501225,12,1,24.0,146,true
2026-03-25,4,2,3501225,13,1,44.0,267,true
2026-03-25,6,2,3500888,1,1,18.0,30,true
2026-03-25,6,2,3500888,2,1,42.0,68,true
2026-03-25,6,2,3500888,3,1,38.0,62,true
2026-03-25,6,2,3500888,4,1,20.0,33,true
2026-03-25,6,2,3500888,5,1,16.0,26,true
2026-03-25,6,2,3500888,6,1,32.0,52,true
2026-03-25,6,2,3500888,7,1,12.0,20,true
2026-03-25,6,2,3500888,8,1,10.0,17,true
2026-03-25,6,2,3500888,9,1,12.0,20,true
2026-03-25,6,2,3500888,10,1,14.0,23,true
2026-03-25,6,2,3500888,11,1,10.0,17,true
2026-03-25,6,2,3500888,12,1,16.0,26,true
2026-03-25,6,2,3500888,13,1,24.0,39,true
2026-03-27,1,3,3500005,1,1,30.0,170,true
2026-03-27,1,3,3500005,2,1,20.0,113,true
2026-03-27,1,3,3500005,3,1,14.0,80,true
2026-03-27,1,3,3500005,4,1,24.0,136,true
2026-03-27,1,3,3500005,5,1,15.0,85,true
2026-03-27,1,3,3500005,6,1,27.0,153,true
2026-03-27,1,3,3500005,7,1,32.0,181,true
2026-03-27,1,3,3500005,8,1,10.0,57,true
2026-03-27,1,3,3500005,9,1,25.0,142,true
2026-03-27,1,3,3500005,10,1,20.0,113,true
2026-03-27,1,3,3500005,11,1,35.0,198,true
2026-03-27,1,3,3500005,12,1,32.0,181,true
2026-03-27,1,3,3500005,13,1,48.0,272,true
2026-03-27,2,3,3501430,1,1,35.0,110,true
2026-03-27,2,3,3501430,2,1,20.0,63,true
2026-03-27,2,3,3501430,3,1,18.0,57,true
2026-03-27,2,3,3501430,4,1,20.0,63,true
2026-03-27,2,3,3501430,5,1,22.0,69,true
2026-03-27,2,3,3501430,6,1,43.0,135,true
2026-03-27,2,3,3501430,7,1,40.0,125,true
2026-03-27,2,3,3501430,8,1,32.0,100,true
2026-03-27,2,3,3501430,9,1,24.0,75,true
2026-03-27,2,3,3501430,10,1,20.0,63,true
2026-03-27,2,3,3501430,11,1,35.0,110,true
2026-03-27,2,3,3501430,12,1,40.0,125,true
2026-03-27,2,3,3501430,13,1,48.0,150,true
2026-03-27,4,3,3501226,1,1,42.0,228,true
2026-03-27,4,3,3501226,2,1,38.0,206,true
2026-03-27,4,3,3501226,3,1,30.0,163,true
2026-03-27,4,3,3501226,4,1,24.0,130,true
2026-03-27,4,3,3501226,5,1,38.0,206,true
2026-03-27,4,3,3501226,6,1,49.0,265,true
2026-03-27,4,3,3501226,7,1,30.0,163,true
2026-03-27,4,3,3501226,8,1,22.0,119,true
2026-03-27,4,3,3501226,9,1,20.0,109,true
2026-03-27,4,3,3501226,10,1,18.0,98,true
2026-03-27,4,3,3501226,11,1,15.0,82,true
2026-03-27,4,3,3501226,12,1,13.0,71,true
2026-03-27,4,3,3501226,13,1,22.0,119,true
2026-03-26,1,2,3500005,1,1,32.0,181,true
2026-03-26,1,2,3500005,2,1,26.0,147,true
2026-03-26,1,2,3500005,3,1,18.0,102,true
2026-03-26,1,2,3500005,4,1,14.0,80,true
2026-03-26,1,2,3500005,5,1,12.0,68,true
2026-03-26,1,2,3500005,6,1,25.0,142,true
2026-03-26,1,2,3500005,7,1,10.0,57,true
2026-03-26,1,2,3500005,8,1,14.0,80,true
2026-03-26,1,2,3500005,9,1,12.0,68,true
2026-03-26,1,2,3500005,10,1,9.0,51,true
2026-03-26,1,2,3500005,11,1,10.0,57,true
2026-03-26,1,2,3500005,12,1,16.0,91,true
2026-03-26,1,2,3500005,13,1,20.0,113,true
2026-03-26,2,2,3500162,1,1,28.0,134,true
2026-03-26,2,2,3500162,2,1,14.0,67,true
2026-03-26,2,2,3500162,3,1,19.0,91,true
2026-03-26,2,2,3500162,4,1,22.0,105,true
2026-03-26,2,2,3500162,5,1,12.0,58,true
2026-03-26,2,2,3500162,6,1,26.0,124,true
2026-03-26,2,2,3500162,7,1,12.0,58,true
2026-03-26,2,2,3500162,8,1,11.0,53,true
2026-03-26,2,2,3500162,9,1,16.0,77,true
2026-03-26,2,2,3500162,10,1,12.0,58,true
2026-03-26,2,2,3500162,11,1,9.0,43,true
2026-03-26,2,2,3500162,12,1,14.0,67,true
2026-03-26,2,2,3500162,13,1,21.0,100,true
2026-03-26,4,2,3501226,1,1,36.0,195,true
2026-03-26,4,2,3501226,2,1,18.0,98,true
2026-03-26,4,2,3501226,3,1,26.0,141,true
2026-03-26,4,2,3501226,4,1,20.0,109,true
2026-03-26,4,2,3501226,5,1,18.0,98,true
2026-03-26,4,2,3501226,6,1,22.0,119,true
2026-03-26,4,2,3501226,7,1,10.0,55,true
2026-03-26,4,2,3501226,8,1,11.0,60,true
2026-03-26,4,2,3501226,9,1,12.0,65,true
2026-03-26,4,2,3501226,10,1,7.0,38,true
2026-03-26,4,2,3501226,11,1,12.0,65,true
2026-03-26,4,2,3501226,12,1,16.0,87,true
2026-03-26,4,2,3501226,13,1,23.0,125,true
2026-03-26,6,2,3500888,1,1,24.0,39,true
2026-03-26,6,2,3500888,2,1,16.0,26,true
2026-03-26,6,2,3500888,3,1,12.0,20,true
2026-03-26,6,2,3500888,4,1,10.0,17,true
2026-03-26,6,2,3500888,5,1,16.0,26,true
2026-03-26,6,2,3500888,6,1,22.0,36,true
2026-03-26,6,2,3500888,7,1,7.0,12,true
2026-03-26,6,2,3500888,8,1,12.0,20,true
2026-03-26,6,2,3500888,9,1,10.0,17,true
2026-03-26,6,2,3500888,10,1,11.0,18,true
2026-03-26,6,2,3500888,11,1,10.0,17,true
2026-03-26,6,2,3500888,12,1,7.0,12,true
2026-03-26,6,2,3500888,13,1,19.0,31,true
2026-03-27,1,2,3500005,1,1,36.0,204,true
2026-03-27,1,2,3500005,2,1,24.0,136,true
2026-03-27,1,2,3500005,3,1,18.0,102,true
2026-03-27,1,2,3500005,4,1,14.0,80,true
2026-03-27,1,2,3500005,5,1,12.0,68,true
2026-03-27,1,2,3500005,6,1,23.0,130,true
2026-03-27,1,2,3500005,7,1,10.0,57,true
2026-03-27,1,2,3500005,8,1,12.0,68,true
2026-03-27,1,2,3500005,9,1,14.0,80,true
2026-03-27,1,2,3500005,10,1,10.0,57,true
2026-03-27,1,2,3500005,11,1,11.0,63,true
2026-03-27,1,2,3500005,12,1,14.0,80,true
2026-03-27,1,2,3500005,13,1,18.0,102,true
2026-03-27,2,2,3501430,1,1,24.0,75,true
2026-03-27,2,2,3501430,2,1,16.0,50,true
2026-03-27,2,2,3501430,3,1,22.0,69,true
2026-03-27,2,2,3501430,4,1,17.0,53,true
2026-03-27,2,2,3501430,5,1,12.0,38,true
2026-03-27,2,2,3501430,6,1,25.0,78,true
2026-03-27,2,2,3501430,7,1,14.0,44,true
2026-03-27,2,2,3501430,8,1,10.0,32,true
2026-03-27,2,2,3501430,9,1,9.0,29,true
2026-03-27,2,2,3501430,10,1,11.0,35,true
2026-03-27,2,2,3501430,11,1,7.0,22,true
2026-03-27,2,2,3501430,12,1,12.0,38,true
2026-03-27,2,2,3501430,13,1,16.0,50,true
2026-03-27,4,2,3501226,1,1,14.0,76,true
2026-03-27,4,2,3501226,2,1,10.0,55,true
2026-03-27,4,2,3501226,3,1,12.0,65,true
2026-03-27,4,2,3501226,4,1,10.0,55,true
2026-03-27,4,2,3501226,5,1,12.0,65,true
2026-03-27,4,2,3501226,6,1,23.0,125,true
2026-03-27,4,2,3501226,7,1,11.0,60,true
2026-03-27,4,2,3501226,8,1,10.0,55,true
2026-03-27,4,2,3501226,9,1,13.0,71,true
2026-03-27,4,2,3501226,10,1,10.0,55,true
2026-03-27,4,2,3501226,11,1,12.0,65,true
2026-03-27,4,2,3501226,12,1,16.0,87,true
2026-03-27,4,2,3501226,13,1,16.0,87,true
2026-03-27,1,1,3500005,1,1,16.0,91,true
2026-03-27,1,1,3500005,2,1,10.0,57,true
2026-03-27,1,1,3500005,3,1,11.0,63,true
2026-03-27,1,1,3500005,4,1,12.0,68,true
2026-03-27,1,1,3500005,5,1,10.0,57,true
2026-03-27,1,1,3500005,6,1,21.0,119,true
2026-03-27,1,1,3500005,7,1,12.0,68,true
2026-03-27,1,1,3500005,8,1,10.0,57,true
2026-03-27,1,1,3500005,9,1,11.0,63,true
2026-03-27,1,1,3500005,10,1,10.0,57,true
2026-03-27,1,1,3500005,11,1,11.0,63,true
2026-03-27,1,1,3500005,12,1,12.0,68,true
2026-03-27,1,1,3500005,13,1,10.0,57,true
2026-03-27,2,1,3501430,1,1,16.0,50,true
2026-03-27,2,1,3501430,2,1,18.0,57,true
2026-03-27,2,1,3501430,3,1,19.0,60,true
2026-03-27,2,1,3501430,4,1,10.0,32,true
2026-03-27,2,1,3501430,5,1,11.0,35,true
2026-03-27,2,1,3501430,6,1,22.0,69,true
2026-03-27,2,1,3501430,7,1,11.0,35,true
2026-03-27,2,1,3501430,8,1,12.0,38,true
2026-03-27,2,1,3501430,9,1,10.0,32,true
2026-03-27,2,1,3501430,10,1,11.0,35,true
2026-03-27,2,1,3501430,11,1,10.0,32,true
2026-03-27,2,1,3501430,12,1,11.0,35,true
2026-03-27,2,1,3501430,13,1,10.0,32,true
2026-03-27,4,1,3501226,1,1,30.0,163,true
2026-03-27,4,1,3501226,2,1,20.0,109,true
2026-03-27,4,1,3501226,3,1,25.0,136,true
2026-03-27,4,1,3501226,4,1,16.0,87,true
2026-03-27,4,1,3501226,5,1,18.0,98,true
2026-03-27,4,1,3501226,6,1,21.0,114,true
2026-03-27,4,1,3501226,7,1,10.0,55,true
2026-03-27,4,1,3501226,8,1,11.0,60,true
2026-03-27,4,1,3501226,9,1,12.0,65,true
2026-03-27,4,1,3501226,10,1,10.0,55,true
2026-03-27,4,1,3501226,11,1,10.0,55,true
2026-03-27,4,1,3501226,12,1,11.0,60,true
2026-03-27,4,1,3501226,13,1,10.0,55,true
2026-03-28,1,3,3500005,1,1,20.0,113,true
2026-03-28,1,3,3500005,2,1,30.0,170,true
2026-03-28,1,3,3500005,3,1,25.0,142,true
2026-03-28,1,3,3500005,4,1,22.0,125,true
2026-03-28,1,3,3500005,5,1,18.0,102,true
2026-03-28,1,3,3500005,6,1,15.0,85,true
2026-03-28,1,3,3500005,7,1,18.0,102,true
2026-03-28,1,3,3500005,8,1,20.0,113,true
2026-03-28,1,3,3500005,9,1,22.0,125,true
2026-03-28,1,3,3500005,10,1,16.0,91,true
2026-03-28,1,3,3500005,11,1,27.0,153,true
2026-03-28,1,3,3500005,12,1,21.0,119,true
2026-03-28,1,3,3500005,13,1,20.0,113,true
2026-03-28,2,3,3501430,1,1,18.0,57,true
2026-03-28,2,3,3501430,2,1,25.0,78,true
2026-03-28,2,3,3501430,3,1,30.0,94,true
2026-03-28,2,3,3501430,4,1,18.0,57,true
2026-03-28,2,3,3501430,5,1,22.0,69,true
2026-03-28,2,3,3501430,6,1,29.0,91,true
2026-03-28,2,3,3501430,7,1,21.0,66,true
2026-03-28,2,3,3501430,8,1,22.0,69,true
2026-03-28,2,3,3501430,9,1,25.0,78,true
2026-03-28,2,3,3501430,10,1,18.0,57,true
2026-03-28,2,3,3501430,11,1,17.0,53,true
2026-03-28,2,3,3501430,12,1,22.0,69,true
2026-03-28,2,3,3501430,13,1,27.0,85,true
2026-03-28,4,3,3501226,1,1,22.0,119,true
2026-03-28,4,3,3501226,2,1,21.0,114,true
2026-03-28,4,3,3501226,3,1,19.0,103,true
2026-03-28,4,3,3501226,4,1,27.0,146,true
2026-03-28,4,3,3501226,5,1,30.0,163,true
2026-03-28,4,3,3501226,6,1,25.0,136,true
2026-03-28,4,3,3501226,7,1,18.0,98,true
2026-03-28,4,3,3501226,8,1,22.0,119,true
2026-03-28,4,3,3501226,9,1,23.0,125,true
2026-03-28,4,3,3501226,10,1,24.0,130,true
2026-03-28,4,3,3501226,11,1,19.0,103,true
2026-03-28,4,3,3501226,12,1,18.0,98,true
2026-03-28,4,3,3501226,13,1,15.0,82,true
2026-03-28,1,3,3500005,1,2,10.0,57,true
2026-03-28,1,3,3500005,2,2,11.0,63,true
2026-03-28,1,3,3500005,3,2,12.0,68,true
2026-03-28,1,3,3500005,4,2,16.0,91,true
2026-03-28,1,3,3500005,5,2,10.0,57,true
2026-03-28,1,3,3500005,6,2,20.0,113,true
2026-03-28,1,3,3500005,7,2,8.0,46,true
2026-03-28,1,3,3500005,8,2,10.0,57,true
2026-03-28,1,3,3500005,9,2,11.0,63,true
2026-03-28,1,3,3500005,10,2,11.0,63,true
2026-03-28,1,3,3500005,11,2,10.0,57,true
2026-03-28,1,3,3500005,12,2,10.0,57,true
2026-03-28,1,3,3500005,13,2,10.0,57,true
2026-03-28,2,3,3501430,1,2,20.0,63,true
2026-03-28,2,3,3501430,2,2,25.0,78,true
2026-03-28,2,3,3501430,3,2,10.0,32,true
2026-03-28,2,3,3501430,4,2,10.0,32,true
2026-03-28,2,3,3501430,5,2,16.0,50,true
2026-03-28,2,3,3501430,6,2,22.0,69,true
2026-03-28,2,3,3501430,7,2,11.0,35,true
2026-03-28,2,3,3501430,8,2,12.0,38,true
2026-03-28,2,3,3501430,9,2,16.0,50,true
2026-03-28,2,3,3501430,10,2,10.0,32,true
2026-03-28,2,3,3501430,11,2,11.0,35,true
2026-03-28,2,3,3501430,12,2,12.0,38,true
2026-03-28,2,3,3501430,13,2,10.0,32,true
2026-03-28,4,3,3501226,1,2,20.0,109,true
2026-03-28,4,3,3501226,2,2,21.0,114,true
2026-03-28,4,3,3501226,3,2,16.0,87,true
2026-03-28,4,3,3501226,4,2,18.0,98,true
2026-03-28,4,3,3501226,5,2,14.0,76,true
2026-03-28,4,3,3501226,6,2,21.0,114,true
2026-03-28,4,3,3501226,7,2,12.0,65,true
2026-03-28,4,3,3501226,8,2,16.0,87,true
2026-03-28,4,3,3501226,9,2,10.0,55,true
2026-03-28,4,3,3501226,10,2,11.0,60,true
2026-03-28,4,3,3501226,11,2,12.0,65,true
2026-03-28,4,3,3501226,12,2,10.0,55,true
2026-03-28,4,3,3501226,13,2,10.0,55,true
2026-03-29,1,3,3500005,1,1,10.0,57,true
2026-03-29,1,3,3500005,2,1,12.0,68,true
2026-03-29,1,3,3500005,3,1,15.0,85,true
2026-03-29,1,3,3500005,4,1,11.0,63,true
2026-03-29,1,3,3500005,5,1,9.0,51,true
2026-03-29,1,3,3500005,6,1,19.0,108,true
2026-03-29,1,3,3500005,7,1,13.0,74,true
2026-03-29,1,3,3500005,8,1,15.0,85,true
2026-03-29,1,3,3500005,9,1,20.0,113,true
2026-03-29,1,3,3500005,10,1,24.0,136,true
2026-03-29,1,3,3500005,11,1,16.0,91,true
2026-03-29,1,3,3500005,12,1,14.0,80,true
2026-03-29,1,3,3500005,13,1,19.0,108,true
2026-03-29,2,3,3501430,1,1,30.0,94,true
2026-03-29,2,3,3501430,2,1,24.0,75,true
2026-03-29,2,3,3501430,3,1,18.0,57,true
2026-03-29,2,3,3501430,4,1,20.0,63,true
2026-03-29,2,3,3501430,5,1,22.0,69,true
2026-03-29,2,3,3501430,6,1,18.0,57,true
2026-03-29,2,3,3501430,7,1,18.0,57,true
2026-03-29,2,3,3501430,8,1,16.0,50,true
2026-03-29,2,3,3501430,9,1,10.0,32,true
2026-03-29,2,3,3501430,10,1,12.0,38,true
2026-03-29,2,3,3501430,11,1,13.0,41,true
2026-03-29,2,3,3501430,12,1,15.0,47,true
2026-03-29,2,3,3501430,13,1,32.0,100,true
2026-03-30,1,2,3500005,1,1,30.0,170,true
2026-03-30,1,2,3500005,2,1,35.0,198,true
2026-03-30,1,2,3500005,3,1,25.0,142,true
2026-03-30,1,2,3500005,4,1,15.0,85,true
2026-03-30,1,2,3500005,5,1,20.0,113,true
2026-03-30,1,2,3500005,6,1,30.0,170,true
2026-03-30,1,2,3500005,7,1,33.0,187,true
2026-03-30,1,2,3500005,8,1,24.0,136,true
2026-03-30,1,2,3500005,9,1,22.0,125,true
2026-03-30,1,2,3500005,10,1,16.0,91,true
2026-03-30,1,2,3500005,11,1,14.0,80,true
2026-03-30,1,2,3500005,12,1,10.0,57,true
2026-03-30,1,2,3500005,13,1,28.0,159,true
2026-03-30,2,2,3500162,1,1,20.0,96,true
2026-03-30,2,2,3500162,2,1,16.0,77,true
2026-03-30,2,2,3500162,3,1,12.0,58,true
2026-03-30,2,2,3500162,4,1,15.0,72,true
2026-03-30,2,2,3500162,5,1,22.0,105,true
2026-03-30,2,2,3500162,6,1,23.0,110,true
2026-03-30,2,2,3500162,7,1,16.0,77,true
2026-03-30,2,2,3500162,8,1,25.0,120,true
2026-03-30,2,2,3500162,9,1,20.0,96,true
2026-03-30,2,2,3500162,10,1,16.0,77,true
2026-03-30,2,2,3500162,11,1,14.0,67,true
2026-03-30,2,2,3500162,12,1,12.0,58,true
2026-03-30,2,2,3500162,13,1,18.0,86,true
2026-03-30,4,2,3500446,1,1,40.0,173,true
2026-03-30,4,2,3500446,2,1,30.0,130,true
2026-03-30,4,2,3500446,3,1,25.0,108,true
2026-03-30,4,2,3500446,4,1,22.0,95,true
2026-03-30,4,2,3500446,5,1,45.0,194,true
2026-03-30,4,2,3500446,6,1,72.0,311,true
2026-03-30,4,2,3500446,7,1,60.0,259,true
2026-03-30,4,2,3500446,8,1,28.0,121,true
2026-03-30,4,2,3500446,9,1,50.0,216,true
2026-03-30,4,2,3500446,10,1,44.0,190,true
2026-03-30,4,2,3500446,11,1,30.0,130,true
2026-03-30,4,2,3500446,12,1,25.0,108,true
2026-03-30,4,2,3500446,13,1,42.0,182,true
2026-03-31,1,3,3500005,1,1,16.0,91,true
2026-03-31,1,3,3500005,2,1,10.0,57,true
2026-03-31,1,3,3500005,3,1,11.0,63,true
2026-03-31,1,3,3500005,4,1,12.0,68,true
2026-03-31,1,3,3500005,5,1,10.0,57,true
2026-03-31,1,3,3500005,6,1,23.0,130,true
2026-03-31,1,3,3500005,7,1,11.0,63,true
2026-03-31,1,3,3500005,8,1,10.0,57,true
2026-03-31,1,3,3500005,9,1,10.0,57,true
2026-03-31,1,3,3500005,10,1,9.0,51,true
2026-03-31,1,3,3500005,11,1,10.0,57,true
2026-03-31,1,3,3500005,12,1,11.0,63,true
2026-03-31,1,3,3500005,13,1,10.0,57,true
2026-03-31,2,3,3500162,1,1,20.0,96,true
2026-03-31,2,3,3500162,2,1,26.0,124,true
2026-03-31,2,3,3500162,3,1,10.0,48,true
2026-03-31,2,3,3500162,4,1,14.0,67,true
2026-03-31,2,3,3500162,5,1,18.0,86,true
2026-03-31,2,3,3500162,6,1,18.0,86,true
2026-03-31,2,3,3500162,7,1,10.0,48,true
2026-03-31,2,3,3500162,8,1,16.0,77,true
2026-03-31,2,3,3500162,9,1,12.0,58,true
2026-03-31,2,3,3500162,10,1,16.0,77,true
2026-03-31,2,3,3500162,11,1,10.0,48,true
2026-03-31,2,3,3500162,12,1,11.0,53,true
2026-03-31,2,3,3500162,13,1,11.0,53,true
2026-03-31,4,3,3500446,1,1,60.0,259,true
2026-03-31,4,3,3500446,2,1,40.0,173,true
2026-03-31,4,3,3500446,3,1,80.0,345,true
2026-03-31,4,3,3500446,4,1,60.0,259,true
2026-03-31,4,3,3500446,5,1,10.0,44,true
2026-03-31,4,3,3500446,6,1,23.0,100,true
2026-03-31,4,3,3500446,7,1,16.0,69,true
2026-03-31,4,3,3500446,8,1,12.0,52,true
2026-03-31,4,3,3500446,9,1,14.0,61,true
2026-03-31,4,3,3500446,10,1,14.0,61,true
2026-03-31,4,3,3500446,11,1,16.0,69,true
2026-03-31,4,3,3500446,12,1,12.0,52,true
2026-03-31,4,3,3500446,13,1,10.0,44,true
2026-03-31,1,2,3500005,1,1,15.0,85,true
2026-03-31,1,2,3500005,2,1,18.0,102,true
2026-03-31,1,2,3500005,3,1,20.0,113,true
2026-03-31,1,2,3500005,4,1,16.0,91,true
2026-03-31,1,2,3500005,5,1,12.0,68,true
2026-03-31,1,2,3500005,6,1,21.0,119,true
2026-03-31,1,2,3500005,7,1,18.0,102,true
2026-03-31,1,2,3500005,8,1,12.0,68,true
2026-03-31,1,2,3500005,9,1,25.0,142,true
2026-03-31,1,2,3500005,10,1,33.0,187,true
2026-03-31,1,2,3500005,11,1,21.0,119,true
2026-03-31,1,2,3500005,12,1,10.0,57,true
2026-03-31,1,2,3500005,13,1,23.0,130,true
2026-03-31,2,2,3500162,1,1,25.0,120,true
2026-03-31,2,2,3500162,2,1,18.0,86,true
2026-03-31,2,2,3500162,3,1,16.0,77,true
2026-03-31,2,2,3500162,4,1,12.0,58,true
2026-03-31,2,2,3500162,5,1,30.0,143,true
2026-03-31,2,2,3500162,6,1,43.0,205,true
2026-03-31,2,2,3500162,7,1,16.0,77,true
2026-03-31,2,2,3500162,8,1,14.0,67,true
2026-03-31,2,2,3500162,9,1,12.0,58,true
2026-03-31,2,2,3500162,10,1,10.0,48,true
2026-03-31,2,2,3500162,11,1,22.0,105,true
2026-03-31,2,2,3500162,12,1,17.0,81,true
2026-03-31,2,2,3500162,13,1,31.0,148,true
2026-03-31,4,2,3501430,1,1,40.0,125,true
2026-03-31,4,2,3501430,2,1,42.0,131,true
2026-03-31,4,2,3501430,3,1,30.0,94,true
2026-03-31,4,2,3501430,4,1,25.0,78,true
2026-03-31,4,2,3501430,5,1,20.0,63,true
2026-03-31,4,2,3501430,6,1,35.0,110,true
2026-03-31,4,2,3501430,7,1,24.0,75,true
2026-03-31,4,2,3501430,8,1,22.0,69,true
2026-03-31,4,2,3501430,9,1,16.0,50,true
2026-03-31,4,2,3501430,10,1,10.0,32,true
2026-03-31,4,2,3501430,11,1,12.0,38,true
2026-03-31,4,2,3501430,12,1,11.0,35,true
2026-03-31,4,2,3501430,13,1,22.0,69,true
2026-04-01,1,3,3500005,1,1,10.0,57,true
2026-04-01,1,3,3500005,2,1,16.0,91,true
2026-04-01,1,3,3500005,3,1,10.0,57,true
2026-04-01,1,3,3500005,4,1,11.0,63,true
2026-04-01,1,3,3500005,5,1,12.0,68,true
2026-04-01,1,3,3500005,6,1,26.0,147,true
2026-04-01,1,3,3500005,7,1,11.0,63,true
2026-04-01,1,3,3500005,8,1,10.0,57,true
2026-04-01,1,3,3500005,9,1,11.0,63,true
2026-04-01,1,3,3500005,10,1,12.0,68,true
2026-04-01,1,3,3500005,11,1,10.0,57,true
2026-04-01,1,3,3500005,12,1,10.0,57,true
2026-04-01,1,3,3500005,13,1,10.0,57,true
2026-04-01,2,3,3500162,1,1,16.0,77,true
2026-04-01,2,3,3500162,2,1,10.0,48,true
2026-04-01,2,3,3500162,3,1,11.0,53,true
2026-04-01,2,3,3500162,4,1,12.0,58,true
2026-04-01,2,3,3500162,5,1,10.0,48,true
2026-04-01,2,3,3500162,6,1,21.0,100,true
2026-04-01,2,3,3500162,7,1,11.0,53,true
2026-04-01,2,3,3500162,8,1,16.0,77,true
2026-04-01,2,3,3500162,9,1,10.0,48,true
2026-04-01,2,3,3500162,10,1,10.0,48,true
2026-04-01,2,3,3500162,11,1,16.0,77,true
2026-04-01,2,3,3500162,12,1,11.0,53,true
2026-04-01,2,3,3500162,13,1,21.0,100,true
2026-04-01,4,3,3501430,1,1,20.0,63,true
2026-04-01,4,3,3501430,2,1,16.0,50,true
2026-04-01,4,3,3501430,3,1,10.0,32,true
2026-04-01,4,3,3501430,4,1,12.0,38,true
2026-04-01,4,3,3501430,5,1,14.0,44,true
2026-04-01,4,3,3501430,6,1,26.0,82,true
2026-04-01,4,3,3501430,7,1,11.0,35,true
2026-04-01,4,3,3501430,8,1,12.0,38,true
2026-04-01,4,3,3501430,9,1,16.0,50,true
2026-04-01,4,3,3501430,10,1,10.0,32,true
2026-04-01,4,3,3501430,11,1,11.0,35,true
2026-04-01,4,3,3501430,12,1,10.0,32,true
2026-04-01,4,3,3501430,13,1,10.0,32,true
2026-04-01,1,1,3500005,1,1,14.0,80,true
2026-04-01,1,1,3500005,2,1,12.0,68,true
2026-04-01,1,1,3500005,3,1,10.0,57,true
2026-04-01,1,1,3500005,4,1,9.0,51,true
2026-04-01,1,1,3500005,5,1,7.0,40,true
2026-04-01,1,1,3500005,6,1,18.0,102,true
2026-04-01,1,1,3500005,7,1,9.0,51,true
2026-04-01,1,1,3500005,8,1,10.0,57,true
2026-04-01,1,1,3500005,9,1,7.0,40,true
2026-04-01,1,1,3500005,10,1,9.0,51,true
2026-04-01,1,1,3500005,11,1,7.0,40,true
2026-04-01,1,1,3500005,12,1,12.0,68,true
2026-04-01,1,1,3500005,13,1,17.0,97,true
2026-04-01,2,1,3500162,1,1,32.0,153,true
2026-04-01,2,1,3500162,2,1,24.0,115,true
2026-04-01,2,1,3500162,3,1,16.0,77,true
2026-04-01,2,1,3500162,4,1,14.0,67,true
2026-04-01,2,1,3500162,5,1,10.0,48,true
2026-04-01,2,1,3500162,6,1,25.0,120,true
2026-04-01,2,1,3500162,7,1,12.0,58,true
2026-04-01,2,1,3500162,8,1,10.0,48,true
2026-04-01,2,1,3500162,9,1,14.0,67,true
2026-04-01,2,1,3500162,10,1,10.0,48,true
2026-04-01,2,1,3500162,11,1,7.0,34,true
2026-04-01,2,1,3500162,12,1,18.0,86,true
2026-04-01,2,1,3500162,13,1,18.0,86,true
2026-04-01,4,1,3501430,1,1,32.0,100,true
2026-04-01,4,1,3501430,2,1,18.0,57,true
2026-04-01,4,1,3501430,3,1,16.0,50,true
2026-04-01,4,1,3501430,4,1,14.0,44,true
2026-04-01,4,1,3501430,5,1,12.0,38,true
2026-04-01,4,1,3501430,6,1,23.0,72,true
2026-04-01,4,1,3501430,7,1,14.0,44,true
2026-04-01,4,1,3501430,8,1,12.0,38,true
2026-04-01,4,1,3501430,9,1,18.0,57,true
2026-04-01,4,1,3501430,10,1,10.0,32,true
2026-04-01,4,1,3501430,11,1,10.0,32,true
2026-04-01,4,1,3501430,12,1,14.0,44,true
2026-04-01,4,1,3501430,13,1,18.0,57,true
2026-04-01,1,2,3500005,1,1,18.0,102,true
2026-04-01,1,2,3500005,2,1,16.0,91,true
2026-04-01,1,2,3500005,3,1,12.0,68,true
2026-04-01,1,2,3500005,4,1,22.0,125,true
2026-04-01,1,2,3500005,5,1,14.0,80,true
2026-04-01,1,2,3500005,6,1,26.0,147,true
2026-04-01,1,2,3500005,7,1,25.0,142,true
2026-04-01,1,2,3500005,8,1,22.0,125,true
2026-04-01,1,2,3500005,9,1,20.0,113,true
2026-04-01,1,2,3500005,10,1,12.0,68,true
2026-04-01,1,2,3500005,11,1,15.0,85,true
2026-04-01,1,2,3500005,12,1,16.0,91,true
2026-04-01,1,2,3500005,13,1,22.0,125,true
2026-04-01,2,2,3500162,1,1,24.0,115,true
2026-04-01,2,2,3500162,2,1,18.0,86,true
2026-04-01,2,2,3500162,3,1,20.0,96,true
2026-04-01,2,2,3500162,4,1,14.0,67,true
2026-04-01,2,2,3500162,5,1,8.0,39,true
2026-04-01,2,2,3500162,6,1,28.0,134,true
2026-04-01,2,2,3500162,7,1,28.0,134,true
2026-04-01,2,2,3500162,8,1,33.0,158,true
2026-04-01,2,2,3500162,9,1,55.0,262,true
2026-04-01,2,2,3500162,10,1,25.0,120,true
2026-04-01,2,2,3500162,11,1,16.0,77,true
2026-04-01,2,2,3500162,12,1,14.0,67,true
2026-04-01,2,2,3500162,13,1,20.0,96,true
2026-04-01,4,2,3501430,1,1,28.0,88,true
2026-04-01,4,2,3501430,2,1,24.0,75,true
2026-04-01,4,2,3501430,3,1,22.0,69,true
2026-04-01,4,2,3501430,4,1,26.0,82,true
2026-04-01,4,2,3501430,5,1,13.0,41,true
2026-04-01,4,2,3501430,6,1,29.0,91,true
2026-04-01,4,2,3501430,7,1,12.0,38,true
2026-04-01,4,2,3501430,8,1,10.0,32,true
2026-04-01,4,2,3501430,9,1,33.0,103,true
2026-04-01,4,2,3501430,10,1,14.0,44,true
2026-04-01,4,2,3501430,11,1,20.0,63,true
2026-04-01,4,2,3501430,12,1,16.0,50,true
2026-04-01,4,2,3501430,13,1,22.0,69,true
2026-04-02,1,1,3500005,1,1,14.0,80,true
2026-04-02,1,1,3500005,2,1,12.0,68,true
2026-04-02,1,1,3500005,3,1,16.0,91,true
2026-04-02,1,1,3500005,4,1,14.0,80,true
2026-04-02,1,1,3500005,5,1,12.0,68,true
2026-04-02,1,1,3500005,6,1,46.0,260,true
2026-04-02,1,1,3500005,7,1,12.0,68,true
2026-04-02,1,1,3500005,8,1,10.0,57,true
2026-04-02,1,1,3500005,9,1,12.0,68,true
2026-04-02,1,1,3500005,10,1,14.0,80,true
2026-04-02,1,1,3500005,11,1,10.0,57,true
2026-04-02,1,1,3500005,12,1,16.0,91,true
2026-04-02,1,1,3500005,13,1,16.0,91,true
2026-04-02,2,1,3500162,1,1,18.0,86,true
2026-04-02,2,1,3500162,2,1,14.0,67,true
2026-04-02,2,1,3500162,3,1,24.0,115,true
2026-04-02,2,1,3500162,4,1,24.0,115,true
2026-04-02,2,1,3500162,5,1,22.0,105,true
2026-04-02,2,1,3500162,6,1,32.0,153,true
2026-04-02,2,1,3500162,7,1,12.0,58,true
2026-04-02,2,1,3500162,8,1,11.0,53,true
2026-04-02,2,1,3500162,9,1,10.0,48,true
2026-04-02,2,1,3500162,10,1,12.0,58,true
2026-04-02,2,1,3500162,11,1,14.0,67,true
2026-04-02,2,1,3500162,12,1,12.0,58,true
2026-04-02,2,1,3500162,13,1,28.0,134,true
2026-04-02,4,1,3501430,1,1,12.0,38,true
2026-04-02,4,1,3501430,2,1,10.0,32,true
2026-04-02,4,1,3501430,3,1,10.0,32,true
2026-04-02,4,1,3501430,4,1,12.0,38,true
2026-04-02,4,1,3501430,5,1,11.0,35,true
2026-04-02,4,1,3501430,6,1,19.0,60,true
2026-04-02,4,1,3501430,7,1,7.0,22,true
2026-04-02,4,1,3501430,8,1,10.0,32,true
2026-04-02,4,1,3501430,9,1,12.0,38,true
2026-04-02,4,1,3501430,10,1,9.0,29,true
2026-04-02,4,1,3501430,11,1,7.0,22,true
2026-04-02,4,1,3501430,12,1,18.0,57,true
2026-04-02,4,1,3501430,13,1,16.0,50,true
2026-04-03,2,3,3500162,1,1,20.0,96,true
2026-04-03,2,3,3500162,2,1,26.0,124,true
2026-04-03,2,3,3500162,3,1,30.0,143,true
2026-04-03,2,3,3500162,4,1,24.0,115,true
2026-04-03,2,3,3500162,5,1,16.0,77,true
2026-04-03,2,3,3500162,6,1,21.0,100,true
2026-04-03,2,3,3500162,7,1,10.0,48,true
2026-04-03,2,3,3500162,8,1,11.0,53,true
2026-04-03,2,3,3500162,9,1,12.0,58,true
2026-04-03,2,3,3500162,10,1,16.0,77,true
2026-04-03,2,3,3500162,11,1,10.0,48,true
2026-04-03,2,3,3500162,12,1,11.0,53,true
2026-04-03,2,3,3500162,13,1,22.0,105,true
2026-04-03,4,3,3501430,1,1,40.0,125,true
2026-04-03,4,3,3501430,2,1,20.0,63,true
2026-04-03,4,3,3501430,3,1,16.0,50,true
2026-04-03,4,3,3501430,4,1,10.0,32,true
2026-04-03,4,3,3501430,5,1,11.0,35,true
2026-04-03,4,3,3501430,6,1,22.0,69,true
2026-04-03,4,3,3501430,7,1,11.0,35,true
2026-04-03,4,3,3501430,8,1,16.0,50,true
2026-04-03,4,3,3501430,9,1,10.0,32,true
2026-04-03,4,3,3501430,10,1,11.0,35,true
2026-04-03,4,3,3501430,11,1,10.0,32,true
2026-04-03,4,3,3501430,12,1,10.0,32,true
2026-04-03,4,3,3501430,13,1,11.0,35,true
2026-04-02,1,3,3500005,1,1,12.0,68,true
2026-04-02,1,3,3500005,2,1,11.0,63,true
2026-04-02,1,3,3500005,3,1,10.0,57,true
2026-04-02,1,3,3500005,4,1,8.0,46,true
2026-04-02,1,3,3500005,5,1,9.0,51,true
2026-04-02,1,3,3500005,6,1,11.0,63,true
2026-04-02,1,3,3500005,7,1,16.0,91,true
2026-04-02,1,3,3500005,8,1,13.0,74,true
2026-04-02,1,3,3500005,9,1,10.0,57,true
2026-04-02,1,3,3500005,10,1,9.0,51,true
2026-04-02,1,3,3500005,11,1,7.0,40,true
2026-04-02,1,3,3500005,12,1,10.0,57,true
2026-04-02,1,3,3500005,13,1,17.0,97,true
2026-04-02,2,3,3500162,1,1,40.0,191,true
2026-04-02,2,3,3500162,2,1,35.0,167,true
2026-04-02,2,3,3500162,3,1,44.0,210,true
2026-04-02,2,3,3500162,4,1,20.0,96,true
2026-04-02,2,3,3500162,5,1,29.0,139,true
2026-04-02,2,3,3500162,6,1,88.0,420,true
2026-04-02,2,3,3500162,7,1,44.0,210,true
2026-04-02,2,3,3500162,8,1,50.0,239,true
2026-04-02,2,3,3500162,9,1,30.0,143,true
2026-04-02,2,3,3500162,10,1,55.0,262,true
2026-04-02,2,3,3500162,11,1,60.0,286,true
2026-04-02,2,3,3500162,12,1,31.0,148,true
2026-04-02,2,3,3500162,13,1,55.0,262,true
2026-04-02,4,3,3501430,1,1,22.0,69,true
2026-04-02,4,3,3501430,2,1,18.0,57,true
2026-04-02,4,3,3501430,3,1,14.0,44,true
2026-04-02,4,3,3501430,4,1,12.0,38,true
2026-04-02,4,3,3501430,5,1,14.0,44,true
2026-04-02,4,3,3501430,6,1,26.0,82,true
2026-04-02,4,3,3501430,7,1,11.0,35,true
2026-04-02,4,3,3501430,8,1,20.0,63,true
2026-04-02,4,3,3501430,9,1,14.0,44,true
2026-04-02,4,3,3501430,10,1,18.0,57,true
2026-04-02,4,3,3501430,11,1,24.0,75,true
2026-04-02,4,3,3501430,12,1,13.0,41,true
2026-04-02,4,3,3501430,13,1,26.0,82,true
2026-04-06,2,3,3500162,1,1,32.0,153,true
2026-04-06,2,3,3500162,2,1,43.0,205,true
2026-04-06,2,3,3500162,3,1,9.0,43,true
2026-04-06,2,3,3500162,4,1,0.0,0,true
2026-04-06,2,3,3500162,5,1,0.0,0,true
2026-04-06,2,3,3500162,6,1,16.0,77,true
2026-04-06,2,3,3500162,7,1,0.0,0,true
2026-04-06,2,3,3500162,8,1,0.0,0,true
2026-04-06,2,3,3500162,9,1,0.0,0,true
2026-04-06,2,3,3500162,10,1,0.0,0,true
2026-04-06,2,3,3500162,11,1,0.0,0,true
2026-04-06,2,3,3500162,12,1,0.0,0,true
2026-04-06,2,3,3500162,13,1,0.0,0,true
2026-04-06,4,3,3501430,1,1,16.0,50,true
2026-04-06,4,3,3501430,2,1,12.0,38,true
2026-04-06,4,3,3501430,3,1,6.0,19,true
2026-04-06,4,3,3501430,4,1,0.0,0,true
2026-04-06,4,3,3501430,5,1,0.0,0,true
2026-04-06,4,3,3501430,6,1,7.0,22,true
2026-04-06,4,3,3501430,7,1,0.0,0,true
2026-04-06,4,3,3501430,8,1,0.0,0,true
2026-04-06,4,3,3501430,9,1,0.0,0,true
2026-04-06,4,3,3501430,10,1,0.0,0,true
2026-04-06,4,3,3501430,11,1,0.0,0,true
2026-04-06,4,3,3501430,12,1,0.0,0,true
2026-04-06,4,3,3501430,13,1,0.0,0,true
2026-04-06,2,1,3500162,1,1,40.0,191,true
2026-04-06,2,1,3500162,2,1,35.0,167,true
2026-04-06,2,1,3500162,3,1,26.0,124,true
2026-04-06,2,1,3500162,4,1,18.0,86,true
2026-04-06,2,1,3500162,5,1,16.0,77,true
2026-04-06,2,1,3500162,6,1,22.0,105,true
2026-04-06,2,1,3500162,7,1,30.0,143,true
2026-04-06,2,1,3500162,8,1,20.0,96,true
2026-04-06,2,1,3500162,9,1,20.0,96,true
2026-04-06,2,1,3500162,10,1,33.0,158,true
2026-04-06,2,1,3500162,11,1,18.0,86,true
2026-04-06,2,1,3500162,12,1,24.0,115,true
2026-04-06,2,1,3500162,13,1,30.0,143,true
2026-04-06,4,1,3500446,1,1,35.0,151,true
2026-04-06,4,1,3500446,2,1,28.0,121,true
2026-04-06,4,1,3500446,3,1,24.0,104,true
2026-04-06,4,1,3500446,4,1,18.0,78,true
2026-04-06,4,1,3500446,5,1,14.0,61,true
2026-04-06,4,1,3500446,6,1,49.0,212,true
2026-04-06,4,1,3500446,7,1,20.0,87,true
2026-04-06,4,1,3500446,8,1,16.0,69,true
2026-04-06,4,1,3500446,9,1,12.0,52,true
2026-04-06,4,1,3500446,10,1,10.0,44,true
2026-04-06,4,1,3500446,11,1,22.0,95,true
2026-04-06,4,1,3500446,12,1,13.0,57,true
2026-04-06,4,1,3500446,13,1,19.0,82,true
2026-04-07,1,1,3500005,1,1,10.0,57,true
2026-04-07,1,1,3500005,2,1,9.0,51,true
2026-04-07,1,1,3500005,3,1,7.0,40,true
2026-04-07,1,1,3500005,4,1,12.0,68,true
2026-04-07,1,1,3500005,5,1,11.0,63,true
2026-04-07,1,1,3500005,6,1,17.0,97,true
2026-04-07,1,1,3500005,7,1,13.0,74,true
2026-04-07,1,1,3500005,8,1,10.0,57,true
2026-04-07,1,1,3500005,9,1,11.0,63,true
2026-04-07,1,1,3500005,10,1,11.0,63,true
2026-04-07,1,1,3500005,11,1,13.0,74,true
2026-04-07,1,1,3500005,12,1,19.0,108,true
2026-04-07,1,1,3500005,13,1,17.0,97,true
2026-04-07,2,1,3500162,1,1,40.0,191,true
2026-04-07,2,1,3500162,2,1,35.0,167,true
2026-04-07,2,1,3500162,3,1,20.0,96,true
2026-04-07,2,1,3500162,4,1,16.0,77,true
2026-04-07,2,1,3500162,5,1,24.0,115,true
2026-04-07,2,1,3500162,6,1,36.0,172,true
2026-04-07,2,1,3500162,7,1,35.0,167,true
2026-04-07,2,1,3500162,8,1,35.0,167,true
2026-04-07,2,1,3500162,9,1,32.0,153,true
2026-04-07,2,1,3500162,10,1,17.0,81,true
2026-04-07,2,1,3500162,11,1,20.0,96,true
2026-04-07,2,1,3500162,12,1,22.0,105,true
2026-04-07,2,1,3500162,13,1,42.0,200,true
2026-04-07,4,1,3500446,1,1,60.0,259,true
2026-04-07,4,1,3500446,2,1,30.0,130,true
2026-04-07,4,1,3500446,3,1,35.0,151,true
2026-04-07,4,1,3500446,4,1,40.0,173,true
2026-04-07,4,1,3500446,5,1,28.0,121,true
2026-04-07,4,1,3500446,6,1,35.0,151,true
2026-04-07,4,1,3500446,7,1,55.0,238,true
2026-04-07,4,1,3500446,8,1,50.0,216,true
2026-04-07,4,1,3500446,9,1,40.0,173,true
2026-04-07,4,1,3500446,10,1,30.0,130,true
2026-04-07,4,1,3500446,11,1,16.0,69,true
2026-04-07,4,1,3500446,12,1,29.0,125,true
2026-04-07,4,1,3500446,13,1,37.0,160,true
2026-04-07,6,1,3500888,1,1,40.0,65,true
2026-04-07,6,1,3500888,2,1,30.0,49,true
2026-04-07,6,1,3500888,3,1,35.0,57,true
2026-04-07,6,1,3500888,4,1,20.0,33,true
2026-04-07,6,1,3500888,5,1,18.0,30,true
2026-04-07,6,1,3500888,6,1,29.0,47,true
2026-04-07,6,1,3500888,7,1,21.0,34,true
2026-04-07,6,1,3500888,8,1,30.0,49,true
2026-04-07,6,1,3500888,9,1,41.0,67,true
2026-04-07,6,1,3500888,10,1,40.0,65,true
2026-04-07,6,1,3500888,11,1,30.0,49,true
2026-04-07,6,1,3500888,12,1,20.0,33,true
2026-04-07,6,1,3500888,13,1,46.0,75,true
2026-04-08,1,3,3500005,1,1,10.0,57,true
2026-04-08,1,3,3500005,2,1,7.0,40,true
2026-04-08,1,3,3500005,3,1,9.0,51,true
2026-04-08,1,3,3500005,4,1,12.0,68,true
2026-04-08,1,3,3500005,5,1,6.0,34,true
2026-04-08,1,3,3500005,6,1,19.0,108,true
2026-04-08,1,3,3500005,7,1,9.0,51,true
2026-04-08,1,3,3500005,8,1,10.0,57,true
2026-04-08,1,3,3500005,9,1,12.0,68,true
2026-04-08,1,3,3500005,10,1,11.0,63,true
2026-04-08,1,3,3500005,11,1,9.0,51,true
2026-04-08,1,3,3500005,12,1,16.0,91,true
2026-04-08,1,3,3500005,13,1,16.0,91,true
2026-04-08,2,3,3500162,1,1,14.0,67,true
2026-04-08,2,3,3500162,2,1,20.0,96,true
2026-04-08,2,3,3500162,3,1,14.0,67,true
2026-04-08,2,3,3500162,4,1,16.0,77,true
2026-04-08,2,3,3500162,5,1,10.0,48,true
2026-04-08,2,3,3500162,6,1,13.0,62,true
2026-04-08,2,3,3500162,7,1,7.0,34,true
2026-04-08,2,3,3500162,8,1,4.0,20,true
2026-04-08,2,3,3500162,9,1,10.0,48,true
2026-04-08,2,3,3500162,10,1,8.0,39,true
2026-04-08,2,3,3500162,11,1,11.0,53,true
2026-04-08,2,3,3500162,12,1,14.0,67,true
2026-04-08,2,3,3500162,13,1,16.0,77,true
2026-04-08,4,3,3500162,1,1,16.0,77,true
2026-04-08,4,3,3500162,2,1,12.0,58,true
2026-04-08,4,3,3500162,3,1,14.0,67,true
2026-04-08,4,3,3500162,4,1,10.0,48,true
2026-04-08,4,3,3500162,5,1,12.0,58,true
2026-04-08,4,3,3500162,6,1,16.0,77,true
2026-04-08,4,3,3500162,7,1,10.0,48,true
2026-04-08,4,3,3500162,8,1,7.0,34,true
2026-04-08,4,3,3500162,9,1,12.0,58,true
2026-04-08,4,3,3500162,10,1,6.0,29,true
2026-04-08,4,3,3500162,11,1,10.0,48,true
2026-04-08,4,3,3500162,12,1,14.0,67,true
2026-04-08,4,3,3500162,13,1,16.0,77,true
2026-04-08,6,3,3500888,1,1,12.0,20,true
2026-04-08,6,3,3500888,2,1,36.0,59,true
2026-04-08,6,3,3500888,3,1,10.0,17,true
2026-04-08,6,3,3500888,4,1,14.0,23,true
2026-04-08,6,3,3500888,5,1,12.0,20,true
2026-04-08,6,3,3500888,6,1,17.0,28,true
2026-04-08,6,3,3500888,7,1,10.0,17,true
2026-04-08,6,3,3500888,8,1,7.0,12,true
2026-04-08,6,3,3500888,9,1,12.0,20,true
2026-04-08,6,3,3500888,10,1,7.0,12,true
2026-04-08,6,3,3500888,11,1,6.0,10,true
2026-04-08,6,3,3500888,12,1,10.0,17,true
2026-04-08,6,3,3500888,13,1,17.0,28,true
2026-04-08,1,1,3500005,1,1,12.0,68,true
2026-04-08,1,1,3500005,2,1,13.0,74,true
2026-04-08,1,1,3500005,3,1,14.0,80,true
2026-04-08,1,1,3500005,4,1,16.0,91,true
2026-04-08,1,1,3500005,5,1,18.0,102,true
2026-04-08,1,1,3500005,6,1,14.0,80,true
2026-04-08,1,1,3500005,7,1,20.0,113,true
2026-04-08,1,1,3500005,8,1,12.0,68,true
2026-04-08,1,1,3500005,9,1,25.0,142,true
2026-04-08,1,1,3500005,10,1,10.0,57,true
2026-04-08,1,1,3500005,11,1,15.0,85,true
2026-04-08,1,1,3500005,12,1,12.0,68,true
2026-04-08,1,1,3500005,13,1,16.0,91,true
2026-04-08,2,1,3500162,1,1,17.0,81,true
2026-04-08,2,1,3500162,2,1,20.0,96,true
2026-04-08,2,1,3500162,3,1,22.0,105,true
2026-04-08,2,1,3500162,4,1,23.0,110,true
2026-04-08,2,1,3500162,5,1,25.0,120,true
2026-04-08,2,1,3500162,6,1,22.0,105,true
2026-04-08,2,1,3500162,7,1,25.0,120,true
2026-04-08,2,1,3500162,8,1,27.0,129,true
2026-04-08,2,1,3500162,9,1,23.0,110,true
2026-04-08,2,1,3500162,10,1,22.0,105,true
2026-04-08,2,1,3500162,11,1,18.0,86,true
2026-04-08,2,1,3500162,12,1,22.0,105,true
2026-04-08,2,1,3500162,13,1,25.0,120,true
2026-04-08,4,1,3501226,1,1,22.0,119,true
2026-04-08,4,1,3501226,2,1,23.0,125,true
2026-04-08,4,1,3501226,3,1,21.0,114,true
2026-04-08,4,1,3501226,4,1,20.0,109,true
2026-04-08,4,1,3501226,5,1,18.0,98,true
2026-04-08,4,1,3501226,6,1,23.0,125,true
2026-04-08,4,1,3501226,7,1,12.0,65,true
2026-04-08,4,1,3501226,8,1,16.0,87,true
2026-04-08,4,1,3501226,9,1,17.0,92,true
2026-04-08,4,1,3501226,10,1,18.0,98,true
2026-04-08,4,1,3501226,11,1,20.0,109,true
2026-04-08,4,1,3501226,12,1,15.0,82,true
2026-04-08,4,1,3501226,13,1,22.0,119,true
2026-04-08,6,1,3500888,1,1,14.0,23,true
2026-04-08,6,1,3500888,2,1,16.0,26,true
2026-04-08,6,1,3500888,3,1,22.0,36,true
2026-04-08,6,1,3500888,4,1,25.0,41,true
2026-04-08,6,1,3500888,5,1,26.0,42,true
2026-04-08,6,1,3500888,6,1,32.0,52,true
2026-04-08,6,1,3500888,7,1,25.0,41,true
2026-04-08,6,1,3500888,8,1,26.0,42,true
2026-04-08,6,1,3500888,9,1,27.0,44,true
2026-04-08,6,1,3500888,10,1,28.0,46,true
2026-04-08,6,1,3500888,11,1,29.0,47,true
2026-04-08,6,1,3500888,12,1,25.0,41,true
2026-04-08,6,1,3500888,13,1,26.0,42,true
2026-04-07,1,3,3500005,1,1,0.0,0,true
2026-04-07,1,3,3500005,2,1,11.0,63,true
2026-04-07,1,3,3500005,3,1,0.0,0,true
2026-04-07,1,3,3500005,4,1,10.0,57,true
2026-04-07,1,3,3500005,5,1,0.0,0,true
2026-04-07,1,3,3500005,6,1,0.0,0,true
2026-04-07,1,3,3500005,7,1,10.0,57,true
2026-04-07,1,3,3500005,8,1,0.0,0,true
2026-04-07,1,3,3500005,9,1,0.0,0,true
2026-04-07,1,3,3500005,10,1,0.0,0,true
2026-04-07,1,3,3500005,11,1,0.0,0,true
2026-04-07,1,3,3500005,12,1,0.0,0,true
2026-04-07,1,3,3500005,13,1,0.0,0,true
2026-04-07,2,3,3500162,1,1,14.0,67,true
2026-04-07,2,3,3500162,2,1,18.0,86,true
2026-04-07,2,3,3500162,3,1,12.0,58,true
2026-04-07,2,3,3500162,4,1,11.0,53,true
2026-04-07,2,3,3500162,5,1,8.0,39,true
2026-04-07,2,3,3500162,6,1,19.0,91,true
2026-04-07,2,3,3500162,7,1,6.0,29,true
2026-04-07,2,3,3500162,8,1,7.0,34,true
2026-04-07,2,3,3500162,9,1,10.0,48,true
2026-04-07,2,3,3500162,10,1,11.0,53,true
2026-04-07,2,3,3500162,11,1,9.0,43,true
2026-04-07,2,3,3500162,12,1,12.0,58,true
2026-04-07,2,3,3500162,13,1,13.0,62,true
2026-04-07,4,3,3500162,1,1,12.0,58,true
2026-04-07,4,3,3500162,2,1,18.0,86,true
2026-04-07,4,3,3500162,3,1,19.0,91,true
2026-04-07,4,3,3500162,4,1,12.0,58,true
2026-04-07,4,3,3500162,5,1,10.0,48,true
2026-04-07,4,3,3500162,6,1,15.0,72,true
2026-04-07,4,3,3500162,7,1,7.0,34,true
2026-04-07,4,3,3500162,8,1,4.0,20,true
2026-04-07,4,3,3500162,9,1,18.0,86,true
2026-04-07,4,3,3500162,10,1,6.0,29,true
2026-04-07,4,3,3500162,11,1,9.0,43,true
2026-04-07,4,3,3500162,12,1,7.0,34,true
2026-04-07,4,3,3500162,13,1,10.0,48,true
2026-04-07,6,3,3500888,1,1,5.0,9,true
2026-04-07,6,3,3500888,2,1,4.0,7,true
2026-04-07,6,3,3500888,3,1,2.0,4,true
2026-04-07,6,3,3500888,4,1,6.0,10,true
2026-04-07,6,3,3500888,5,1,2.0,4,true
2026-04-07,6,3,3500888,6,1,6.0,10,true
2026-04-07,6,3,3500888,7,1,3.0,5,true
2026-04-07,6,3,3500888,8,1,3.0,5,true
2026-04-07,6,3,3500888,9,1,4.0,7,true
2026-04-07,6,3,3500888,10,1,1.0,2,true
2026-04-07,6,3,3500888,11,1,5.0,9,true
2026-04-07,6,3,3500888,12,1,2.0,4,true
2026-04-07,6,3,3500888,13,1,6.0,10,true
2026-04-09,1,3,3500005,1,1,18.0,102,true
2026-04-09,1,3,3500005,2,1,12.0,68,true
2026-04-09,1,3,3500005,3,1,10.0,57,true
2026-04-09,1,3,3500005,4,1,12.0,68,true
2026-04-09,1,3,3500005,5,1,8.0,46,true
2026-04-09,1,3,3500005,6,1,19.0,108,true
2026-04-09,1,3,3500005,7,1,12.0,68,true
2026-04-09,1,3,3500005,8,1,14.0,80,true
2026-04-09,1,3,3500005,9,1,10.0,57,true
2026-04-09,1,3,3500005,10,1,7.0,40,true
2026-04-09,1,3,3500005,11,1,10.0,57,true
2026-04-09,1,3,3500005,12,1,12.0,68,true
2026-04-09,1,3,3500005,13,1,18.0,102,true
2026-04-09,2,3,3501430,1,1,32.0,100,true
2026-04-09,2,3,3501430,2,1,16.0,50,true
2026-04-09,2,3,3501430,3,1,12.0,38,true
2026-04-09,2,3,3501430,4,1,10.0,32,true
2026-04-09,2,3,3501430,5,1,12.0,38,true
2026-04-09,2,3,3501430,6,1,18.0,57,true
2026-04-09,2,3,3501430,7,1,10.0,32,true
2026-04-09,2,3,3501430,8,1,12.0,38,true
2026-04-09,2,3,3501430,9,1,14.0,44,true
2026-04-09,2,3,3501430,10,1,10.0,32,true
2026-04-09,2,3,3501430,11,1,8.0,25,true
2026-04-09,2,3,3501430,12,1,12.0,38,true
2026-04-09,2,3,3501430,13,1,17.0,53,true
2026-04-09,4,3,3501226,1,1,34.0,184,true
2026-04-09,4,3,3501226,2,1,14.0,76,true
2026-04-09,4,3,3501226,3,1,10.0,55,true
2026-04-09,4,3,3501226,4,1,14.0,76,true
2026-04-09,4,3,3501226,5,1,12.0,65,true
2026-04-09,4,3,3501226,6,1,18.0,98,true
2026-04-09,4,3,3501226,7,1,10.0,55,true
2026-04-09,4,3,3501226,8,1,12.0,65,true
2026-04-09,4,3,3501226,9,1,14.0,76,true
2026-04-09,4,3,3501226,10,1,9.0,49,true
2026-04-09,4,3,3501226,11,1,10.0,55,true
2026-04-09,4,3,3501226,12,1,14.0,76,true
2026-04-09,4,3,3501226,13,1,18.0,98,true
2026-04-09,6,3,3500888,1,1,30.0,49,true
2026-04-09,6,3,3500888,2,1,14.0,23,true
2026-04-09,6,3,3500888,3,1,24.0,39,true
2026-04-09,6,3,3500888,4,1,20.0,33,true
2026-04-09,6,3,3500888,5,1,14.0,23,true
2026-04-09,6,3,3500888,6,1,17.0,28,true
2026-04-09,6,3,3500888,7,1,10.0,17,true
2026-04-09,6,3,3500888,8,1,10.0,17,true
2026-04-09,6,3,3500888,9,1,14.0,23,true
2026-04-09,6,3,3500888,10,1,12.0,20,true
2026-04-09,6,3,3500888,11,1,11.0,18,true
2026-04-09,6,3,3500888,12,1,12.0,20,true
2026-04-09,6,3,3500888,13,1,16.0,26,true
2026-04-09,1,1,3500005,1,1,20.0,113,true
2026-04-09,1,1,3500005,2,1,13.0,74,true
2026-04-09,1,1,3500005,3,1,15.0,85,true
2026-04-09,1,1,3500005,4,1,16.0,91,true
2026-04-09,1,1,3500005,5,1,18.0,102,true
2026-04-09,1,1,3500005,6,1,31.0,176,true
2026-04-09,1,1,3500005,7,1,13.0,74,true
2026-04-09,1,1,3500005,8,1,15.0,85,true
2026-04-09,1,1,3500005,9,1,14.0,80,true
2026-04-09,1,1,3500005,10,1,12.0,68,true
2026-04-09,1,1,3500005,11,1,13.0,74,true
2026-04-09,1,1,3500005,12,1,9.0,51,true
2026-04-09,1,1,3500005,13,1,21.0,119,true
2026-04-09,2,1,3501430,1,1,30.0,94,true
2026-04-09,2,1,3501430,2,1,20.0,63,true
2026-04-09,2,1,3501430,3,1,25.0,78,true
2026-04-09,2,1,3501430,4,1,19.0,60,true
2026-04-09,2,1,3501430,5,1,13.0,41,true
2026-04-09,2,1,3501430,6,1,35.0,110,true
2026-04-09,2,1,3501430,7,1,24.0,75,true
2026-04-09,2,1,3501430,8,1,16.0,50,true
2026-04-09,2,1,3501430,9,1,13.0,41,true
2026-04-09,2,1,3501430,10,1,24.0,75,true
2026-04-09,2,1,3501430,11,1,29.0,91,true
2026-04-09,2,1,3501430,12,1,30.0,94,true
2026-04-09,2,1,3501430,13,1,31.0,97,true
2026-04-09,4,1,3501226,1,1,70.0,379,true
2026-04-09,4,1,3501226,2,1,75.0,406,true
2026-04-09,4,1,3501226,3,1,60.0,325,true
2026-04-09,4,1,3501226,4,1,70.0,379,true
2026-04-09,4,1,3501226,5,1,30.0,163,true
2026-04-09,4,1,3501226,6,1,84.0,455,true
2026-04-09,4,1,3501226,7,1,55.0,298,true
2026-04-09,4,1,3501226,8,1,40.0,217,true
2026-04-09,4,1,3501226,9,1,20.0,109,true
2026-04-09,4,1,3501226,10,1,30.0,163,true
2026-04-09,4,1,3501226,11,1,40.0,217,true
2026-04-09,4,1,3501226,12,1,13.0,71,true
2026-04-09,4,1,3501226,13,1,22.0,119,true
2026-04-09,6,1,3500888,1,1,70.0,113,true
2026-04-09,6,1,3500888,2,1,60.0,97,true
2026-04-09,6,1,3500888,3,1,55.0,89,true
2026-04-09,6,1,3500888,4,1,60.0,97,true
2026-04-09,6,1,3500888,5,1,30.0,49,true
2026-04-09,6,1,3500888,6,1,44.0,71,true
2026-04-09,6,1,3500888,7,1,20.0,33,true
2026-04-09,6,1,3500888,8,1,18.0,30,true
2026-04-09,6,1,3500888,9,1,55.0,89,true
2026-04-09,6,1,3500888,10,1,40.0,65,true
2026-04-09,6,1,3500888,11,1,20.0,33,true
2026-04-09,6,1,3500888,12,1,44.0,71,true
2026-04-09,6,1,3500888,13,1,67.0,109,true
2026-04-09,1,2,3500005,1,1,16.0,91,true
2026-04-09,1,2,3500005,2,1,10.0,57,true
2026-04-09,1,2,3500005,3,1,11.0,63,true
2026-04-09,1,2,3500005,4,1,9.0,51,true
2026-04-09,1,2,3500005,5,1,8.0,46,true
2026-04-09,1,2,3500005,6,1,21.0,119,true
2026-04-09,1,2,3500005,7,1,10.0,57,true
2026-04-09,1,2,3500005,8,1,10.0,57,true
2026-04-09,1,2,3500005,9,1,11.0,63,true
2026-04-09,1,2,3500005,10,1,4.0,23,true
2026-04-09,1,2,3500005,11,1,4.0,23,true
2026-04-09,1,2,3500005,12,1,4.0,23,true
2026-04-09,1,2,3500005,13,1,20.0,113,true
2026-04-09,2,2,3501430,1,1,20.0,63,true
2026-04-09,2,2,3501430,2,1,24.0,75,true
2026-04-09,2,2,3501430,3,1,16.0,50,true
2026-04-09,2,2,3501430,4,1,10.0,32,true
2026-04-09,2,2,3501430,5,1,10.0,32,true
2026-04-09,2,2,3501430,6,1,23.0,72,true
2026-04-09,2,2,3501430,7,1,10.0,32,true
2026-04-09,2,2,3501430,8,1,16.0,50,true
2026-04-09,2,2,3501430,9,1,18.0,57,true
2026-04-09,2,2,3501430,10,1,19.0,60,true
2026-04-09,2,2,3501430,11,1,10.0,32,true
2026-04-09,2,2,3501430,12,1,11.0,35,true
2026-04-09,2,2,3501430,13,1,22.0,69,true
2026-04-09,4,2,3501226,1,1,30.0,163,true
2026-04-09,4,2,3501226,2,1,25.0,136,true
2026-04-09,4,2,3501226,3,1,16.0,87,true
2026-04-09,4,2,3501226,4,1,18.0,98,true
2026-04-09,4,2,3501226,5,1,10.0,55,true
2026-04-09,4,2,3501226,6,1,23.0,125,true
2026-04-09,4,2,3501226,7,1,16.0,87,true
2026-04-09,4,2,3501226,8,1,10.0,55,true
2026-04-09,4,2,3501226,9,1,11.0,60,true
2026-04-09,4,2,3501226,10,1,12.0,65,true
2026-04-09,4,2,3501226,11,1,10.0,55,true
2026-04-09,4,2,3501226,12,1,11.0,60,true
2026-04-09,4,2,3501226,13,1,21.0,114,true
2026-04-09,6,2,3500888,1,1,60.0,97,true
2026-04-09,6,2,3500888,2,1,20.0,33,true
2026-04-09,6,2,3500888,3,1,30.0,49,true
2026-04-09,6,2,3500888,4,1,20.0,33,true
2026-04-09,6,2,3500888,5,1,16.0,26,true
2026-04-09,6,2,3500888,6,1,10.0,17,true
2026-04-09,6,2,3500888,7,1,11.0,18,true
2026-04-09,6,2,3500888,8,1,12.0,20,true
2026-04-09,6,2,3500888,9,1,10.0,17,true
2026-04-09,6,2,3500888,10,1,11.0,18,true
2026-04-09,6,2,3500888,11,1,10.0,17,true
2026-04-09,6,2,3500888,12,1,11.0,18,true
2026-04-09,6,2,3500888,13,1,10.0,17,true
2026-04-10,1,3,3500005,1,1,10.0,57,true
2026-04-10,1,3,3500005,2,1,11.0,63,true
2026-04-10,1,3,3500005,3,1,9.0,51,true
2026-04-10,1,3,3500005,4,1,7.0,40,true
2026-04-10,1,3,3500005,5,1,5.0,29,true
2026-04-10,1,3,3500005,6,1,20.0,113,true
2026-04-10,1,3,3500005,7,1,6.0,34,true
2026-04-10,1,3,3500005,8,1,10.0,57,true
2026-04-10,1,3,3500005,9,1,12.0,68,true
2026-04-10,1,3,3500005,10,1,8.0,46,true
2026-04-10,1,3,3500005,11,1,9.0,51,true
2026-04-10,1,3,3500005,12,1,12.0,68,true
2026-04-10,1,3,3500005,13,1,11.0,63,true
2026-04-10,2,3,3501430,1,1,18.0,57,true
2026-04-10,2,3,3501430,2,1,14.0,44,true
2026-04-10,2,3,3501430,3,1,12.0,38,true
2026-04-10,2,3,3501430,4,1,10.0,32,true
2026-04-10,2,3,3501430,5,1,11.0,35,true
2026-04-10,2,3,3501430,6,1,23.0,72,true
2026-04-10,2,3,3501430,7,1,10.0,32,true
2026-04-10,2,3,3501430,8,1,8.0,25,true
2026-04-10,2,3,3501430,9,1,12.0,38,true
2026-04-10,2,3,3501430,10,1,7.0,22,true
2026-04-10,2,3,3501430,11,1,12.0,38,true
2026-04-10,2,3,3501430,12,1,14.0,44,true
2026-04-10,2,3,3501430,13,1,15.0,47,true
2026-04-10,4,3,3501226,1,1,38.0,206,true
2026-04-10,4,3,3501226,2,1,26.0,141,true
2026-04-10,4,3,3501226,3,1,16.0,87,true
2026-04-10,4,3,3501226,4,1,14.0,76,true
2026-04-10,4,3,3501226,5,1,12.0,65,true
2026-04-10,4,3,3501226,6,1,26.0,141,true
2026-04-10,4,3,3501226,7,1,12.0,65,true
2026-04-10,4,3,3501226,8,1,8.0,44,true
2026-04-10,4,3,3501226,9,1,10.0,55,true
2026-04-10,4,3,3501226,10,1,7.0,38,true
2026-04-10,4,3,3501226,11,1,10.0,55,true
2026-04-10,4,3,3501226,12,1,12.0,65,true
2026-04-10,4,3,3501226,13,1,17.0,92,true
2026-04-10,6,3,3500887,1,1,14.0,23,true
2026-04-10,6,3,3500887,2,1,30.0,49,true
2026-04-10,6,3,3500887,3,1,32.0,52,true
2026-04-10,6,3,3500887,4,1,36.0,59,true
2026-04-10,6,3,3500887,5,1,12.0,20,true
2026-04-10,6,3,3500887,6,1,34.0,55,true
2026-04-10,6,3,3500887,7,1,14.0,23,true
2026-04-10,6,3,3500887,8,1,10.0,17,true
2026-04-10,6,3,3500887,9,1,12.0,20,true
2026-04-10,6,3,3500887,10,1,7.0,12,true
2026-04-10,6,3,3500887,11,1,14.0,23,true
2026-04-10,6,3,3500887,12,1,10.0,17,true
2026-04-10,6,3,3500887,13,1,30.0,49,true
2026-04-11,1,3,3500005,1,1,12.0,68,true
2026-04-11,1,3,3500005,2,1,10.0,57,true
2026-04-11,1,3,3500005,3,1,12.0,68,true
2026-04-11,1,3,3500005,4,1,10.0,57,true
2026-04-11,1,3,3500005,5,1,8.0,46,true
2026-04-11,1,3,3500005,6,1,18.0,102,true
2026-04-11,1,3,3500005,7,1,1.0,6,true
2026-04-11,1,3,3500005,8,1,9.0,51,true
2026-04-11,1,3,3500005,9,1,12.0,68,true
2026-04-11,1,3,3500005,10,1,7.0,40,true
2026-04-11,1,3,3500005,11,1,5.0,29,true
2026-04-11,1,3,3500005,12,1,10.0,57,true
2026-04-11,1,3,3500005,13,1,10.0,57,true
2026-04-11,2,3,3501430,1,1,30.0,94,true
2026-04-11,2,3,3501430,2,1,22.0,69,true
2026-04-11,2,3,3501430,3,1,16.0,50,true
2026-04-11,2,3,3501430,4,1,14.0,44,true
2026-04-11,2,3,3501430,5,1,10.0,32,true
2026-04-11,2,3,3501430,6,1,24.0,75,true
2026-04-11,2,3,3501430,7,1,9.0,29,true
2026-04-11,2,3,3501430,8,1,7.0,22,true
2026-04-11,2,3,3501430,9,1,14.0,44,true
2026-04-11,2,3,3501430,10,1,6.0,19,true
2026-04-11,2,3,3501430,11,1,10.0,32,true
2026-04-11,2,3,3501430,12,1,12.0,38,true
2026-04-11,2,3,3501430,13,1,10.0,32,true
2026-04-11,4,3,3501226,1,1,42.0,228,true
2026-04-11,4,3,3501226,2,1,26.0,141,true
2026-04-11,4,3,3501226,3,1,12.0,65,true
2026-04-11,4,3,3501226,4,1,9.0,49,true
2026-04-11,4,3,3501226,5,1,10.0,55,true
2026-04-11,4,3,3501226,6,1,20.0,109,true
2026-04-11,4,3,3501226,7,1,7.0,38,true
2026-04-11,4,3,3501226,8,1,9.0,49,true
2026-04-11,4,3,3501226,9,1,9.0,49,true
2026-04-11,4,3,3501226,10,1,10.0,55,true
2026-04-11,4,3,3501226,11,1,7.0,38,true
2026-04-11,4,3,3501226,12,1,12.0,65,true
2026-04-11,4,3,3501226,13,1,17.0,92,true
2026-04-11,6,3,3500888,1,1,16.0,26,true
2026-04-11,6,3,3500888,2,1,24.0,39,true
2026-04-11,6,3,3500888,3,1,22.0,36,true
2026-04-11,6,3,3500888,4,1,16.0,26,true
2026-04-11,6,3,3500888,5,1,14.0,23,true
2026-04-11,6,3,3500888,6,1,26.0,42,true
2026-04-11,6,3,3500888,7,1,12.0,20,true
2026-04-11,6,3,3500888,8,1,10.0,17,true
2026-04-11,6,3,3500888,9,1,14.0,23,true
2026-04-11,6,3,3500888,10,1,10.0,17,true
2026-04-11,6,3,3500888,11,1,7.0,12,true
2026-04-11,6,3,3500888,12,1,12.0,20,true
2026-04-11,6,3,3500888,13,1,19.0,31,true
2026-04-10,1,2,3500005,1,1,10.0,57,true
2026-04-10,1,2,3500005,2,1,11.0,63,true
2026-04-10,1,2,3500005,3,1,16.0,91,true
2026-04-10,1,2,3500005,4,1,10.0,57,true
2026-04-10,1,2,3500005,5,1,11.0,63,true
2026-04-10,1,2,3500005,6,1,22.0,125,true
2026-04-10,1,2,3500005,7,1,11.0,63,true
2026-04-10,1,2,3500005,8,1,10.0,57,true
2026-04-10,1,2,3500005,9,1,11.0,63,true
2026-04-10,1,2,3500005,10,1,12.0,68,true
2026-04-10,1,2,3500005,11,1,10.0,57,true
2026-04-10,1,2,3500005,12,1,11.0,63,true
2026-04-10,1,2,3500005,13,1,20.0,113,true
2026-04-10,2,2,3501430,1,1,20.0,63,true
2026-04-10,2,2,3501430,2,1,16.0,50,true
2026-04-10,2,2,3501430,3,1,10.0,32,true
2026-04-10,2,2,3501430,4,1,11.0,35,true
2026-04-10,2,2,3501430,5,1,10.0,32,true
2026-04-10,2,2,3501430,6,1,23.0,72,true
2026-04-10,2,2,3501430,7,1,16.0,50,true
2026-04-10,2,2,3501430,8,1,10.0,32,true
2026-04-10,2,2,3501430,9,1,11.0,35,true
2026-04-10,2,2,3501430,10,1,10.0,32,true
2026-04-10,2,2,3501430,11,1,11.0,35,true
2026-04-10,2,2,3501430,12,1,10.0,32,true
2026-04-10,2,2,3501430,13,1,26.0,82,true
2026-04-10,4,2,3501226,1,1,60.0,325,true
2026-04-10,4,2,3501226,2,1,80.0,433,true
2026-04-10,4,2,3501226,3,1,30.0,163,true
2026-04-10,4,2,3501226,4,1,16.0,87,true
2026-04-10,4,2,3501226,5,1,20.0,109,true
2026-04-10,4,2,3501226,6,1,21.0,114,true
2026-04-10,4,2,3501226,7,1,10.0,55,true
2026-04-10,4,2,3501226,8,1,11.0,60,true
2026-04-10,4,2,3501226,9,1,20.0,109,true
2026-04-10,4,2,3501226,10,1,16.0,87,true
2026-04-10,4,2,3501226,11,1,10.0,55,true
2026-04-10,4,2,3501226,12,1,10.0,55,true
2026-04-10,4,2,3501226,13,1,21.0,114,true
2026-04-10,6,2,3500888,1,1,20.0,33,true
2026-04-10,6,2,3500888,2,1,24.0,39,true
2026-04-10,6,2,3500888,3,1,16.0,26,true
2026-04-10,6,2,3500888,4,1,10.0,17,true
2026-04-10,6,2,3500888,5,1,19.0,31,true
2026-04-10,6,2,3500888,6,1,10.0,17,true
2026-04-10,6,2,3500888,7,1,14.0,23,true
2026-04-10,6,2,3500888,8,1,10.0,17,true
2026-04-10,6,2,3500888,9,1,11.0,18,true
2026-04-10,6,2,3500888,10,1,16.0,26,true
2026-04-10,6,2,3500888,11,1,10.0,17,true
2026-04-10,6,2,3500888,12,1,11.0,18,true
2026-04-10,6,2,3500888,13,1,10.0,17,true
2026-04-10,1,1,3500005,1,1,24.0,136,true
2026-04-10,1,1,3500005,2,1,16.0,91,true
2026-04-10,1,1,3500005,3,1,18.0,102,true
2026-04-10,1,1,3500005,4,1,10.0,57,true
2026-04-10,1,1,3500005,5,1,20.0,113,true
2026-04-10,1,1,3500005,6,1,32.0,181,true
2026-04-10,1,1,3500005,7,1,30.0,170,true
2026-04-10,1,1,3500005,8,1,20.0,113,true
2026-04-10,1,1,3500005,9,1,12.0,68,true
2026-04-10,1,1,3500005,10,1,22.0,125,true
2026-04-10,1,1,3500005,11,1,16.0,91,true
2026-04-10,1,1,3500005,12,1,10.0,57,true
2026-04-10,1,1,3500005,13,1,24.0,136,true
2026-04-10,2,1,3501430,1,1,35.0,110,true
2026-04-10,2,1,3501430,2,1,20.0,63,true
2026-04-10,2,1,3501430,3,1,19.0,60,true
2026-04-10,2,1,3501430,4,1,16.0,50,true
2026-04-10,2,1,3501430,5,1,18.0,57,true
2026-04-10,2,1,3501430,6,1,32.0,100,true
2026-04-10,2,1,3501430,7,1,30.0,94,true
2026-04-10,2,1,3501430,8,1,14.0,44,true
2026-04-10,2,1,3501430,9,1,16.0,50,true
2026-04-10,2,1,3501430,10,1,20.0,63,true
2026-04-10,2,1,3501430,11,1,24.0,75,true
2026-04-10,2,1,3501430,12,1,22.0,69,true
2026-04-10,2,1,3501430,13,1,48.0,150,true
2026-04-10,4,1,3501226,1,1,60.0,325,true
2026-04-10,4,1,3501226,2,1,55.0,298,true
2026-04-10,4,1,3501226,3,1,60.0,325,true
2026-04-10,4,1,3501226,4,1,40.0,217,true
2026-04-10,4,1,3501226,5,1,33.0,179,true
2026-04-10,4,1,3501226,6,1,40.0,217,true
2026-04-10,4,1,3501226,7,1,30.0,163,true
2026-04-10,4,1,3501226,8,1,45.0,244,true
2026-04-10,4,1,3501226,9,1,24.0,130,true
2026-04-10,4,1,3501226,10,1,26.0,141,true
2026-04-10,4,1,3501226,11,1,20.0,109,true
2026-04-10,4,1,3501226,12,1,16.0,87,true
2026-04-10,4,1,3501226,13,1,33.0,179,true
2026-04-10,6,1,3500887,1,1,70.0,113,true
2026-04-10,6,1,3500887,2,1,55.0,89,true
2026-04-10,6,1,3500887,3,1,40.0,65,true
2026-04-10,6,1,3500887,4,1,50.0,81,true
2026-04-10,6,1,3500887,5,1,30.0,49,true
2026-04-10,6,1,3500887,6,1,38.0,62,true
2026-04-10,6,1,3500887,7,1,60.0,97,true
2026-04-10,6,1,3500887,8,1,50.0,81,true
2026-04-10,6,1,3500887,9,1,40.0,65,true
2026-04-10,6,1,3500887,10,1,21.0,34,true
2026-04-10,6,1,3500887,11,1,60.0,97,true
2026-04-10,6,1,3500887,12,1,55.0,89,true
2026-04-10,6,1,3500887,13,1,70.0,113,true
2026-04-11,1,1,3500005,1,1,28.0,159,true
2026-04-11,1,1,3500005,2,1,20.0,113,true
2026-04-11,1,1,3500005,3,1,23.0,130,true
2026-04-11,1,1,3500005,4,1,18.0,102,true
2026-04-11,1,1,3500005,5,1,14.0,80,true
2026-04-11,1,1,3500005,6,1,23.0,130,true
2026-04-11,1,1,3500005,7,1,20.0,113,true
2026-04-11,1,1,3500005,8,1,13.0,74,true
2026-04-11,1,1,3500005,9,1,18.0,102,true
2026-04-11,1,1,3500005,10,1,20.0,113,true
2026-04-11,1,1,3500005,11,1,24.0,136,true
2026-04-11,1,1,3500005,12,1,19.0,108,true
2026-04-11,1,1,3500005,13,1,23.0,130,true
2026-04-11,2,1,3501430,1,1,13.0,41,true
2026-04-11,2,1,3501430,2,1,20.0,63,true
2026-04-11,2,1,3501430,3,1,15.0,47,true
2026-04-11,2,1,3501430,4,1,20.0,63,true
2026-04-11,2,1,3501430,5,1,30.0,94,true
2026-04-11,2,1,3501430,6,1,21.0,66,true
2026-04-11,2,1,3501430,7,1,30.0,94,true
2026-04-11,2,1,3501430,8,1,24.0,75,true
2026-04-11,2,1,3501430,9,1,22.0,69,true
2026-04-11,2,1,3501430,10,1,31.0,97,true
2026-04-11,2,1,3501430,11,1,40.0,125,true
2026-04-11,2,1,3501430,12,1,11.0,35,true
2026-04-11,2,1,3501430,13,1,35.0,110,true
2026-04-11,4,1,3501226,1,1,50.0,271,true
2026-04-11,4,1,3501226,2,1,30.0,163,true
2026-04-11,4,1,3501226,3,1,25.0,136,true
2026-04-11,4,1,3501226,4,1,30.0,163,true
2026-04-11,4,1,3501226,5,1,20.0,109,true
2026-04-11,4,1,3501226,6,1,22.0,119,true
2026-04-11,4,1,3501226,7,1,60.0,325,true
2026-04-11,4,1,3501226,8,1,13.0,71,true
2026-04-11,4,1,3501226,9,1,21.0,114,true
2026-04-11,4,1,3501226,10,1,24.0,130,true
2026-04-11,4,1,3501226,11,1,20.0,109,true
2026-04-11,4,1,3501226,12,1,10.0,55,true
2026-04-11,4,1,3501226,13,1,33.0,179,true
2026-04-11,6,1,3500888,1,1,60.0,97,true
2026-04-11,6,1,3500888,2,1,25.0,41,true
2026-04-11,6,1,3500888,3,1,30.0,49,true
2026-04-11,6,1,3500888,4,1,35.0,57,true
2026-04-11,6,1,3500888,5,1,40.0,65,true
2026-04-11,6,1,3500888,6,1,34.0,55,true
2026-04-11,6,1,3500888,7,1,20.0,33,true
2026-04-11,6,1,3500888,8,1,24.0,39,true
2026-04-11,6,1,3500888,9,1,33.0,54,true
2026-04-11,6,1,3500888,10,1,13.0,21,true
2026-04-11,6,1,3500888,11,1,10.0,17,true
2026-04-11,6,1,3500888,12,1,20.0,33,true
2026-04-11,6,1,3500888,13,1,21.0,34,true
2026-04-11,1,2,3500005,1,1,9.0,51,true
2026-04-11,1,2,3500005,2,1,8.0,46,true
2026-04-11,1,2,3500005,3,1,16.0,91,true
2026-04-11,1,2,3500005,4,1,11.0,63,true
2026-04-11,1,2,3500005,5,1,14.0,80,true
2026-04-11,1,2,3500005,6,1,21.0,119,true
2026-04-11,1,2,3500005,7,1,10.0,57,true
2026-04-11,1,2,3500005,8,1,11.0,63,true
2026-04-11,1,2,3500005,9,1,12.0,68,true
2026-04-11,1,2,3500005,10,1,14.0,80,true
2026-04-11,1,2,3500005,11,1,10.0,57,true
2026-04-11,1,2,3500005,12,1,11.0,63,true
2026-04-11,1,2,3500005,13,1,22.0,125,true
2026-04-11,2,2,3501430,1,1,20.0,63,true
2026-04-11,2,2,3501430,2,1,24.0,75,true
2026-04-11,2,2,3501430,3,1,16.0,50,true
2026-04-11,2,2,3501430,4,1,10.0,32,true
2026-04-11,2,2,3501430,5,1,11.0,35,true
2026-04-11,2,2,3501430,6,1,30.0,94,true
2026-04-11,2,2,3501430,7,1,10.0,32,true
2026-04-11,2,2,3501430,8,1,11.0,35,true
2026-04-11,2,2,3501430,9,1,12.0,38,true
2026-04-11,2,2,3501430,10,1,10.0,32,true
2026-04-11,2,2,3501430,11,1,10.0,32,true
2026-04-11,2,2,3501430,12,1,11.0,35,true
2026-04-11,2,2,3501430,13,1,22.0,69,true
2026-04-11,4,2,3501226,1,1,30.0,163,true
2026-04-11,4,2,3501226,2,1,20.0,109,true
2026-04-11,4,2,3501226,3,1,25.0,136,true
2026-04-11,4,2,3501226,4,1,16.0,87,true
2026-04-11,4,2,3501226,5,1,18.0,98,true
2026-04-11,4,2,3501226,6,1,29.0,157,true
2026-04-11,4,2,3501226,7,1,11.0,60,true
2026-04-11,4,2,3501226,8,1,21.0,114,true
2026-04-11,4,2,3501226,9,1,14.0,76,true
2026-04-11,4,2,3501226,10,1,16.0,87,true
2026-04-11,4,2,3501226,11,1,10.0,55,true
2026-04-11,4,2,3501226,12,1,11.0,60,true
2026-04-11,4,2,3501226,13,1,22.0,119,true
2026-04-11,6,2,3500888,1,1,20.0,33,true
2026-04-11,6,2,3500888,2,1,24.0,39,true
2026-04-11,6,2,3500888,3,1,16.0,26,true
2026-04-11,6,2,3500888,4,1,18.0,30,true
2026-04-11,6,2,3500888,5,1,14.0,23,true
2026-04-11,6,2,3500888,6,1,21.0,34,true
2026-04-11,6,2,3500888,7,1,12.0,20,true
2026-04-11,6,2,3500888,8,1,10.0,17,true
2026-04-11,6,2,3500888,9,1,11.0,18,true
2026-04-11,6,2,3500888,10,1,13.0,21,true
2026-04-11,6,2,3500888,11,1,10.0,17,true
2026-04-11,6,2,3500888,12,1,11.0,18,true
2026-04-11,6,2,3500888,13,1,30.0,49,true
2026-04-12,1,2,3500005,1,1,29.0,164,true
2026-04-12,1,2,3500005,2,1,32.0,181,true
2026-04-12,1,2,3500005,3,1,26.0,147,true
2026-04-12,1,2,3500005,4,1,16.0,91,true
2026-04-12,1,2,3500005,5,1,12.0,68,true
2026-04-12,1,2,3500005,6,1,24.0,136,true
2026-04-12,1,2,3500005,7,1,10.0,57,true
2026-04-12,1,2,3500005,8,1,16.0,91,true
2026-04-12,1,2,3500005,9,1,12.0,68,true
2026-04-12,1,2,3500005,10,1,9.0,51,true
2026-04-12,1,2,3500005,11,1,11.0,63,true
2026-04-12,1,2,3500005,12,1,16.0,91,true
2026-04-12,1,2,3500005,13,1,22.0,125,true
2026-04-12,2,2,3501430,1,1,41.0,128,true
2026-04-12,2,2,3501430,2,1,36.0,113,true
2026-04-12,2,2,3501430,3,1,18.0,57,true
2026-04-12,2,2,3501430,4,1,10.0,32,true
2026-04-12,2,2,3501430,5,1,9.0,29,true
2026-04-12,2,2,3501430,6,1,28.0,88,true
2026-04-12,2,2,3501430,7,1,11.0,35,true
2026-04-12,2,2,3501430,8,1,7.0,22,true
2026-04-12,2,2,3501430,9,1,12.0,38,true
2026-04-12,2,2,3501430,10,1,10.0,32,true
2026-04-12,2,2,3501430,11,1,11.0,35,true
2026-04-12,2,2,3501430,12,1,14.0,44,true
2026-04-12,2,2,3501430,13,1,13.0,41,true
2026-04-12,4,2,3501226,1,1,63.0,341,true
2026-04-12,4,2,3501226,2,1,36.0,195,true
2026-04-12,4,2,3501226,3,1,18.0,98,true
2026-04-12,4,2,3501226,4,1,14.0,76,true
2026-04-12,4,2,3501226,5,1,10.0,55,true
2026-04-12,4,2,3501226,6,1,22.0,119,true
2026-04-12,4,2,3501226,7,1,12.0,65,true
2026-04-12,4,2,3501226,8,1,10.0,55,true
2026-04-12,4,2,3501226,9,1,10.0,55,true
2026-04-12,4,2,3501226,10,1,9.0,49,true
2026-04-12,4,2,3501226,11,1,12.0,65,true
2026-04-12,4,2,3501226,12,1,14.0,76,true
2026-04-12,4,2,3501226,13,1,17.0,92,true
2026-04-12,6,2,3500888,1,1,12.0,20,true
2026-04-12,6,2,3500888,2,1,16.0,26,true
2026-04-12,6,2,3500888,3,1,26.0,42,true
2026-04-12,6,2,3500888,4,1,29.0,47,true
2026-04-12,6,2,3500888,5,1,32.0,52,true
2026-04-12,6,2,3500888,6,1,26.0,42,true
2026-04-12,6,2,3500888,7,1,7.0,12,true
2026-04-12,6,2,3500888,8,1,10.0,17,true
2026-04-12,6,2,3500888,9,1,12.0,20,true
2026-04-12,6,2,3500888,10,1,9.0,15,true
2026-04-12,6,2,3500888,11,1,10.0,17,true
2026-04-12,6,2,3500888,12,1,10.0,17,true
2026-04-12,6,2,3500888,13,1,24.0,39,true
2026-04-12,1,2,3500005,1,2,37.0,210,true
2026-04-12,1,2,3500005,2,2,39.0,221,true
2026-04-12,1,2,3500005,3,2,51.0,289,true
2026-04-12,1,2,3500005,4,2,16.0,91,true
2026-04-12,1,2,3500005,5,2,22.0,125,true
2026-04-12,1,2,3500005,6,2,62.0,351,true
2026-04-12,1,2,3500005,7,2,12.0,68,true
2026-04-12,1,2,3500005,8,2,19.0,108,true
2026-04-12,1,2,3500005,9,2,31.0,176,true
2026-04-12,1,2,3500005,10,2,26.0,147,true
2026-04-12,1,2,3500005,11,2,22.0,125,true
2026-04-12,1,2,3500005,12,2,32.0,181,true
2026-04-12,1,2,3500005,13,2,71.0,402,true
2026-04-12,2,2,3500213,1,1,26.0,124,true
2026-04-12,2,2,3500213,2,1,22.0,105,true
2026-04-12,2,2,3500213,3,1,19.0,91,true
2026-04-12,2,2,3500213,4,1,21.0,100,true
2026-04-12,2,2,3500213,5,1,16.0,77,true
2026-04-12,2,2,3500213,6,1,35.0,167,true
2026-04-12,2,2,3500213,7,1,16.0,77,true
2026-04-12,2,2,3500213,8,1,12.0,58,true
2026-04-12,2,2,3500213,9,1,23.0,110,true
2026-04-12,2,2,3500213,10,1,16.0,77,true
2026-04-12,2,2,3500213,11,1,32.0,153,true
2026-04-12,2,2,3500213,12,1,26.0,124,true
2026-04-12,2,2,3500213,13,1,58.0,277,true
2026-04-12,4,2,3501225,1,1,12.0,73,true
2026-04-12,4,2,3501225,2,1,19.0,116,true
2026-04-12,4,2,3501225,3,1,22.0,134,true
2026-04-12,4,2,3501225,4,1,16.0,97,true
2026-04-12,4,2,3501225,5,1,17.0,104,true
2026-04-12,4,2,3501225,6,1,41.0,249,true
2026-04-12,4,2,3501225,7,1,26.0,158,true
2026-04-12,4,2,3501225,8,1,12.0,73,true
2026-04-12,4,2,3501225,9,1,23.0,140,true
2026-04-12,4,2,3501225,10,1,21.0,128,true
2026-04-12,4,2,3501225,11,1,10.0,61,true
2026-04-12,4,2,3501225,12,1,27.0,164,true
2026-04-12,4,2,3501225,13,1,12.0,73,true
2026-04-13,1,2,3500005,1,1,100.0,565,true
2026-04-13,1,2,3500005,2,1,35.0,198,true
2026-04-13,1,2,3500005,3,1,22.0,125,true
2026-04-13,1,2,3500005,4,1,18.0,102,true
2026-04-13,1,2,3500005,5,1,36.0,204,true
2026-04-13,1,2,3500005,6,1,30.0,170,true
2026-04-13,1,2,3500005,7,1,32.0,181,true
2026-04-13,1,2,3500005,8,1,20.0,113,true
2026-04-13,1,2,3500005,9,1,14.0,80,true
2026-04-13,1,2,3500005,10,1,16.0,91,true
2026-04-13,1,2,3500005,11,1,22.0,125,true
2026-04-13,1,2,3500005,12,1,30.0,170,true
2026-04-13,1,2,3500005,13,1,50.0,283,true
2026-04-13,2,2,3500213,1,1,50.0,239,true
2026-04-13,2,2,3500213,2,1,55.0,262,true
2026-04-13,2,2,3500213,3,1,20.0,96,true
2026-04-13,2,2,3500213,4,1,32.0,153,true
2026-04-13,2,2,3500213,5,1,24.0,115,true
2026-04-13,2,2,3500213,6,1,38.0,181,true
2026-04-13,2,2,3500213,7,1,30.0,143,true
2026-04-13,2,2,3500213,8,1,32.0,153,true
2026-04-13,2,2,3500213,9,1,41.0,196,true
2026-04-13,2,2,3500213,10,1,21.0,100,true
2026-04-13,2,2,3500213,11,1,33.0,158,true
2026-04-13,2,2,3500213,12,1,16.0,77,true
2026-04-13,2,2,3500213,13,1,24.0,115,true
2026-04-13,4,2,3501225,1,1,70.0,425,true
2026-04-13,4,2,3501225,2,1,40.0,243,true
2026-04-13,4,2,3501225,3,1,60.0,364,true
2026-04-13,4,2,3501225,4,1,55.0,334,true
2026-04-13,4,2,3501225,5,1,35.0,213,true
2026-04-13,4,2,3501225,6,1,30.0,182,true
2026-04-13,4,2,3501225,7,1,60.0,364,true
2026-04-13,4,2,3501225,8,1,40.0,243,true
2026-04-13,4,2,3501225,9,1,30.0,182,true
2026-04-13,4,2,3501225,10,1,35.0,213,true
2026-04-13,4,2,3501225,11,1,20.0,122,true
2026-04-13,4,2,3501225,12,1,24.0,146,true
2026-04-13,4,2,3501225,13,1,50.0,304,true
2026-04-12,1,1,3500005,1,1,10.0,57,true
2026-04-12,1,1,3500005,2,1,0.0,0,true
2026-04-12,1,1,3500005,3,1,16.0,91,true
2026-04-12,1,1,3500005,4,1,14.0,80,true
2026-04-12,1,1,3500005,5,1,19.0,108,true
2026-04-12,1,1,3500005,6,1,41.0,232,true
2026-04-12,1,1,3500005,7,1,16.0,91,true
2026-04-12,1,1,3500005,8,1,10.0,57,true
2026-04-12,1,1,3500005,9,1,11.0,63,true
2026-04-12,1,1,3500005,10,1,12.0,68,true
2026-04-12,1,1,3500005,11,1,14.0,80,true
2026-04-12,1,1,3500005,12,1,16.0,91,true
2026-04-12,1,1,3500005,13,1,21.0,119,true
2026-04-12,2,1,3500213,1,1,20.0,96,true
2026-04-12,2,1,3500213,2,1,16.0,77,true
2026-04-12,2,1,3500213,3,1,10.0,48,true
2026-04-12,2,1,3500213,4,1,18.0,86,true
2026-04-12,2,1,3500213,5,1,14.0,67,true
2026-04-12,2,1,3500213,6,1,21.0,100,true
2026-04-12,2,1,3500213,7,1,12.0,58,true
2026-04-12,2,1,3500213,8,1,10.0,48,true
2026-04-12,2,1,3500213,9,1,11.0,53,true
2026-04-12,2,1,3500213,10,1,10.0,48,true
2026-04-12,2,1,3500213,11,1,11.0,53,true
2026-04-12,2,1,3500213,12,1,12.0,58,true
2026-04-12,2,1,3500213,13,1,21.0,100,true
2026-04-12,4,1,3501225,1,1,16.0,97,true
2026-04-12,4,1,3501225,2,1,10.0,61,true
2026-04-12,4,1,3501225,3,1,10.0,61,true
2026-04-12,4,1,3501225,4,1,11.0,67,true
2026-04-12,4,1,3501225,5,1,16.0,97,true
2026-04-12,4,1,3501225,6,1,21.0,128,true
2026-04-12,4,1,3501225,7,1,12.0,73,true
2026-04-12,4,1,3501225,8,1,10.0,61,true
2026-04-12,4,1,3501225,9,1,11.0,67,true
2026-04-12,4,1,3501225,10,1,12.0,73,true
2026-04-12,4,1,3501225,11,1,10.0,61,true
2026-04-12,4,1,3501225,12,1,11.0,67,true
2026-04-12,4,1,3501225,13,1,21.0,128,true
2026-04-13,1,1,3500005,1,1,10.0,57,true
2026-04-13,1,1,3500005,2,1,11.0,63,true
2026-04-13,1,1,3500005,3,1,14.0,80,true
2026-04-13,1,1,3500005,4,1,16.0,91,true
2026-04-13,1,1,3500005,5,1,10.0,57,true
2026-04-13,1,1,3500005,6,1,20.0,113,true
2026-04-13,1,1,3500005,7,1,8.0,46,true
2026-04-13,1,1,3500005,8,1,10.0,57,true
2026-04-13,1,1,3500005,9,1,11.0,63,true
2026-04-13,1,1,3500005,10,1,10.0,57,true
2026-04-13,1,1,3500005,11,1,11.0,63,true
2026-04-13,1,1,3500005,12,1,12.0,68,true
2026-04-13,1,1,3500005,13,1,21.0,119,true
2026-04-13,2,1,3500213,1,1,20.0,96,true
2026-04-13,2,1,3500213,2,1,16.0,77,true
2026-04-13,2,1,3500213,3,1,18.0,86,true
2026-04-13,2,1,3500213,4,1,10.0,48,true
2026-04-13,2,1,3500213,5,1,11.0,53,true
2026-04-13,2,1,3500213,6,1,21.0,100,true
2026-04-13,2,1,3500213,7,1,12.0,58,true
2026-04-13,2,1,3500213,8,1,11.0,53,true
2026-04-13,2,1,3500213,9,1,12.0,58,true
2026-04-13,2,1,3500213,10,1,10.0,48,true
2026-04-13,2,1,3500213,11,1,11.0,53,true
2026-04-13,2,1,3500213,12,1,14.0,67,true
2026-04-13,2,1,3500213,13,1,26.0,124,true
2026-04-13,4,1,3501225,1,1,20.0,122,true
2026-04-13,4,1,3501225,2,1,30.0,182,true
2026-04-13,4,1,3501225,3,1,30.0,182,true
2026-04-13,4,1,3501225,4,1,26.0,158,true
2026-04-13,4,1,3501225,5,1,10.0,61,true
2026-04-13,4,1,3501225,6,1,23.0,140,true
2026-04-13,4,1,3501225,7,1,16.0,97,true
2026-04-13,4,1,3501225,8,1,18.0,110,true
2026-04-13,4,1,3501225,9,1,14.0,85,true
2026-04-13,4,1,3501225,10,1,10.0,61,true
2026-04-13,4,1,3501225,11,1,11.0,67,true
2026-04-13,4,1,3501225,12,1,10.0,61,true
2026-04-13,4,1,3501225,13,1,21.0,128,true
2026-04-14,1,3,3500005,1,1,60.0,339,true
2026-04-14,1,3,3500005,2,1,40.0,226,true
2026-04-14,1,3,3500005,3,1,45.0,255,true
2026-04-14,1,3,3500005,4,1,50.0,283,true
2026-04-14,1,3,3500005,5,1,30.0,170,true
2026-04-14,1,3,3500005,6,1,30.0,170,true
2026-04-14,1,3,3500005,7,1,50.0,283,true
2026-04-14,1,3,3500005,8,1,45.0,255,true
2026-04-14,1,3,3500005,9,1,44.0,249,true
2026-04-14,1,3,3500005,10,1,24.0,136,true
2026-04-14,1,3,3500005,11,1,32.0,181,true
2026-04-14,1,3,3500005,12,1,24.0,136,true
2026-04-14,1,3,3500005,13,1,25.0,142,true
2026-04-14,2,3,3500213,1,1,20.0,96,true
2026-04-14,2,3,3500213,2,1,10.0,48,true
2026-04-14,2,3,3500213,3,1,18.0,86,true
2026-04-14,2,3,3500213,4,1,16.0,77,true
2026-04-14,2,3,3500213,5,1,14.0,67,true
2026-04-14,2,3,3500213,6,1,30.0,143,true
2026-04-14,2,3,3500213,7,1,30.0,143,true
2026-04-14,2,3,3500213,8,1,20.0,96,true
2026-04-14,2,3,3500213,9,1,24.0,115,true
2026-04-14,2,3,3500213,10,1,10.0,48,true
2026-04-14,2,3,3500213,11,1,19.0,91,true
2026-04-14,2,3,3500213,12,1,16.0,77,true
2026-04-14,2,3,3500213,13,1,27.0,129,true
2026-04-14,4,3,3501225,1,1,55.0,334,true
2026-04-14,4,3,3501225,2,1,40.0,243,true
2026-04-14,4,3,3501225,3,1,30.0,182,true
2026-04-14,4,3,3501225,4,1,20.0,122,true
2026-04-14,4,3,3501225,5,1,12.0,73,true
2026-04-14,4,3,3501225,6,1,24.0,146,true
2026-04-14,4,3,3501225,7,1,24.0,146,true
2026-04-14,4,3,3501225,8,1,22.0,134,true
2026-04-14,4,3,3501225,9,1,30.0,182,true
2026-04-14,4,3,3501225,10,1,33.0,200,true
2026-04-14,4,3,3501225,11,1,20.0,122,true
2026-04-14,4,3,3501225,12,1,48.0,291,true
2026-04-14,4,3,3501225,13,1,21.0,128,true
2026-04-14,1,2,3500005,1,1,10.0,57,true
2026-04-14,1,2,3500005,2,1,14.0,80,true
2026-04-14,1,2,3500005,3,1,18.0,102,true
2026-04-14,1,2,3500005,4,1,46.0,260,true
2026-04-14,1,2,3500005,5,1,10.0,57,true
2026-04-14,1,2,3500005,6,1,31.0,176,true
2026-04-14,1,2,3500005,7,1,10.0,57,true
2026-04-14,1,2,3500005,8,1,11.0,63,true
2026-04-14,1,2,3500005,9,1,14.0,80,true
2026-04-14,1,2,3500005,10,1,10.0,57,true
2026-04-14,1,2,3500005,11,1,93.0,526,true
2026-04-14,1,2,3500005,12,1,18.0,102,true
2026-04-14,1,2,3500005,13,1,33.0,187,true
2026-04-14,2,2,3500162,1,1,18.0,86,true
2026-04-14,2,2,3500162,2,1,20.0,96,true
2026-04-14,2,2,3500162,3,1,12.0,58,true
2026-04-14,2,2,3500162,4,1,10.0,48,true
2026-04-14,2,2,3500162,5,1,9.0,43,true
2026-04-14,2,2,3500162,6,1,22.0,105,true
2026-04-14,2,2,3500162,7,1,10.0,48,true
2026-04-14,2,2,3500162,8,1,7.0,34,true
2026-04-14,2,2,3500162,9,1,12.0,58,true
2026-04-14,2,2,3500162,10,1,8.0,39,true
2026-04-14,2,2,3500162,11,1,7.0,34,true
2026-04-14,2,2,3500162,12,1,14.0,67,true
2026-04-14,2,2,3500162,13,1,15.0,72,true
2026-04-14,4,2,3500446,1,1,12.0,52,true
2026-04-14,4,2,3500446,2,1,10.0,44,true
2026-04-14,4,2,3500446,3,1,9.0,39,true
2026-04-14,4,2,3500446,4,1,7.0,31,true
2026-04-14,4,2,3500446,5,1,9.0,39,true
2026-04-14,4,2,3500446,6,1,16.0,69,true
2026-04-14,4,2,3500446,7,1,7.0,31,true
2026-04-14,4,2,3500446,8,1,4.0,18,true
2026-04-14,4,2,3500446,9,1,10.0,44,true
2026-04-14,4,2,3500446,10,1,6.0,26,true
2026-04-14,4,2,3500446,11,1,6.0,26,true
2026-04-14,4,2,3500446,12,1,10.0,44,true
2026-04-14,4,2,3500446,13,1,11.0,48,true
2026-04-15,1,3,3500005,1,1,40.0,226,true
2026-04-15,1,3,3500005,2,1,30.0,170,true
2026-04-15,1,3,3500005,3,1,15.0,85,true
2026-04-15,1,3,3500005,4,1,20.0,113,true
2026-04-15,1,3,3500005,5,1,18.0,102,true
2026-04-15,1,3,3500005,6,1,30.0,170,true
2026-04-15,1,3,3500005,7,1,22.0,125,true
2026-04-15,1,3,3500005,8,1,24.0,136,true
2026-04-15,1,3,3500005,9,1,19.0,108,true
2026-04-15,1,3,3500005,10,1,30.0,170,true
2026-04-15,1,3,3500005,11,1,10.0,57,true
2026-04-15,1,3,3500005,12,1,12.0,68,true
2026-04-15,1,3,3500005,13,1,24.0,136,true
2026-04-15,2,3,3500162,1,1,44.0,210,true
2026-04-15,2,3,3500162,2,1,35.0,167,true
2026-04-15,2,3,3500162,3,1,24.0,115,true
2026-04-15,2,3,3500162,4,1,19.0,91,true
2026-04-15,2,3,3500162,5,1,15.0,72,true
2026-04-15,2,3,3500162,6,1,42.0,200,true
2026-04-15,2,3,3500162,7,1,40.0,191,true
2026-04-15,2,3,3500162,8,1,35.0,167,true
2026-04-15,2,3,3500162,9,1,31.0,148,true
2026-04-15,2,3,3500162,10,1,22.0,105,true
2026-04-15,2,3,3500162,11,1,26.0,124,true
2026-04-15,2,3,3500162,12,1,24.0,115,true
2026-04-15,2,3,3500162,13,1,22.0,105,true
2026-04-15,4,3,3500446,1,1,20.0,87,true
2026-04-15,4,3,3500446,2,1,24.0,104,true
2026-04-15,4,3,3500446,3,1,18.0,78,true
2026-04-15,4,3,3500446,4,1,20.0,87,true
2026-04-15,4,3,3500446,5,1,16.0,69,true
2026-04-15,4,3,3500446,6,1,29.0,125,true
2026-04-15,4,3,3500446,7,1,20.0,87,true
2026-04-15,4,3,3500446,8,1,10.0,44,true
2026-04-15,4,3,3500446,9,1,22.0,95,true
2026-04-15,4,3,3500446,10,1,24.0,104,true
2026-04-15,4,3,3500446,11,1,18.0,78,true
2026-04-15,4,3,3500446,12,1,16.0,69,true
2026-04-15,4,3,3500446,13,1,30.0,130,true
2026-04-15,1,2,3500005,1,1,12.0,68,true
2026-04-15,1,2,3500005,2,1,14.0,80,true
2026-04-15,1,2,3500005,3,1,12.0,68,true
2026-04-15,1,2,3500005,4,1,22.0,125,true
2026-04-15,1,2,3500005,5,1,16.0,91,true
2026-04-15,1,2,3500005,6,1,30.0,170,true
2026-04-15,1,2,3500005,7,1,10.0,57,true
2026-04-15,1,2,3500005,8,1,10.0,57,true
2026-04-15,1,2,3500005,9,1,7.0,40,true
2026-04-15,1,2,3500005,10,1,12.0,68,true
2026-04-15,1,2,3500005,11,1,10.0,57,true
2026-04-15,1,2,3500005,12,1,16.0,91,true
2026-04-15,1,2,3500005,13,1,22.0,125,true
2026-04-15,2,2,3500162,1,1,24.0,115,true
2026-04-15,2,2,3500162,2,1,20.0,96,true
2026-04-15,2,2,3500162,3,1,14.0,67,true
2026-04-15,2,2,3500162,4,1,10.0,48,true
2026-04-15,2,2,3500162,5,1,11.0,53,true
2026-04-15,2,2,3500162,6,1,25.0,120,true
2026-04-15,2,2,3500162,7,1,10.0,48,true
2026-04-15,2,2,3500162,8,1,8.0,39,true
2026-04-15,2,2,3500162,9,1,14.0,67,true
2026-04-15,2,2,3500162,10,1,7.0,34,true
2026-04-15,2,2,3500162,11,1,9.0,43,true
2026-04-15,2,2,3500162,12,1,16.0,77,true
2026-04-15,2,2,3500162,13,1,17.0,81,true
2026-04-15,4,2,3500446,1,1,42.0,182,true
2026-04-15,4,2,3500446,2,1,22.0,95,true
2026-04-15,4,2,3500446,3,1,16.0,69,true
2026-04-15,4,2,3500446,4,1,12.0,52,true
2026-04-15,4,2,3500446,5,1,10.0,44,true
2026-04-15,4,2,3500446,6,1,32.0,138,true
2026-04-15,4,2,3500446,7,1,12.0,52,true
2026-04-15,4,2,3500446,8,1,10.0,44,true
2026-04-15,4,2,3500446,9,1,17.0,74,true
2026-04-15,4,2,3500446,10,1,10.0,44,true
2026-04-15,4,2,3500446,11,1,10.0,44,true
2026-04-15,4,2,3500446,12,1,17.0,74,true
2026-04-15,4,2,3500446,13,1,21.0,91,true
2026-04-16,1,3,3500005,1,1,20.0,113,true
2026-04-16,1,3,3500005,2,1,16.0,91,true
2026-04-16,1,3,3500005,3,1,15.0,85,true
2026-04-16,1,3,3500005,4,1,14.0,80,true
2026-04-16,1,3,3500005,5,1,10.0,57,true
2026-04-16,1,3,3500005,6,1,20.0,113,true
2026-04-16,1,3,3500005,7,1,24.0,136,true
2026-04-16,1,3,3500005,8,1,19.0,108,true
2026-04-16,1,3,3500005,9,1,10.0,57,true
2026-04-16,1,3,3500005,10,1,12.0,68,true
2026-04-16,1,3,3500005,11,1,13.0,74,true
2026-04-16,1,3,3500005,12,1,44.0,249,true
2026-04-16,1,3,3500005,13,1,18.0,102,true
2026-04-16,2,3,3500162,1,1,20.0,96,true
2026-04-16,2,3,3500162,2,1,22.0,105,true
2026-04-16,2,3,3500162,3,1,18.0,86,true
2026-04-16,2,3,3500162,4,1,16.0,77,true
2026-04-16,2,3,3500162,5,1,17.0,81,true
2026-04-16,2,3,3500162,6,1,24.0,115,true
2026-04-16,2,3,3500162,7,1,33.0,158,true
2026-04-16,2,3,3500162,8,1,30.0,143,true
2026-04-16,2,3,3500162,9,1,28.0,134,true
2026-04-16,2,3,3500162,10,1,29.0,139,true
2026-04-16,2,3,3500162,11,1,22.0,105,true
2026-04-16,2,3,3500162,12,1,18.0,86,true
2026-04-16,2,3,3500162,13,1,31.0,148,true
2026-04-16,4,3,3501430,1,1,40.0,125,true
2026-04-16,4,3,3501430,2,1,35.0,110,true
2026-04-16,4,3,3501430,3,1,20.0,63,true
2026-04-16,4,3,3501430,4,1,22.0,69,true
2026-04-16,4,3,3501430,5,1,20.0,63,true
2026-04-16,4,3,3501430,6,1,29.0,91,true
2026-04-16,4,3,3501430,7,1,32.0,100,true
2026-04-16,4,3,3501430,8,1,22.0,69,true
2026-04-16,4,3,3501430,9,1,14.0,44,true
2026-04-16,4,3,3501430,10,1,15.0,47,true
2026-04-16,4,3,3501430,11,1,10.0,32,true
2026-04-16,4,3,3501430,12,1,22.0,69,true
2026-04-16,4,3,3501430,13,1,13.0,41,true
2026-04-15,1,2,3500005,1,2,10.0,57,true
2026-04-15,1,2,3500005,2,2,16.0,91,true
2026-04-15,1,2,3500005,3,2,15.0,85,true
2026-04-15,1,2,3500005,4,2,14.0,80,true
2026-04-15,1,2,3500005,5,2,10.0,57,true
2026-04-15,1,2,3500005,6,2,23.0,130,true
2026-04-15,1,2,3500005,7,2,9.0,51,true
2026-04-15,1,2,3500005,8,2,10.0,57,true
2026-04-15,1,2,3500005,9,2,11.0,63,true
2026-04-15,1,2,3500005,10,2,12.0,68,true
2026-04-15,1,2,3500005,11,2,16.0,91,true
2026-04-15,1,2,3500005,12,2,10.0,57,true
2026-04-15,1,2,3500005,13,2,23.0,130,true
2026-04-15,2,2,3500162,1,2,20.0,96,true
2026-04-15,2,2,3500162,2,2,21.0,100,true
2026-04-15,2,2,3500162,3,2,16.0,77,true
2026-04-15,2,2,3500162,4,2,18.0,86,true
2026-04-15,2,2,3500162,5,2,11.0,53,true
2026-04-15,2,2,3500162,6,2,22.0,105,true
2026-04-15,2,2,3500162,7,2,11.0,53,true
2026-04-15,2,2,3500162,8,2,14.0,67,true
2026-04-15,2,2,3500162,9,2,16.0,77,true
2026-04-15,2,2,3500162,10,2,10.0,48,true
2026-04-15,2,2,3500162,11,2,11.0,53,true
2026-04-15,2,2,3500162,12,2,12.0,58,true
2026-04-15,2,2,3500162,13,2,10.0,48,true
2026-04-15,4,2,3500446,1,2,20.0,87,true
2026-04-15,4,2,3500446,2,2,40.0,173,true
2026-04-15,4,2,3500446,3,2,16.0,69,true
2026-04-15,4,2,3500446,4,2,10.0,44,true
2026-04-15,4,2,3500446,5,2,11.0,48,true
2026-04-15,4,2,3500446,6,2,28.0,121,true
2026-04-15,4,2,3500446,7,2,11.0,48,true
2026-04-15,4,2,3500446,8,2,12.0,52,true
2026-04-15,4,2,3500446,9,2,10.0,44,true
2026-04-15,4,2,3500446,10,2,11.0,48,true
2026-04-15,4,2,3500446,11,2,11.0,48,true
2026-04-15,4,2,3500446,12,2,10.0,44,true
2026-04-15,4,2,3500446,13,2,11.0,48,true
2026-04-16,1,1,3500005,1,1,11.0,63,true
2026-04-16,1,1,3500005,2,1,15.0,85,true
2026-04-16,1,1,3500005,3,1,10.0,57,true
2026-04-16,1,1,3500005,4,1,11.0,63,true
2026-04-16,1,1,3500005,5,1,12.0,68,true
2026-04-16,1,1,3500005,6,1,27.0,153,true
2026-04-16,1,1,3500005,7,1,10.0,57,true
2026-04-16,1,1,3500005,8,1,11.0,63,true
2026-04-16,1,1,3500005,9,1,12.0,68,true
2026-04-16,1,1,3500005,10,1,10.0,57,true
2026-04-16,1,1,3500005,11,1,10.0,57,true
2026-04-16,1,1,3500005,12,1,11.0,63,true
2026-04-16,1,1,3500005,13,1,16.0,91,true
2026-04-16,2,1,3500162,1,1,20.0,96,true
2026-04-16,2,1,3500162,2,1,21.0,100,true
2026-04-16,2,1,3500162,3,1,16.0,77,true
2026-04-16,2,1,3500162,4,1,18.0,86,true
2026-04-16,2,1,3500162,5,1,10.0,48,true
2026-04-16,2,1,3500162,6,1,23.0,110,true
2026-04-16,2,1,3500162,7,1,10.0,48,true
2026-04-16,2,1,3500162,8,1,11.0,53,true
2026-04-16,2,1,3500162,9,1,12.0,58,true
2026-04-16,2,1,3500162,10,1,16.0,77,true
2026-04-16,2,1,3500162,11,1,10.0,48,true
2026-04-16,2,1,3500162,12,1,11.0,53,true
2026-04-16,2,1,3500162,13,1,12.0,58,true
2026-04-16,4,1,3501430,1,1,20.0,63,true
2026-04-16,4,1,3501430,2,1,16.0,50,true
2026-04-16,4,1,3501430,3,1,10.0,32,true
2026-04-16,4,1,3501430,4,1,11.0,35,true
2026-04-16,4,1,3501430,5,1,18.0,57,true
2026-04-16,4,1,3501430,6,1,24.0,75,true
2026-04-16,4,1,3501430,7,1,11.0,35,true
2026-04-16,4,1,3501430,8,1,12.0,38,true
2026-04-16,4,1,3501430,9,1,10.0,32,true
2026-04-16,4,1,3501430,10,1,11.0,35,true
2026-04-16,4,1,3501430,11,1,12.0,38,true
2026-04-16,4,1,3501430,12,1,16.0,50,true
2026-04-16,4,1,3501430,13,1,10.0,32,true
2026-04-17,1,3,3500005,1,1,40.0,226,true
2026-04-17,1,3,3500005,2,1,44.0,249,true
2026-04-17,1,3,3500005,3,1,32.0,181,true
2026-04-17,1,3,3500005,4,1,30.0,170,true
2026-04-17,1,3,3500005,5,1,20.0,113,true
2026-04-17,1,3,3500005,6,1,33.0,187,true
2026-04-17,1,3,3500005,7,1,20.0,113,true
2026-04-17,1,3,3500005,8,1,33.0,187,true
2026-04-17,1,3,3500005,9,1,24.0,136,true
2026-04-17,1,3,3500005,10,1,20.0,113,true
2026-04-17,1,3,3500005,11,1,18.0,102,true
2026-04-17,1,3,3500005,12,1,19.0,108,true
2026-04-17,1,3,3500005,13,1,32.0,181,true
2026-04-17,2,3,3500162,1,1,35.0,167,true
2026-04-17,2,3,3500162,2,1,40.0,191,true
2026-04-17,2,3,3500162,3,1,33.0,158,true
2026-04-17,2,3,3500162,4,1,24.0,115,true
2026-04-17,2,3,3500162,5,1,20.0,96,true
2026-04-17,2,3,3500162,6,1,30.0,143,true
2026-04-17,2,3,3500162,7,1,30.0,143,true
2026-04-17,2,3,3500162,8,1,41.0,196,true
2026-04-17,2,3,3500162,9,1,33.0,158,true
2026-04-17,2,3,3500162,10,1,20.0,96,true
2026-04-17,2,3,3500162,11,1,19.0,91,true
2026-04-17,2,3,3500162,12,1,17.0,81,true
2026-04-17,2,3,3500162,13,1,30.0,143,true
2026-04-17,4,3,3501430,1,1,50.0,156,true
2026-04-17,4,3,3501430,2,1,41.0,128,true
2026-04-17,4,3,3501430,3,1,24.0,75,true
2026-04-17,4,3,3501430,4,1,19.0,60,true
2026-04-17,4,3,3501430,5,1,12.0,38,true
2026-04-17,4,3,3501430,6,1,37.0,116,true
2026-04-17,4,3,3501430,7,1,30.0,94,true
2026-04-17,4,3,3501430,8,1,35.0,110,true
2026-04-17,4,3,3501430,9,1,24.0,75,true
2026-04-17,4,3,3501430,10,1,26.0,82,true
2026-04-17,4,3,3501430,11,1,17.0,53,true
2026-04-17,4,3,3501430,12,1,28.0,88,true
2026-04-17,4,3,3501430,13,1,29.0,91,true
2026-04-17,6,3,3500887,1,1,70.0,113,true
2026-04-17,6,3,3500887,2,1,50.0,81,true
2026-04-17,6,3,3500887,3,1,45.0,73,true
2026-04-17,6,3,3500887,4,1,30.0,49,true
2026-04-17,6,3,3500887,5,1,24.0,39,true
2026-04-17,6,3,3500887,6,1,61.0,99,true
2026-04-17,6,3,3500887,7,1,44.0,71,true
2026-04-17,6,3,3500887,8,1,38.0,62,true
2026-04-17,6,3,3500887,9,1,44.0,71,true
2026-04-17,6,3,3500887,10,1,24.0,39,true
2026-04-17,6,3,3500887,11,1,33.0,54,true
2026-04-17,6,3,3500887,12,1,24.0,39,true
2026-04-17,6,3,3500887,13,1,32.0,52,true
2026-04-16,1,2,3500005,1,1,18.0,102,true
2026-04-16,1,2,3500005,2,1,10.0,57,true
2026-04-16,1,2,3500005,3,1,14.0,80,true
2026-04-16,1,2,3500005,4,1,12.0,68,true
2026-04-16,1,2,3500005,5,1,10.0,57,true
2026-04-16,1,2,3500005,6,1,21.0,119,true
2026-04-16,1,2,3500005,7,1,10.0,57,true
2026-04-16,1,2,3500005,8,1,10.0,57,true
2026-04-16,1,2,3500005,9,1,14.0,80,true
2026-04-16,1,2,3500005,10,1,11.0,63,true
2026-04-16,1,2,3500005,11,1,12.0,68,true
2026-04-16,1,2,3500005,12,1,16.0,91,true
2026-04-16,1,2,3500005,13,1,19.0,108,true
2026-04-16,2,2,3500162,1,1,16.0,77,true
2026-04-16,2,2,3500162,2,1,12.0,58,true
2026-04-16,2,2,3500162,3,1,14.0,67,true
2026-04-16,2,2,3500162,4,1,10.0,48,true
2026-04-16,2,2,3500162,5,1,12.0,58,true
2026-04-16,2,2,3500162,6,1,27.0,129,true
2026-04-16,2,2,3500162,7,1,10.0,48,true
2026-04-16,2,2,3500162,8,1,12.0,58,true
2026-04-16,2,2,3500162,9,1,14.0,67,true
2026-04-16,2,2,3500162,10,1,10.0,48,true
2026-04-16,2,2,3500162,11,1,9.0,43,true
2026-04-16,2,2,3500162,12,1,14.0,67,true
2026-04-16,2,2,3500162,13,1,19.0,91,true
2026-04-16,4,2,3501430,1,1,26.0,82,true
2026-04-16,4,2,3501430,2,1,20.0,63,true
2026-04-16,4,2,3501430,3,1,16.0,50,true
2026-04-16,4,2,3501430,4,1,12.0,38,true
2026-04-16,4,2,3501430,5,1,14.0,44,true
2026-04-16,4,2,3501430,6,1,30.0,94,true
2026-04-16,4,2,3501430,7,1,10.0,32,true
2026-04-16,4,2,3501430,8,1,12.0,38,true
2026-04-16,4,2,3501430,9,1,16.0,50,true
2026-04-16,4,2,3501430,10,1,9.0,29,true
2026-04-16,4,2,3501430,11,1,10.0,32,true
2026-04-16,4,2,3501430,12,1,12.0,38,true
2026-04-16,4,2,3501430,13,1,17.0,53,true
2026-04-17,1,1,3500005,1,1,10.0,57,true
2026-04-17,1,1,3500005,2,1,10.0,57,true
2026-04-17,1,1,3500005,3,1,4.0,23,true
2026-04-17,1,1,3500005,4,1,14.0,80,true
2026-04-17,1,1,3500005,5,1,10.0,57,true
2026-04-17,1,1,3500005,6,1,20.0,113,true
2026-04-17,1,1,3500005,7,1,8.0,46,true
2026-04-17,1,1,3500005,8,1,10.0,57,true
2026-04-17,1,1,3500005,9,1,11.0,63,true
2026-04-17,1,1,3500005,10,1,10.0,57,true
2026-04-17,1,1,3500005,11,1,11.0,63,true
2026-04-17,1,1,3500005,12,1,12.0,68,true
2026-04-17,1,1,3500005,13,1,21.0,119,true
2026-04-17,2,1,3500162,1,1,20.0,96,true
2026-04-17,2,1,3500162,2,1,16.0,77,true
2026-04-17,2,1,3500162,3,1,18.0,86,true
2026-04-17,2,1,3500162,4,1,10.0,48,true
2026-04-17,2,1,3500162,5,1,11.0,53,true
2026-04-17,2,1,3500162,6,1,22.0,105,true
2026-04-17,2,1,3500162,7,1,11.0,53,true
2026-04-17,2,1,3500162,8,1,14.0,67,true
2026-04-17,2,1,3500162,9,1,10.0,48,true
2026-04-17,2,1,3500162,10,1,11.0,53,true
2026-04-17,2,1,3500162,11,1,12.0,58,true
2026-04-17,2,1,3500162,12,1,10.0,48,true
2026-04-17,2,1,3500162,13,1,21.0,100,true
2026-04-17,4,1,3501430,1,1,30.0,94,true
2026-04-17,4,1,3501430,2,1,20.0,63,true
2026-04-17,4,1,3501430,3,1,16.0,50,true
2026-04-17,4,1,3501430,4,1,10.0,32,true
2026-04-17,4,1,3501430,5,1,11.0,35,true
2026-04-17,4,1,3501430,6,1,23.0,72,true
2026-04-17,4,1,3501430,7,1,10.0,32,true
2026-04-17,4,1,3501430,8,1,11.0,35,true
2026-04-17,4,1,3501430,9,1,14.0,44,true
2026-04-17,4,1,3501430,10,1,10.0,32,true
2026-04-17,4,1,3501430,11,1,11.0,35,true
2026-04-17,4,1,3501430,12,1,16.0,50,true
2026-04-17,4,1,3501430,13,1,11.0,35,true
2026-04-17,6,1,3500887,1,1,20.0,33,true
2026-04-17,6,1,3500887,2,1,16.0,26,true
2026-04-17,6,1,3500887,3,1,10.0,17,true
2026-04-17,6,1,3500887,4,1,11.0,18,true
2026-04-17,6,1,3500887,5,1,10.0,17,true
2026-04-17,6,1,3500887,6,1,26.0,42,true
2026-04-17,6,1,3500887,7,1,14.0,23,true
2026-04-17,6,1,3500887,8,1,20.0,33,true
2026-04-17,6,1,3500887,9,1,10.0,17,true
2026-04-17,6,1,3500887,10,1,11.0,18,true
2026-04-17,6,1,3500887,11,1,12.0,20,true
2026-04-17,6,1,3500887,12,1,16.0,26,true
2026-04-17,6,1,3500887,13,1,10.0,17,true
2026-04-18,1,2,3500005,1,1,20.0,113,true
2026-04-18,1,2,3500005,2,1,18.0,102,true
2026-04-18,1,2,3500005,3,1,20.0,113,true
2026-04-18,1,2,3500005,4,1,21.0,119,true
2026-04-18,1,2,3500005,5,1,13.0,74,true
2026-04-18,1,2,3500005,6,1,29.0,164,true
2026-04-18,1,2,3500005,7,1,22.0,125,true
2026-04-18,1,2,3500005,8,1,18.0,102,true
2026-04-18,1,2,3500005,9,1,20.0,113,true
2026-04-18,1,2,3500005,10,1,10.0,57,true
2026-04-18,1,2,3500005,11,1,11.0,63,true
2026-04-18,1,2,3500005,12,1,21.0,119,true
2026-04-18,1,2,3500005,13,1,30.0,170,true
2026-04-18,2,2,3500162,1,1,40.0,191,true
2026-04-18,2,2,3500162,2,1,60.0,286,true
2026-04-18,2,2,3500162,3,1,55.0,262,true
2026-04-18,2,2,3500162,4,1,50.0,239,true
2026-04-18,2,2,3500162,5,1,20.0,96,true
2026-04-18,2,2,3500162,6,1,54.0,258,true
2026-04-18,2,2,3500162,7,1,20.0,96,true
2026-04-18,2,2,3500162,8,1,24.0,115,true
2026-04-18,2,2,3500162,9,1,33.0,158,true
2026-04-18,2,2,3500162,10,1,30.0,143,true
2026-04-18,2,2,3500162,11,1,40.0,191,true
2026-04-18,2,2,3500162,12,1,15.0,72,true
2026-04-18,2,2,3500162,13,1,39.0,186,true
2026-04-18,4,2,3501430,1,1,30.0,94,true
2026-04-18,4,2,3501430,2,1,24.0,75,true
2026-04-18,4,2,3501430,3,1,20.0,63,true
2026-04-18,4,2,3501430,4,1,18.0,57,true
2026-04-18,4,2,3501430,5,1,16.0,50,true
2026-04-18,4,2,3501430,6,1,25.0,78,true
2026-04-18,4,2,3501430,7,1,20.0,63,true
2026-04-18,4,2,3501430,8,1,24.0,75,true
2026-04-18,4,2,3501430,9,1,33.0,103,true
2026-04-18,4,2,3501430,10,1,19.0,60,true
2026-04-18,4,2,3501430,11,1,20.0,63,true
2026-04-18,4,2,3501430,12,1,15.0,47,true
2026-04-18,4,2,3501430,13,1,30.0,94,true
2026-04-19,1,3,3500005,1,1,13.0,74,true
2026-04-19,1,3,3500005,2,1,15.0,85,true
2026-04-19,1,3,3500005,3,1,20.0,113,true
2026-04-19,1,3,3500005,4,1,22.0,125,true
2026-04-19,1,3,3500005,5,1,19.0,108,true
2026-04-19,1,3,3500005,6,1,30.0,170,true
2026-04-19,1,3,3500005,7,1,30.0,170,true
2026-04-19,1,3,3500005,8,1,25.0,142,true
2026-04-19,1,3,3500005,9,1,24.0,136,true
2026-04-19,1,3,3500005,10,1,10.0,57,true
2026-04-19,1,3,3500005,11,1,12.0,68,true
2026-04-19,1,3,3500005,12,1,31.0,176,true
2026-04-19,1,3,3500005,13,1,34.0,193,true
2026-04-19,2,3,3500162,1,1,45.0,215,true
2026-04-19,2,3,3500162,2,1,35.0,167,true
2026-04-19,2,3,3500162,3,1,24.0,115,true
2026-04-19,2,3,3500162,4,1,20.0,96,true
2026-04-19,2,3,3500162,5,1,10.0,48,true
2026-04-19,2,3,3500162,6,1,39.0,186,true
2026-04-19,2,3,3500162,7,1,30.0,143,true
2026-04-19,2,3,3500162,8,1,50.0,239,true
2026-04-19,2,3,3500162,9,1,21.0,100,true
2026-04-19,2,3,3500162,10,1,18.0,86,true
2026-04-19,2,3,3500162,11,1,10.0,48,true
2026-04-19,2,3,3500162,12,1,12.0,58,true
2026-04-19,2,3,3500162,13,1,45.0,215,true
2026-04-19,4,3,3500162,1,1,40.0,191,true
2026-04-19,4,3,3500162,2,1,41.0,196,true
2026-04-19,4,3,3500162,3,1,30.0,143,true
2026-04-19,4,3,3500162,4,1,24.0,115,true
2026-04-19,4,3,3500162,5,1,29.0,139,true
2026-04-19,4,3,3500162,6,1,52.0,248,true
2026-04-19,4,3,3500162,7,1,35.0,167,true
2026-04-19,4,3,3500162,8,1,23.0,110,true
2026-04-19,4,3,3500162,9,1,18.0,86,true
2026-04-19,4,3,3500162,10,1,29.0,139,true
2026-04-19,4,3,3500162,11,1,15.0,72,true
2026-04-19,4,3,3500162,12,1,13.0,62,true
2026-04-19,4,3,3500162,13,1,25.0,120,true
2026-04-19,1,1,3500005,1,1,19.0,108,true
2026-04-19,1,1,3500005,2,1,21.0,119,true
2026-04-19,1,1,3500005,3,1,21.0,119,true
2026-04-19,1,1,3500005,4,1,22.0,125,true
2026-04-19,1,1,3500005,5,1,19.0,108,true
2026-04-19,1,1,3500005,6,1,28.0,159,true
2026-04-19,1,1,3500005,7,1,14.0,80,true
2026-04-19,1,1,3500005,8,1,12.0,68,true
2026-04-19,1,1,3500005,9,1,12.0,68,true
2026-04-19,1,1,3500005,10,1,10.0,57,true
2026-04-19,1,1,3500005,11,1,9.0,51,true
2026-04-19,1,1,3500005,12,1,9.0,51,true
2026-04-19,1,1,3500005,13,1,17.0,97,true
2026-04-19,2,1,3500162,1,1,26.0,124,true
2026-04-19,2,1,3500162,2,1,24.0,115,true
2026-04-19,2,1,3500162,3,1,22.0,105,true
2026-04-19,2,1,3500162,4,1,21.0,100,true
2026-04-19,2,1,3500162,5,1,21.0,100,true
2026-04-19,2,1,3500162,6,1,39.0,186,true
2026-04-19,2,1,3500162,7,1,16.0,77,true
2026-04-19,2,1,3500162,8,1,14.0,67,true
2026-04-19,2,1,3500162,9,1,12.0,58,true
2026-04-19,2,1,3500162,10,1,15.0,72,true
2026-04-19,2,1,3500162,11,1,14.0,67,true
2026-04-19,2,1,3500162,12,1,13.0,62,true
2026-04-19,2,1,3500162,13,1,26.0,124,true
2026-04-19,4,1,3500162,1,1,24.0,115,true
2026-04-19,4,1,3500162,2,1,22.0,105,true
2026-04-19,4,1,3500162,3,1,22.0,105,true
2026-04-19,4,1,3500162,4,1,22.0,105,true
2026-04-19,4,1,3500162,5,1,22.0,105,true
2026-04-19,4,1,3500162,6,1,45.0,215,true
2026-04-19,4,1,3500162,7,1,16.0,77,true
2026-04-19,4,1,3500162,8,1,16.0,77,true
2026-04-19,4,1,3500162,9,1,14.0,67,true
2026-04-19,4,1,3500162,10,1,14.0,67,true
2026-04-19,4,1,3500162,11,1,12.0,58,true
2026-04-19,4,1,3500162,12,1,12.0,58,true
2026-04-19,4,1,3500162,13,1,24.0,115,true
2026-04-19,1,2,3500005,1,1,15.0,85,true
2026-04-19,1,2,3500005,2,1,10.0,57,true
2026-04-19,1,2,3500005,3,1,12.0,68,true
2026-04-19,1,2,3500005,4,1,21.0,119,true
2026-04-19,1,2,3500005,5,1,1.0,6,true
2026-04-19,1,2,3500005,6,1,21.0,119,true
2026-04-19,1,2,3500005,7,1,8.0,46,true
2026-04-19,1,2,3500005,8,1,12.0,68,true
2026-04-19,1,2,3500005,9,1,6.0,34,true
2026-04-19,1,2,3500005,10,1,8.0,46,true
2026-04-19,1,2,3500005,11,1,5.0,29,true
2026-04-19,1,2,3500005,12,1,11.0,63,true
2026-04-19,1,2,3500005,13,1,15.0,85,true
2026-04-19,2,2,3500162,1,1,7.0,34,true
2026-04-19,2,2,3500162,2,1,12.0,58,true
2026-04-19,2,2,3500162,3,1,16.0,77,true
2026-04-19,2,2,3500162,4,1,11.0,53,true
2026-04-19,2,2,3500162,5,1,7.0,34,true
2026-04-19,2,2,3500162,6,1,18.0,86,true
2026-04-19,2,2,3500162,7,1,11.0,53,true
2026-04-19,2,2,3500162,8,1,13.0,62,true
2026-04-19,2,2,3500162,9,1,8.0,39,true
2026-04-19,2,2,3500162,10,1,12.0,58,true
2026-04-19,2,2,3500162,11,1,15.0,72,true
2026-04-19,2,2,3500162,12,1,11.0,53,true
2026-04-19,2,2,3500162,13,1,1.0,5,true
2026-04-18,1,3,3500005,1,1,23.0,130,true
2026-04-18,1,3,3500005,2,1,19.0,108,true
2026-04-18,1,3,3500005,3,1,17.0,97,true
2026-04-18,1,3,3500005,4,1,14.0,80,true
2026-04-18,1,3,3500005,5,1,16.0,91,true
2026-04-18,1,3,3500005,6,1,31.0,176,true
2026-04-18,1,3,3500005,7,1,16.0,91,true
2026-04-18,1,3,3500005,8,1,10.0,57,true
2026-04-18,1,3,3500005,9,1,20.0,113,true
2026-04-18,1,3,3500005,10,1,13.0,74,true
2026-04-18,1,3,3500005,11,1,12.0,68,true
2026-04-18,1,3,3500005,12,1,24.0,136,true
2026-04-18,1,3,3500005,13,1,20.0,113,true
2026-04-18,2,3,3500162,1,1,30.0,143,true
2026-04-18,2,3,3500162,2,1,24.0,115,true
2026-04-18,2,3,3500162,3,1,22.0,105,true
2026-04-18,2,3,3500162,4,1,10.0,48,true
2026-04-18,2,3,3500162,5,1,13.0,62,true
2026-04-18,2,3,3500162,6,1,29.0,139,true
2026-04-18,2,3,3500162,7,1,35.0,167,true
2026-04-18,2,3,3500162,8,1,24.0,115,true
2026-04-18,2,3,3500162,9,1,25.0,120,true
2026-04-18,2,3,3500162,10,1,19.0,91,true
2026-04-18,2,3,3500162,11,1,13.0,62,true
2026-04-18,2,3,3500162,12,1,22.0,105,true
2026-04-18,2,3,3500162,13,1,17.0,81,true
2026-04-18,4,3,3501430,1,1,28.0,88,true
2026-04-18,4,3,3501430,2,1,26.0,82,true
2026-04-18,4,3,3501430,3,1,19.0,60,true
2026-04-18,4,3,3501430,4,1,30.0,94,true
2026-04-18,4,3,3501430,5,1,22.0,69,true
2026-04-18,4,3,3501430,6,1,23.0,72,true
2026-04-18,4,3,3501430,7,1,13.0,41,true
2026-04-18,4,3,3501430,8,1,20.0,63,true
2026-04-18,4,3,3501430,9,1,17.0,53,true
2026-04-18,4,3,3501430,10,1,16.0,50,true
2026-04-18,4,3,3501430,11,1,10.0,32,true
2026-04-18,4,3,3501430,12,1,22.0,69,true
2026-04-18,4,3,3501430,13,1,31.0,97,true
2026-04-18,6,3,3500888,1,1,70.0,113,true
2026-04-18,6,3,3500888,2,1,55.0,89,true
2026-04-18,6,3,3500888,3,1,40.0,65,true
2026-04-18,6,3,3500888,4,1,35.0,57,true
2026-04-18,6,3,3500888,5,1,22.0,36,true
2026-04-18,6,3,3500888,6,1,34.0,55,true
2026-04-18,6,3,3500888,7,1,60.0,97,true
2026-04-18,6,3,3500888,8,1,30.0,49,true
2026-04-18,6,3,3500888,9,1,22.0,36,true
2026-04-18,6,3,3500888,10,1,35.0,57,true
2026-04-18,6,3,3500888,11,1,24.0,39,true
2026-04-18,6,3,3500888,12,1,22.0,36,true
2026-04-18,6,3,3500888,13,1,32.0,52,true
2026-04-20,1,1,3500005,1,1,18.0,102,true
2026-04-20,1,1,3500005,2,1,22.0,125,true
2026-04-20,1,1,3500005,3,1,16.0,91,true
2026-04-20,1,1,3500005,4,1,14.0,80,true
2026-04-20,1,1,3500005,5,1,12.0,68,true
2026-04-20,1,1,3500005,6,1,26.0,147,true
2026-04-20,1,1,3500005,7,1,12.0,68,true
2026-04-20,1,1,3500005,8,1,10.0,57,true
2026-04-20,1,1,3500005,9,1,12.0,68,true
2026-04-20,1,1,3500005,10,1,11.0,63,true
2026-04-20,1,1,3500005,11,1,14.0,80,true
2026-04-20,1,1,3500005,12,1,12.0,68,true
2026-04-20,1,1,3500005,13,1,19.0,108,true
2026-04-20,2,1,3500162,1,1,18.0,86,true
2026-04-20,2,1,3500162,2,1,20.0,96,true
2026-04-20,2,1,3500162,3,1,16.0,77,true
2026-04-20,2,1,3500162,4,1,14.0,67,true
2026-04-20,2,1,3500162,5,1,12.0,58,true
2026-04-20,2,1,3500162,6,1,21.0,100,true
2026-04-20,2,1,3500162,7,1,10.0,48,true
2026-04-20,2,1,3500162,8,1,12.0,58,true
2026-04-20,2,1,3500162,9,1,14.0,67,true
2026-04-20,2,1,3500162,10,1,10.0,48,true
2026-04-20,2,1,3500162,11,1,7.0,34,true
2026-04-20,2,1,3500162,12,1,12.0,58,true
2026-04-20,2,1,3500162,13,1,21.0,100,true
2026-04-20,4,1,3501226,1,1,16.0,87,true
2026-04-20,4,1,3501226,2,1,14.0,76,true
2026-04-20,4,1,3501226,3,1,14.0,76,true
2026-04-20,4,1,3501226,4,1,18.0,98,true
2026-04-20,4,1,3501226,5,1,10.0,55,true
2026-04-20,4,1,3501226,6,1,23.0,125,true
2026-04-20,4,1,3501226,7,1,14.0,76,true
2026-04-20,4,1,3501226,8,1,10.0,55,true
2026-04-20,4,1,3501226,9,1,9.0,49,true
2026-04-20,4,1,3501226,10,1,10.0,55,true
2026-04-20,4,1,3501226,11,1,12.0,65,true
2026-04-20,4,1,3501226,12,1,14.0,76,true
2026-04-20,4,1,3501226,13,1,17.0,92,true
2026-04-20,6,1,3500888,1,1,19.0,31,true
2026-04-20,6,1,3500888,2,1,22.0,36,true
2026-04-20,6,1,3500888,3,1,36.0,59,true
2026-04-20,6,1,3500888,4,1,14.0,23,true
2026-04-20,6,1,3500888,5,1,18.0,30,true
2026-04-20,6,1,3500888,6,1,28.0,46,true
2026-04-20,6,1,3500888,7,1,14.0,23,true
2026-04-20,6,1,3500888,8,1,12.0,20,true
2026-04-20,6,1,3500888,9,1,10.0,17,true
2026-04-20,6,1,3500888,10,1,7.0,12,true
2026-04-20,6,1,3500888,11,1,12.0,20,true
2026-04-20,6,1,3500888,12,1,14.0,23,true
2026-04-20,6,1,3500888,13,1,20.0,33,true
2026-04-20,1,2,3500005,1,1,40.0,226,true
2026-04-20,1,2,3500005,2,1,44.0,249,true
2026-04-20,1,2,3500005,3,1,32.0,181,true
2026-04-20,1,2,3500005,4,1,30.0,170,true
2026-04-20,1,2,3500005,5,1,20.0,113,true
2026-04-20,1,2,3500005,6,1,33.0,187,true
2026-04-20,1,2,3500005,7,1,20.0,113,true
2026-04-20,1,2,3500005,8,1,33.0,187,true
2026-04-20,1,2,3500005,9,1,24.0,136,true
2026-04-20,1,2,3500005,10,1,28.0,159,true
2026-04-20,1,2,3500005,11,1,18.0,102,true
2026-04-20,1,2,3500005,12,1,19.0,108,true
2026-04-20,1,2,3500005,13,1,34.0,193,true
2026-04-20,2,2,3500162,1,1,35.0,167,true
2026-04-20,2,2,3500162,2,1,40.0,191,true
2026-04-20,2,2,3500162,3,1,33.0,158,true
2026-04-20,2,2,3500162,4,1,24.0,115,true
2026-04-20,2,2,3500162,5,1,20.0,96,true
2026-04-20,2,2,3500162,6,1,30.0,143,true
2026-04-20,2,2,3500162,7,1,30.0,143,true
2026-04-20,2,2,3500162,8,1,41.0,196,true
2026-04-20,2,2,3500162,9,1,33.0,158,true
2026-04-20,2,2,3500162,10,1,20.0,96,true
2026-04-20,2,2,3500162,11,1,14.0,67,true
2026-04-20,2,2,3500162,12,1,17.0,81,true
2026-04-20,2,2,3500162,13,1,30.0,143,true
2026-04-20,4,2,3501226,1,1,50.0,271,true
2026-04-20,4,2,3501226,2,1,41.0,222,true
2026-04-20,4,2,3501226,3,1,24.0,130,true
2026-04-20,4,2,3501226,4,1,12.0,65,true
2026-04-20,4,2,3501226,5,1,20.0,109,true
2026-04-20,4,2,3501226,6,1,47.0,255,true
2026-04-20,4,2,3501226,7,1,30.0,163,true
2026-04-20,4,2,3501226,8,1,35.0,190,true
2026-04-20,4,2,3501226,9,1,24.0,130,true
2026-04-20,4,2,3501226,10,1,26.0,141,true
2026-04-20,4,2,3501226,11,1,17.0,92,true
2026-04-20,4,2,3501226,12,1,18.0,98,true
2026-04-20,4,2,3501226,13,1,29.0,157,true
2026-04-20,6,2,3500888,1,1,70.0,113,true
2026-04-20,6,2,3500888,2,1,50.0,81,true
2026-04-20,6,2,3500888,3,1,45.0,73,true
2026-04-20,6,2,3500888,4,1,30.0,49,true
2026-04-20,6,2,3500888,5,1,24.0,39,true
2026-04-20,6,2,3500888,6,1,44.0,71,true
2026-04-20,6,2,3500888,7,1,49.0,80,true
2026-04-20,6,2,3500888,8,1,38.0,62,true
2026-04-20,6,2,3500888,9,1,44.0,71,true
2026-04-20,6,2,3500888,10,1,24.0,39,true
2026-04-20,6,2,3500888,11,1,23.0,38,true
2026-04-20,6,2,3500888,12,1,24.0,39,true
2026-04-20,6,2,3500888,13,1,32.0,52,true
2026-04-21,1,3,3500005,1,1,16.0,91,true
2026-04-21,1,3,3500005,2,1,10.0,57,true
2026-04-21,1,3,3500005,3,1,9.0,51,true
2026-04-21,1,3,3500005,4,1,8.0,46,true
2026-04-21,1,3,3500005,5,1,10.0,57,true
2026-04-21,1,3,3500005,6,1,23.0,130,true
2026-04-21,1,3,3500005,7,1,10.0,57,true
2026-04-21,1,3,3500005,8,1,11.0,63,true
2026-04-21,1,3,3500005,9,1,12.0,68,true
2026-04-21,1,3,3500005,10,1,10.0,57,true
2026-04-21,1,3,3500005,11,1,11.0,63,true
2026-04-21,1,3,3500005,12,1,11.0,63,true
2026-04-21,1,3,3500005,13,1,10.0,57,true
2026-04-21,2,3,3500162,1,1,16.0,77,true
2026-04-21,2,3,3500162,2,1,18.0,86,true
2026-04-21,2,3,3500162,3,1,19.0,91,true
2026-04-21,2,3,3500162,4,1,12.0,58,true
2026-04-21,2,3,3500162,5,1,14.0,67,true
2026-04-21,2,3,3500162,6,1,26.0,124,true
2026-04-21,2,3,3500162,7,1,21.0,100,true
2026-04-21,2,3,3500162,8,1,22.0,105,true
2026-04-21,2,3,3500162,9,1,16.0,77,true
2026-04-21,2,3,3500162,10,1,18.0,86,true
2026-04-21,2,3,3500162,11,1,19.0,91,true
2026-04-21,2,3,3500162,12,1,10.0,48,true
2026-04-21,2,3,3500162,13,1,11.0,53,true
2026-04-21,4,3,3501226,1,1,10.0,55,true
2026-04-21,4,3,3501226,2,1,21.0,114,true
2026-04-21,4,3,3501226,3,1,16.0,87,true
2026-04-21,4,3,3501226,4,1,18.0,98,true
2026-04-21,4,3,3501226,5,1,14.0,76,true
2026-04-21,4,3,3501226,6,1,29.0,157,true
2026-04-21,4,3,3501226,7,1,16.0,87,true
2026-04-21,4,3,3501226,8,1,12.0,65,true
2026-04-21,4,3,3501226,9,1,14.0,76,true
2026-04-21,4,3,3501226,10,1,16.0,87,true
2026-04-21,4,3,3501226,11,1,10.0,55,true
2026-04-21,4,3,3501226,12,1,19.0,103,true
2026-04-21,4,3,3501226,13,1,24.0,130,true
2026-04-21,6,3,3500888,1,1,24.0,39,true
2026-04-21,6,3,3500888,2,1,16.0,26,true
2026-04-21,6,3,3500888,3,1,18.0,30,true
2026-04-21,6,3,3500888,4,1,19.0,31,true
2026-04-21,6,3,3500888,5,1,12.0,20,true
2026-04-21,6,3,3500888,6,1,21.0,34,true
2026-04-21,6,3,3500888,7,1,10.0,17,true
2026-04-21,6,3,3500888,8,1,11.0,18,true
2026-04-21,6,3,3500888,9,1,14.0,23,true
2026-04-21,6,3,3500888,10,1,16.0,26,true
2026-04-21,6,3,3500888,11,1,19.0,31,true
2026-04-21,6,3,3500888,12,1,18.0,30,true
2026-04-21,6,3,3500888,13,1,10.0,17,true
2026-04-21,1,1,3500005,1,1,12.0,68,true
2026-04-21,1,1,3500005,2,1,12.0,68,true
2026-04-21,1,1,3500005,3,1,14.0,80,true
2026-04-21,1,1,3500005,4,1,17.0,97,true
2026-04-21,1,1,3500005,5,1,10.0,57,true
2026-04-21,1,1,3500005,6,1,21.0,119,true
2026-04-21,1,1,3500005,7,1,11.0,63,true
2026-04-21,1,1,3500005,8,1,12.0,68,true
2026-04-21,1,1,3500005,9,1,10.0,57,true
2026-04-21,1,1,3500005,10,1,9.0,51,true
2026-04-21,1,1,3500005,11,1,12.0,68,true
2026-04-21,1,1,3500005,12,1,16.0,91,true
2026-04-21,1,1,3500005,13,1,22.0,125,true
2026-04-21,2,1,3500162,1,1,36.0,172,true
2026-04-21,2,1,3500162,2,1,30.0,143,true
2026-04-21,2,1,3500162,3,1,18.0,86,true
2026-04-21,2,1,3500162,4,1,12.0,58,true
2026-04-21,2,1,3500162,5,1,12.0,58,true
2026-04-21,2,1,3500162,6,1,25.0,120,true
2026-04-21,2,1,3500162,7,1,12.0,58,true
2026-04-21,2,1,3500162,8,1,10.0,48,true
2026-04-21,2,1,3500162,9,1,14.0,67,true
2026-04-21,2,1,3500162,10,1,9.0,43,true
2026-04-21,2,1,3500162,11,1,10.0,48,true
2026-04-21,2,1,3500162,12,1,12.0,58,true
2026-04-21,2,1,3500162,13,1,18.0,86,true
2026-04-21,4,1,3501226,1,1,22.0,119,true
2026-04-21,4,1,3501226,2,1,16.0,87,true
2026-04-21,4,1,3501226,3,1,14.0,76,true
2026-04-21,4,1,3501226,4,1,12.0,65,true
2026-04-21,4,1,3501226,5,1,10.0,55,true
2026-04-21,4,1,3501226,6,1,27.0,146,true
2026-04-21,4,1,3501226,7,1,12.0,65,true
2026-04-21,4,1,3501226,8,1,10.0,55,true
2026-04-21,4,1,3501226,9,1,14.0,76,true
2026-04-21,4,1,3501226,10,1,9.0,49,true
2026-04-21,4,1,3501226,11,1,10.0,55,true
2026-04-21,4,1,3501226,12,1,14.0,76,true
2026-04-21,4,1,3501226,13,1,19.0,103,true
2026-04-21,6,1,3500888,1,1,32.0,52,true
2026-04-21,6,1,3500888,2,1,34.0,55,true
2026-04-21,6,1,3500888,3,1,36.0,59,true
2026-04-21,6,1,3500888,4,1,29.0,47,true
2026-04-21,6,1,3500888,5,1,18.0,30,true
2026-04-21,6,1,3500888,6,1,23.0,38,true
2026-04-21,6,1,3500888,7,1,14.0,23,true
2026-04-21,6,1,3500888,8,1,12.0,20,true
2026-04-21,6,1,3500888,9,1,10.0,17,true
2026-04-21,6,1,3500888,10,1,11.0,18,true
2026-04-21,6,1,3500888,11,1,14.0,23,true
2026-04-21,6,1,3500888,12,1,17.0,28,true
2026-04-21,6,1,3500888,13,1,24.0,39,true
2026-04-21,1,2,3500005,1,1,24.0,136,true
2026-04-21,1,2,3500005,2,1,20.0,113,true
2026-04-21,1,2,3500005,3,1,19.0,108,true
2026-04-21,1,2,3500005,4,1,15.0,85,true
2026-04-21,1,2,3500005,5,1,20.0,113,true
2026-04-21,1,2,3500005,6,1,40.0,226,true
2026-04-21,1,2,3500005,7,1,22.0,125,true
2026-04-21,1,2,3500005,8,1,16.0,91,true
2026-04-21,1,2,3500005,9,1,22.0,125,true
2026-04-21,1,2,3500005,10,1,42.0,238,true
2026-04-21,1,2,3500005,11,1,31.0,176,true
2026-04-21,1,2,3500005,12,1,10.0,57,true
2026-04-21,1,2,3500005,13,1,31.0,176,true
2026-04-21,2,2,3500162,1,1,40.0,191,true
2026-04-21,2,2,3500162,2,1,35.0,167,true
2026-04-21,2,2,3500162,3,1,40.0,191,true
2026-04-21,2,2,3500162,4,1,32.0,153,true
2026-04-21,2,2,3500162,5,1,19.0,91,true
2026-04-21,2,2,3500162,6,1,44.0,210,true
2026-04-21,2,2,3500162,7,1,13.0,62,true
2026-04-21,2,2,3500162,8,1,20.0,96,true
2026-04-21,2,2,3500162,9,1,18.0,86,true
2026-04-21,2,2,3500162,10,1,19.0,91,true
2026-04-21,2,2,3500162,11,1,13.0,62,true
2026-04-21,2,2,3500162,12,1,19.0,91,true
2026-04-21,2,2,3500162,13,1,30.0,143,true
2026-04-21,4,2,3501226,1,1,50.0,271,true
2026-04-21,4,2,3501226,2,1,40.0,217,true
2026-04-21,4,2,3501226,3,1,20.0,109,true
2026-04-21,4,2,3501226,4,1,32.0,173,true
2026-04-21,4,2,3501226,5,1,19.0,103,true
2026-04-21,4,2,3501226,6,1,25.0,136,true
2026-04-21,4,2,3501226,7,1,35.0,190,true
2026-04-21,4,2,3501226,8,1,37.0,200,true
2026-04-21,4,2,3501226,9,1,24.0,130,true
2026-04-21,4,2,3501226,10,1,24.0,130,true
2026-04-21,4,2,3501226,11,1,30.0,163,true
2026-04-21,4,2,3501226,12,1,20.0,109,true
2026-04-21,4,2,3501226,13,1,29.0,157,true
2026-04-21,6,2,3500887,1,1,50.0,81,true
2026-04-21,6,2,3500887,2,1,20.0,33,true
2026-04-21,6,2,3500887,3,1,30.0,49,true
2026-04-21,6,2,3500887,4,1,44.0,71,true
2026-04-21,6,2,3500887,5,1,40.0,65,true
2026-04-21,6,2,3500887,6,1,59.0,96,true
2026-04-21,6,2,3500887,7,1,20.0,33,true
2026-04-21,6,2,3500887,8,1,40.0,65,true
2026-04-21,6,2,3500887,9,1,55.0,89,true
2026-04-21,6,2,3500887,10,1,60.0,97,true
2026-04-21,6,2,3500887,11,1,20.0,33,true
2026-04-21,6,2,3500887,12,1,30.0,49,true
2026-04-21,6,2,3500887,13,1,32.0,52,true
2026-04-22,1,1,3500005,1,1,10.0,57,true
2026-04-22,1,1,3500005,2,1,12.0,68,true
2026-04-22,1,1,3500005,3,1,14.0,80,true
2026-04-22,1,1,3500005,4,1,11.0,63,true
2026-04-22,1,1,3500005,5,1,10.0,57,true
2026-04-22,1,1,3500005,6,1,21.0,119,true
2026-04-22,1,1,3500005,7,1,12.0,68,true
2026-04-22,1,1,3500005,8,1,10.0,57,true
2026-04-22,1,1,3500005,9,1,7.0,40,true
2026-04-22,1,1,3500005,10,1,12.0,68,true
2026-04-22,1,1,3500005,11,1,10.0,57,true
2026-04-22,1,1,3500005,12,1,18.0,102,true
2026-04-22,1,1,3500005,13,1,40.0,226,true
2026-04-22,2,1,3500162,1,1,22.0,105,true
2026-04-22,2,1,3500162,2,1,19.0,91,true
2026-04-22,2,1,3500162,3,1,14.0,67,true
2026-04-22,2,1,3500162,4,1,12.0,58,true
2026-04-22,2,1,3500162,5,1,12.0,58,true
2026-04-22,2,1,3500162,6,1,24.0,115,true
2026-04-22,2,1,3500162,7,1,10.0,48,true
2026-04-22,2,1,3500162,8,1,11.0,53,true
2026-04-22,2,1,3500162,9,1,10.0,48,true
2026-04-22,2,1,3500162,10,1,9.0,43,true
2026-04-22,2,1,3500162,11,1,12.0,58,true
2026-04-22,2,1,3500162,12,1,14.0,67,true
2026-04-22,2,1,3500162,13,1,20.0,96,true
2026-04-22,4,1,3501226,1,1,22.0,119,true
2026-04-22,4,1,3501226,2,1,24.0,130,true
2026-04-22,4,1,3501226,3,1,16.0,87,true
2026-04-22,4,1,3501226,4,1,12.0,65,true
2026-04-22,4,1,3501226,5,1,10.0,55,true
2026-04-22,4,1,3501226,6,1,21.0,114,true
2026-04-22,4,1,3501226,7,1,12.0,65,true
2026-04-22,4,1,3501226,8,1,10.0,55,true
2026-04-22,4,1,3501226,9,1,12.0,65,true
2026-04-22,4,1,3501226,10,1,9.0,49,true
2026-04-22,4,1,3501226,11,1,10.0,55,true
2026-04-22,4,1,3501226,12,1,14.0,76,true
2026-04-22,4,1,3501226,13,1,18.0,98,true
2026-04-22,6,1,3500887,1,1,10.0,17,true
2026-04-22,6,1,3500887,2,1,12.0,20,true
2026-04-22,6,1,3500887,3,1,34.0,55,true
2026-04-22,6,1,3500887,4,1,28.0,46,true
2026-04-22,6,1,3500887,5,1,16.0,26,true
2026-04-22,6,1,3500887,6,1,24.0,39,true
2026-04-22,6,1,3500887,7,1,12.0,20,true
2026-04-22,6,1,3500887,8,1,10.0,17,true
2026-04-22,6,1,3500887,9,1,9.0,15,true
2026-04-22,6,1,3500887,10,1,10.0,17,true
2026-04-22,6,1,3500887,11,1,12.0,20,true
2026-04-22,6,1,3500887,12,1,14.0,23,true
2026-04-22,6,1,3500887,13,1,26.0,42,true
2026-04-22,1,3,3500005,1,1,10.0,57,true
2026-04-22,1,3,3500005,2,1,11.0,63,true
2026-04-22,1,3,3500005,3,1,12.0,68,true
2026-04-22,1,3,3500005,4,1,16.0,91,true
2026-04-22,1,3,3500005,5,1,10.0,57,true
2026-04-22,1,3,3500005,6,1,17.0,97,true
2026-04-22,1,3,3500005,7,1,16.0,91,true
2026-04-22,1,3,3500005,8,1,10.0,57,true
2026-04-22,1,3,3500005,9,1,11.0,63,true
2026-04-22,1,3,3500005,10,1,12.0,68,true
2026-04-22,1,3,3500005,11,1,10.0,57,true
2026-04-22,1,3,3500005,12,1,11.0,63,true
2026-04-22,1,3,3500005,13,1,10.0,57,true
2026-04-22,2,3,3500162,1,1,8.0,39,true
2026-04-22,2,3,3500162,2,1,6.0,29,true
2026-04-22,2,3,3500162,3,1,5.0,24,true
2026-04-22,2,3,3500162,4,1,10.0,48,true
2026-04-22,2,3,3500162,5,1,11.0,53,true
2026-04-22,2,3,3500162,6,1,12.0,58,true
2026-04-22,2,3,3500162,7,1,6.0,29,true
2026-04-22,2,3,3500162,8,1,12.0,58,true
2026-04-22,2,3,3500162,9,1,10.0,48,true
2026-04-22,2,3,3500162,10,1,11.0,53,true
2026-04-22,2,3,3500162,11,1,12.0,58,true
2026-04-22,2,3,3500162,12,1,10.0,48,true
2026-04-22,2,3,3500162,13,1,6.0,29,true
2026-04-22,4,3,3501226,1,1,20.0,109,true
2026-04-22,4,3,3501226,2,1,16.0,87,true
2026-04-22,4,3,3501226,3,1,18.0,98,true
2026-04-22,4,3,3501226,4,1,11.0,60,true
2026-04-22,4,3,3501226,5,1,12.0,65,true
2026-04-22,4,3,3501226,6,1,21.0,114,true
2026-04-22,4,3,3501226,7,1,10.0,55,true
2026-04-22,4,3,3501226,8,1,11.0,60,true
2026-04-22,4,3,3501226,9,1,12.0,65,true
2026-04-22,4,3,3501226,10,1,10.0,55,true
2026-04-22,4,3,3501226,11,1,11.0,60,true
2026-04-22,4,3,3501226,12,1,12.0,65,true
2026-04-22,4,3,3501226,13,1,10.0,55,true
2026-04-22,6,3,3500887,1,1,10.0,17,true
2026-04-22,6,3,3500887,2,1,10.0,17,true
2026-04-22,6,3,3500887,3,1,30.0,49,true
2026-04-22,6,3,3500887,4,1,20.0,33,true
2026-04-22,6,3,3500887,5,1,10.0,17,true
2026-04-22,6,3,3500887,6,1,23.0,38,true
2026-04-22,6,3,3500887,7,1,16.0,26,true
2026-04-22,6,3,3500887,8,1,11.0,18,true
2026-04-22,6,3,3500887,9,1,12.0,20,true
2026-04-22,6,3,3500887,10,1,10.0,17,true
2026-04-22,6,3,3500887,11,1,11.0,18,true
2026-04-22,6,3,3500887,12,1,10.0,17,true
2026-04-22,6,3,3500887,13,1,11.0,18,true
2026-04-23,1,3,3500005,1,1,10.0,57,true
2026-04-23,1,3,3500005,2,1,16.0,91,true
2026-04-23,1,3,3500005,3,1,9.0,51,true
2026-04-23,1,3,3500005,4,1,10.0,57,true
2026-04-23,1,3,3500005,5,1,11.0,63,true
2026-04-23,1,3,3500005,6,1,22.0,125,true
2026-04-23,1,3,3500005,7,1,11.0,63,true
2026-04-23,1,3,3500005,8,1,16.0,91,true
2026-04-23,1,3,3500005,9,1,10.0,57,true
2026-04-23,1,3,3500005,10,1,9.0,51,true
2026-04-23,1,3,3500005,11,1,12.0,68,true
2026-04-23,1,3,3500005,12,1,10.0,57,true
2026-04-23,1,3,3500005,13,1,11.0,63,true
2026-04-23,2,3,412707,1,1,10.0,48,true
2026-04-23,2,3,412707,2,1,9.0,43,true
2026-04-23,2,3,412707,3,1,10.0,48,true
2026-04-23,2,3,412707,4,1,11.0,53,true
2026-04-23,2,3,412707,5,1,12.0,58,true
2026-04-23,2,3,412707,6,1,27.0,129,true
2026-04-23,2,3,412707,7,1,11.0,53,true
2026-04-23,2,3,412707,8,1,12.0,58,true
2026-04-23,2,3,412707,9,1,10.0,48,true
2026-04-23,2,3,412707,10,1,4.0,20,true
2026-04-23,2,3,412707,11,1,5.0,24,true
2026-04-23,2,3,412707,12,1,6.0,29,true
2026-04-23,2,3,412707,13,1,0.0,0,true
2026-04-23,4,3,3501225,1,1,16.0,97,true
2026-04-23,4,3,3501225,2,1,16.0,97,true
2026-04-23,4,3,3501225,3,1,18.0,110,true
2026-04-23,4,3,3501225,4,1,19.0,116,true
2026-04-23,4,3,3501225,5,1,11.0,67,true
2026-04-23,4,3,3501225,6,1,20.0,122,true
2026-04-23,4,3,3501225,7,1,10.0,61,true
2026-04-23,4,3,3501225,8,1,11.0,67,true
2026-04-23,4,3,3501225,9,1,16.0,97,true
2026-04-23,4,3,3501225,10,1,18.0,110,true
2026-04-23,4,3,3501225,11,1,10.0,61,true
2026-04-23,4,3,3501225,12,1,11.0,67,true
2026-04-23,4,3,3501225,13,1,10.0,61,true
2026-04-23,6,3,3500887,1,1,20.0,33,true
2026-04-23,6,3,3500887,2,1,16.0,26,true
2026-04-23,6,3,3500887,3,1,18.0,30,true
2026-04-23,6,3,3500887,4,1,10.0,17,true
2026-04-23,6,3,3500887,5,1,11.0,18,true
2026-04-23,6,3,3500887,6,1,22.0,36,true
2026-04-23,6,3,3500887,7,1,10.0,17,true
2026-04-23,6,3,3500887,8,1,11.0,18,true
2026-04-23,6,3,3500887,9,1,10.0,17,true
2026-04-23,6,3,3500887,10,1,11.0,18,true
2026-04-23,6,3,3500887,11,1,10.0,17,true
2026-04-23,6,3,3500887,12,1,10.0,17,true
2026-04-23,6,3,3500887,13,1,0.0,0,true
2026-04-22,1,2,3500005,1,1,20.0,113,true
2026-04-22,1,2,3500005,2,1,10.0,57,true
2026-04-22,1,2,3500005,3,1,15.0,85,true
2026-04-22,1,2,3500005,4,1,12.0,68,true
2026-04-22,1,2,3500005,5,1,9.0,51,true
2026-04-22,1,2,3500005,6,1,21.0,119,true
2026-04-22,1,2,3500005,7,1,24.0,136,true
2026-04-22,1,2,3500005,8,1,19.0,108,true
2026-04-22,1,2,3500005,9,1,15.0,85,true
2026-04-22,1,2,3500005,10,1,10.0,57,true
2026-04-22,1,2,3500005,11,1,11.0,63,true
2026-04-22,1,2,3500005,12,1,9.0,51,true
2026-04-22,1,2,3500005,13,1,23.0,130,true
2026-04-22,2,2,3500162,1,1,30.0,143,true
2026-04-22,2,2,3500162,2,1,24.0,115,true
2026-04-22,2,2,3500162,3,1,33.0,158,true
2026-04-22,2,2,3500162,4,1,15.0,72,true
2026-04-22,2,2,3500162,5,1,18.0,86,true
2026-04-22,2,2,3500162,6,1,31.0,148,true
2026-04-22,2,2,3500162,7,1,20.0,96,true
2026-04-22,2,2,3500162,8,1,15.0,72,true
2026-04-22,2,2,3500162,9,1,16.0,77,true
2026-04-22,2,2,3500162,10,1,10.0,48,true
2026-04-22,2,2,3500162,11,1,12.0,58,true
2026-04-22,2,2,3500162,12,1,15.0,72,true
2026-04-22,2,2,3500162,13,1,21.0,100,true
2026-04-22,4,2,3501226,1,1,40.0,217,true
2026-04-22,4,2,3501226,2,1,35.0,190,true
2026-04-22,4,2,3501226,3,1,19.0,103,true
2026-04-22,4,2,3501226,4,1,20.0,109,true
2026-04-22,4,2,3501226,5,1,10.0,55,true
2026-04-22,4,2,3501226,6,1,24.0,130,true
2026-04-22,4,2,3501226,7,1,13.0,71,true
2026-04-22,4,2,3501226,8,1,14.0,76,true
2026-04-22,4,2,3501226,9,1,20.0,109,true
2026-04-22,4,2,3501226,10,1,22.0,119,true
2026-04-22,4,2,3501226,11,1,23.0,125,true
2026-04-22,4,2,3501226,12,1,20.0,109,true
2026-04-22,4,2,3501226,13,1,21.0,114,true
2026-04-22,6,2,3500887,1,1,60.0,97,true
2026-04-22,6,2,3500887,2,1,30.0,49,true
2026-04-22,6,2,3500887,3,1,40.0,65,true
2026-04-22,6,2,3500887,4,1,50.0,81,true
2026-04-22,6,2,3500887,5,1,13.0,21,true
2026-04-22,6,2,3500887,6,1,31.0,50,true
2026-04-22,6,2,3500887,7,1,33.0,54,true
2026-04-22,6,2,3500887,8,1,45.0,73,true
2026-04-22,6,2,3500887,9,1,24.0,39,true
2026-04-22,6,2,3500887,10,1,20.0,33,true
2026-04-22,6,2,3500887,11,1,10.0,17,true
2026-04-22,6,2,3500887,12,1,13.0,21,true
2026-04-22,6,2,3500887,13,1,22.0,36,true
2026-04-23,1,1,3500005,1,1,14.0,80,true
2026-04-23,1,1,3500005,2,1,16.0,91,true
2026-04-23,1,1,3500005,3,1,24.0,136,true
2026-04-23,1,1,3500005,4,1,26.0,147,true
2026-04-23,1,1,3500005,5,1,12.0,68,true
2026-04-23,1,1,3500005,6,1,26.0,147,true
2026-04-23,1,1,3500005,7,1,10.0,57,true
2026-04-23,1,1,3500005,8,1,7.0,40,true
2026-04-23,1,1,3500005,9,1,9.0,51,true
2026-04-23,1,1,3500005,10,1,11.0,63,true
2026-04-23,1,1,3500005,11,1,8.0,46,true
2026-04-23,1,1,3500005,12,1,10.0,57,true
2026-04-23,1,1,3500005,13,1,19.0,108,true
2026-04-23,2,1,412707,1,1,24.0,115,true
2026-04-23,2,1,412707,2,1,16.0,77,true
2026-04-23,2,1,412707,3,1,12.0,58,true
2026-04-23,2,1,412707,4,1,10.0,48,true
2026-04-23,2,1,412707,5,1,14.0,67,true
2026-04-23,2,1,412707,6,1,27.0,129,true
2026-04-23,2,1,412707,7,1,7.0,34,true
2026-04-23,2,1,412707,8,1,8.0,39,true
2026-04-23,2,1,412707,9,1,10.0,48,true
2026-04-23,2,1,412707,10,1,7.0,34,true
2026-04-23,2,1,412707,11,1,9.0,43,true
2026-04-23,2,1,412707,12,1,10.0,48,true
2026-04-23,2,1,412707,13,1,17.0,81,true
2026-04-23,4,1,3501225,1,1,22.0,134,true
2026-04-23,4,1,3501225,2,1,16.0,97,true
2026-04-23,4,1,3501225,3,1,12.0,73,true
2026-04-23,4,1,3501225,4,1,14.0,85,true
2026-04-23,4,1,3501225,5,1,10.0,61,true
2026-04-23,4,1,3501225,6,1,18.0,110,true
2026-04-23,4,1,3501225,7,1,7.0,43,true
2026-04-23,4,1,3501225,8,1,4.0,25,true
2026-04-23,4,1,3501225,9,1,9.0,55,true
2026-04-23,4,1,3501225,10,1,7.0,43,true
2026-04-23,4,1,3501225,11,1,10.0,61,true
2026-04-23,4,1,3501225,12,1,11.0,67,true
2026-04-23,4,1,3501225,13,1,14.0,85,true
2026-04-23,6,1,3500887,1,1,20.0,33,true
2026-04-23,6,1,3500887,2,1,32.0,52,true
2026-04-23,6,1,3500887,3,1,26.0,42,true
2026-04-23,6,1,3500887,4,1,18.0,30,true
2026-04-23,6,1,3500887,5,1,14.0,23,true
2026-04-23,6,1,3500887,6,1,24.0,39,true
2026-04-23,6,1,3500887,7,1,10.0,17,true
2026-04-23,6,1,3500887,8,1,10.0,17,true
2026-04-23,6,1,3500887,9,1,12.0,20,true
2026-04-23,6,1,3500887,10,1,7.0,12,true
2026-04-23,6,1,3500887,11,1,11.0,18,true
2026-04-23,6,1,3500887,12,1,12.0,20,true
2026-04-23,6,1,3500887,13,1,17.0,28,true
2026-04-24,1,3,3500005,1,1,10.0,57,true
2026-04-24,1,3,3500005,2,1,9.0,51,true
2026-04-24,1,3,3500005,3,1,2.0,12,true
2026-04-24,1,3,3500005,4,1,11.0,63,true
2026-04-24,1,3,3500005,5,1,2.0,12,true
2026-04-24,1,3,3500005,6,1,21.0,119,true
2026-04-24,1,3,3500005,7,1,10.0,57,true
2026-04-24,1,3,3500005,8,1,11.0,63,true
2026-04-24,1,3,3500005,9,1,10.0,57,true
2026-04-24,1,3,3500005,10,1,11.0,63,true
2026-04-24,1,3,3500005,11,1,10.0,57,true
2026-04-24,1,3,3500005,12,1,9.0,51,true
2026-04-24,1,3,3500005,13,1,14.0,80,true
2026-04-24,2,3,3501430,1,1,9.0,29,true
2026-04-24,2,3,3501430,2,1,8.0,25,true
2026-04-24,2,3,3501430,3,1,6.0,19,true
2026-04-24,2,3,3501430,4,1,11.0,35,true
2026-04-24,2,3,3501430,5,1,10.0,32,true
2026-04-24,2,3,3501430,6,1,17.0,53,true
2026-04-24,2,3,3501430,7,1,11.0,35,true
2026-04-24,2,3,3501430,8,1,12.0,38,true
2026-04-24,2,3,3501430,9,1,10.0,32,true
2026-04-24,2,3,3501430,10,1,11.0,35,true
2026-04-24,2,3,3501430,11,1,6.0,19,true
2026-04-24,2,3,3501430,12,1,8.0,25,true
2026-04-24,2,3,3501430,13,1,11.0,35,true
2026-04-24,4,3,3501430,1,1,16.0,50,true
2026-04-24,4,3,3501430,2,1,10.0,32,true
2026-04-24,4,3,3501430,3,1,11.0,35,true
2026-04-24,4,3,3501430,4,1,12.0,38,true
2026-04-24,4,3,3501430,5,1,16.0,50,true
2026-04-24,4,3,3501430,6,1,21.0,66,true
2026-04-24,4,3,3501430,7,1,10.0,32,true
2026-04-24,4,3,3501430,8,1,11.0,35,true
2026-04-24,4,3,3501430,9,1,12.0,38,true
2026-04-24,4,3,3501430,10,1,16.0,50,true
2026-04-24,4,3,3501430,11,1,11.0,35,true
2026-04-24,4,3,3501430,12,1,10.0,32,true
2026-04-24,4,3,3501430,13,1,20.0,63,true
2026-04-24,6,3,3500887,1,1,20.0,33,true
2026-04-24,6,3,3500887,2,1,16.0,26,true
2026-04-24,6,3,3500887,3,1,18.0,30,true
2026-04-24,6,3,3500887,4,1,19.0,31,true
2026-04-24,6,3,3500887,5,1,10.0,17,true
2026-04-24,6,3,3500887,6,1,23.0,38,true
2026-04-24,6,3,3500887,7,1,16.0,26,true
2026-04-24,6,3,3500887,8,1,10.0,17,true
2026-04-24,6,3,3500887,9,1,11.0,18,true
2026-04-24,6,3,3500887,10,1,12.0,20,true
2026-04-24,6,3,3500887,11,1,10.0,17,true
2026-04-24,6,3,3500887,12,1,11.0,18,true
2026-04-24,6,3,3500887,13,1,22.0,36,true
2026-04-24,1,1,3500005,1,1,12.0,68,true
2026-04-24,1,1,3500005,2,1,14.0,80,true
2026-04-24,1,1,3500005,3,1,18.0,102,true
2026-04-24,1,1,3500005,4,1,14.0,80,true
2026-04-24,1,1,3500005,5,1,10.0,57,true
2026-04-24,1,1,3500005,6,1,6.0,34,true
2026-04-24,1,1,3500005,7,1,8.0,46,true
2026-04-24,1,1,3500005,8,1,11.0,63,true
2026-04-24,1,1,3500005,9,1,10.0,57,true
2026-04-24,1,1,3500005,10,1,7.0,40,true
2026-04-24,1,1,3500005,11,1,12.0,68,true
2026-04-24,1,1,3500005,12,1,14.0,80,true
2026-04-24,1,1,3500005,13,1,18.0,102,true
2026-04-24,2,1,3501430,1,1,14.0,44,true
2026-04-24,2,1,3501430,2,1,11.0,35,true
2026-04-24,2,1,3501430,3,1,12.0,38,true
2026-04-24,2,1,3501430,4,1,10.0,32,true
2026-04-24,2,1,3501430,5,1,7.0,22,true
2026-04-24,2,1,3501430,6,1,19.0,60,true
2026-04-24,2,1,3501430,7,1,10.0,32,true
2026-04-24,2,1,3501430,8,1,12.0,38,true
2026-04-24,2,1,3501430,9,1,9.0,29,true
2026-04-24,2,1,3501430,10,1,11.0,35,true
2026-04-24,2,1,3501430,11,1,12.0,38,true
2026-04-24,2,1,3501430,12,1,11.0,35,true
2026-04-24,2,1,3501430,13,1,14.0,44,true
2026-04-24,4,1,3501430,1,1,14.0,44,true
2026-04-24,4,1,3501430,2,1,12.0,38,true
2026-04-24,4,1,3501430,3,1,10.0,32,true
2026-04-24,4,1,3501430,4,1,14.0,44,true
2026-04-24,4,1,3501430,5,1,10.0,32,true
2026-04-24,4,1,3501430,6,1,14.0,44,true
2026-04-24,4,1,3501430,7,1,7.0,22,true
2026-04-24,4,1,3501430,8,1,9.0,29,true
2026-04-24,4,1,3501430,9,1,10.0,32,true
2026-04-24,4,1,3501430,10,1,7.0,22,true
2026-04-24,4,1,3501430,11,1,10.0,32,true
2026-04-24,4,1,3501430,12,1,9.0,29,true
2026-04-24,4,1,3501430,13,1,19.0,60,true
2026-04-24,1,2,3500005,1,1,30.0,170,true
2026-04-24,1,2,3500005,2,1,20.0,113,true
2026-04-24,1,2,3500005,3,1,10.0,57,true
2026-04-24,1,2,3500005,4,1,12.0,68,true
2026-04-24,1,2,3500005,5,1,35.0,198,true
2026-04-24,1,2,3500005,6,1,43.0,243,true
2026-04-24,1,2,3500005,7,1,31.0,176,true
2026-04-24,1,2,3500005,8,1,18.0,102,true
2026-04-24,1,2,3500005,9,1,34.0,193,true
2026-04-24,1,2,3500005,10,1,33.0,187,true
2026-04-24,1,2,3500005,11,1,10.0,57,true
2026-04-24,1,2,3500005,12,1,12.0,68,true
2026-04-24,1,2,3500005,13,1,18.0,102,true
2026-04-24,2,2,3501430,1,1,18.0,57,true
2026-04-24,2,2,3501430,2,1,12.0,38,true
2026-04-24,2,2,3501430,3,1,11.0,35,true
2026-04-24,2,2,3501430,4,1,20.0,63,true
2026-04-24,2,2,3501430,5,1,15.0,47,true
2026-04-24,2,2,3501430,6,1,24.0,75,true
2026-04-24,2,2,3501430,7,1,20.0,63,true
2026-04-24,2,2,3501430,8,1,21.0,66,true
2026-04-24,2,2,3501430,9,1,31.0,97,true
2026-04-24,2,2,3501430,10,1,24.0,75,true
2026-04-24,2,2,3501430,11,1,18.0,57,true
2026-04-24,2,2,3501430,12,1,10.0,32,true
2026-04-24,2,2,3501430,13,1,21.0,66,true
2026-04-24,4,2,3501430,1,1,24.0,75,true
2026-04-24,4,2,3501430,2,1,20.0,63,true
2026-04-24,4,2,3501430,3,1,33.0,103,true
2026-04-24,4,2,3501430,4,1,15.0,47,true
2026-04-24,4,2,3501430,5,1,13.0,41,true
2026-04-24,4,2,3501430,6,1,17.0,53,true
2026-04-24,4,2,3501430,7,1,22.0,69,true
2026-04-24,4,2,3501430,8,1,20.0,63,true
2026-04-24,4,2,3501430,9,1,33.0,103,true
2026-04-24,4,2,3501430,10,1,16.0,50,true
2026-04-24,4,2,3501430,11,1,20.0,63,true
2026-04-24,4,2,3501430,12,1,18.0,57,true
2026-04-24,4,2,3501430,13,1,21.0,66,true
2026-04-24,6,2,3500888,1,1,50.0,81,true
2026-04-24,6,2,3500888,2,1,35.0,57,true
2026-04-24,6,2,3500888,3,1,42.0,68,true
2026-04-24,6,2,3500888,4,1,24.0,39,true
2026-04-24,6,2,3500888,5,1,30.0,49,true
2026-04-24,6,2,3500888,6,1,30.0,49,true
2026-04-24,6,2,3500888,7,1,30.0,49,true
2026-04-24,6,2,3500888,8,1,24.0,39,true
2026-04-24,6,2,3500888,9,1,18.0,30,true
2026-04-24,6,2,3500888,10,1,15.0,25,true
2026-04-24,6,2,3500888,11,1,14.0,23,true
2026-04-24,6,2,3500888,12,1,20.0,33,true
2026-04-24,6,2,3500888,13,1,30.0,49,true
2026-04-25,1,3,3500005,1,1,10.0,57,true
2026-04-25,1,3,3500005,2,1,9.0,51,true
2026-04-25,1,3,3500005,3,1,8.0,46,true
2026-04-25,1,3,3500005,4,1,6.0,34,true
2026-04-25,1,3,3500005,5,1,5.0,29,true
2026-04-25,1,3,3500005,6,1,20.0,113,true
2026-04-25,1,3,3500005,7,1,11.0,63,true
2026-04-25,1,3,3500005,8,1,12.0,68,true
2026-04-25,1,3,3500005,9,1,10.0,57,true
2026-04-25,1,3,3500005,10,1,9.0,51,true
2026-04-25,1,3,3500005,11,1,6.0,34,true
2026-04-25,1,3,3500005,12,1,5.0,29,true
2026-04-25,1,3,3500005,13,1,6.0,34,true
2026-04-25,2,3,3501430,1,1,9.0,29,true
2026-04-25,2,3,3501430,2,1,8.0,25,true
2026-04-25,2,3,3501430,3,1,6.0,19,true
2026-04-25,2,3,3501430,4,1,6.0,19,true
2026-04-25,2,3,3501430,5,1,8.0,25,true
2026-04-25,2,3,3501430,6,1,19.0,60,true
2026-04-25,2,3,3501430,7,1,11.0,35,true
2026-04-25,2,3,3501430,8,1,12.0,38,true
2026-04-25,2,3,3501430,9,1,10.0,32,true
2026-04-25,2,3,3501430,10,1,11.0,35,true
2026-04-25,2,3,3501430,11,1,12.0,38,true
2026-04-25,2,3,3501430,12,1,10.0,32,true
2026-04-25,2,3,3501430,13,1,11.0,35,true
2026-04-25,4,3,3501430,1,1,16.0,50,true
2026-04-25,4,3,3501430,2,1,10.0,32,true
2026-04-25,4,3,3501430,3,1,11.0,35,true
2026-04-25,4,3,3501430,4,1,9.0,29,true
2026-04-25,4,3,3501430,5,1,8.0,25,true
2026-04-25,4,3,3501430,6,1,21.0,66,true
2026-04-25,4,3,3501430,7,1,14.0,44,true
2026-04-25,4,3,3501430,8,1,10.0,32,true
2026-04-25,4,3,3501430,9,1,11.0,35,true
2026-04-25,4,3,3501430,10,1,12.0,38,true
2026-04-25,4,3,3501430,11,1,16.0,50,true
2026-04-25,4,3,3501430,12,1,10.0,32,true
2026-04-25,4,3,3501430,13,1,11.0,35,true
2026-04-25,6,3,3500888,1,1,20.0,33,true
2026-04-25,6,3,3500888,2,1,25.0,41,true
2026-04-25,6,3,3500888,3,1,30.0,49,true
2026-04-25,6,3,3500888,4,1,20.0,33,true
2026-04-25,6,3,3500888,5,1,16.0,26,true
2026-04-25,6,3,3500888,6,1,37.0,60,true
2026-04-25,6,3,3500888,7,1,10.0,17,true
2026-04-25,6,3,3500888,8,1,11.0,18,true
2026-04-25,6,3,3500888,9,1,12.0,20,true
2026-04-25,6,3,3500888,10,1,16.0,26,true
2026-04-25,6,3,3500888,11,1,11.0,18,true
2026-04-25,6,3,3500888,12,1,12.0,20,true
2026-04-25,6,3,3500888,13,1,10.0,17,true
2026-04-25,1,1,3500005,1,1,14.0,80,true
2026-04-25,1,1,3500005,2,1,10.0,57,true
2026-04-25,1,1,3500005,3,1,12.0,68,true
2026-04-25,1,1,3500005,4,1,11.0,63,true
2026-04-25,1,1,3500005,5,1,12.0,68,true
2026-04-25,1,1,3500005,6,1,22.0,125,true
2026-04-25,1,1,3500005,7,1,7.0,40,true
2026-04-25,1,1,3500005,8,1,9.0,51,true
2026-04-25,1,1,3500005,9,1,10.0,57,true
2026-04-25,1,1,3500005,10,1,6.0,34,true
2026-04-25,1,1,3500005,11,1,10.0,57,true
2026-04-25,1,1,3500005,12,1,12.0,68,true
2026-04-25,1,1,3500005,13,1,17.0,97,true
2026-04-25,2,1,3501430,1,1,26.0,82,true
2026-04-25,2,1,3501430,2,1,18.0,57,true
2026-04-25,2,1,3501430,3,1,14.0,44,true
2026-04-25,2,1,3501430,4,1,10.0,32,true
2026-04-25,2,1,3501430,5,1,11.0,35,true
2026-04-25,2,1,3501430,6,1,23.0,72,true
2026-04-25,2,1,3501430,7,1,10.0,32,true
2026-04-25,2,1,3501430,8,1,7.0,22,true
2026-04-25,2,1,3501430,9,1,9.0,29,true
2026-04-25,2,1,3501430,10,1,12.0,38,true
2026-04-25,2,1,3501430,11,1,10.0,32,true
2026-04-25,2,1,3501430,12,1,16.0,50,true
2026-04-25,2,1,3501430,13,1,18.0,57,true
2026-04-25,4,1,3501430,1,1,12.0,38,true
2026-04-25,4,1,3501430,2,1,14.0,44,true
2026-04-25,4,1,3501430,3,1,12.0,38,true
2026-04-25,4,1,3501430,4,1,10.0,32,true
2026-04-25,4,1,3501430,5,1,8.0,25,true
2026-04-25,4,1,3501430,6,1,22.0,69,true
2026-04-25,4,1,3501430,7,1,8.0,25,true
2026-04-25,4,1,3501430,8,1,10.0,32,true
2026-04-25,4,1,3501430,9,1,11.0,35,true
2026-04-25,4,1,3501430,10,1,7.0,22,true
2026-04-25,4,1,3501430,11,1,4.0,13,true
2026-04-25,4,1,3501430,12,1,10.0,32,true
2026-04-25,4,1,3501430,13,1,10.0,32,true
2026-04-25,6,1,3500888,1,1,12.0,20,true
2026-04-25,6,1,3500888,2,1,16.0,26,true
2026-04-25,6,1,3500888,3,1,24.0,39,true
2026-04-25,6,1,3500888,4,1,22.0,36,true
2026-04-25,6,1,3500888,5,1,12.0,20,true
2026-04-25,6,1,3500888,6,1,24.0,39,true
2026-04-25,6,1,3500888,7,1,12.0,20,true
2026-04-25,6,1,3500888,8,1,10.0,17,true
2026-04-25,6,1,3500888,9,1,7.0,12,true
2026-04-25,6,1,3500888,10,1,8.0,13,true
2026-04-25,6,1,3500888,11,1,10.0,17,true
2026-04-25,6,1,3500888,12,1,12.0,20,true
2026-04-25,6,1,3500888,13,1,22.0,36,true
2026-04-25,1,2,3500005,1,1,18.0,102,true
2026-04-25,1,2,3500005,2,1,15.0,85,true
2026-04-25,1,2,3500005,3,1,20.0,113,true
2026-04-25,1,2,3500005,4,1,16.0,91,true
2026-04-25,1,2,3500005,5,1,22.0,125,true
2026-04-25,1,2,3500005,6,1,24.0,136,true
2026-04-25,1,2,3500005,7,1,24.0,136,true
2026-04-25,1,2,3500005,8,1,14.0,80,true
2026-04-25,1,2,3500005,9,1,12.0,68,true
2026-04-25,1,2,3500005,10,1,20.0,113,true
2026-04-25,1,2,3500005,11,1,10.0,57,true
2026-04-25,1,2,3500005,12,1,11.0,63,true
2026-04-25,1,2,3500005,13,1,16.0,91,true
2026-04-25,2,2,3500162,1,1,40.0,191,true
2026-04-25,2,2,3500162,2,1,31.0,148,true
2026-04-25,2,2,3500162,3,1,20.0,96,true
2026-04-25,2,2,3500162,4,1,18.0,86,true
2026-04-25,2,2,3500162,5,1,22.0,105,true
2026-04-25,2,2,3500162,6,1,25.0,120,true
2026-04-25,2,2,3500162,7,1,30.0,143,true
2026-04-25,2,2,3500162,8,1,22.0,105,true
2026-04-25,2,2,3500162,9,1,13.0,62,true
2026-04-25,2,2,3500162,10,1,17.0,81,true
2026-04-25,2,2,3500162,11,1,20.0,96,true
2026-04-25,2,2,3500162,12,1,12.0,58,true
2026-04-25,2,2,3500162,13,1,17.0,81,true
2026-04-25,4,2,3500446,1,1,67.0,289,true
2026-04-25,4,2,3500446,2,1,51.0,220,true
2026-04-25,4,2,3500446,3,1,30.0,130,true
2026-04-25,4,2,3500446,4,1,21.0,91,true
2026-04-25,4,2,3500446,5,1,22.0,95,true
2026-04-25,4,2,3500446,6,1,28.0,121,true
2026-04-25,4,2,3500446,7,1,22.0,95,true
2026-04-25,4,2,3500446,8,1,22.0,95,true
2026-04-25,4,2,3500446,9,1,16.0,69,true
2026-04-25,4,2,3500446,10,1,14.0,61,true
2026-04-25,4,2,3500446,11,1,20.0,87,true
2026-04-25,4,2,3500446,12,1,12.0,52,true
2026-04-25,4,2,3500446,13,1,20.0,87,true
2026-04-26,1,2,3500005,1,1,13.0,74,true
2026-04-26,1,2,3500005,2,1,15.0,85,true
2026-04-26,1,2,3500005,3,1,30.0,170,true
2026-04-26,1,2,3500005,4,1,22.0,125,true
2026-04-26,1,2,3500005,5,1,19.0,108,true
2026-04-26,1,2,3500005,6,1,30.0,170,true
2026-04-26,1,2,3500005,7,1,30.0,170,true
2026-04-26,1,2,3500005,8,1,25.0,142,true
2026-04-26,1,2,3500005,9,1,24.0,136,true
2026-04-26,1,2,3500005,10,1,10.0,57,true
2026-04-26,1,2,3500005,11,1,12.0,68,true
2026-04-26,1,2,3500005,12,1,31.0,176,true
2026-04-26,1,2,3500005,13,1,34.0,193,true
2026-04-26,2,2,3500162,1,1,30.0,143,true
2026-04-26,2,2,3500162,2,1,12.0,58,true
2026-04-26,2,2,3500162,3,1,9.0,43,true
2026-04-26,2,2,3500162,4,1,12.0,58,true
2026-04-26,2,2,3500162,5,1,20.0,96,true
2026-04-26,2,2,3500162,6,1,6.0,29,true
2026-04-26,2,2,3500162,7,1,15.0,72,true
2026-04-26,2,2,3500162,8,1,12.0,58,true
2026-04-26,2,2,3500162,9,1,8.0,39,true
2026-04-26,2,2,3500162,10,1,3.0,15,true
2026-04-26,2,2,3500162,11,1,6.0,29,true
2026-04-26,2,2,3500162,12,1,3.0,15,true
2026-04-26,2,2,3500162,13,1,5.0,24,true
2026-04-27,1,3,3500005,1,1,10.0,57,true
2026-04-27,1,3,3500005,2,1,7.0,40,true
2026-04-27,1,3,3500005,3,1,10.0,57,true
2026-04-27,1,3,3500005,4,1,8.0,46,true
2026-04-27,1,3,3500005,5,1,6.0,34,true
2026-04-27,1,3,3500005,6,1,15.0,85,true
2026-04-27,1,3,3500005,7,1,7.0,40,true
2026-04-27,1,3,3500005,8,1,9.0,51,true
2026-04-27,1,3,3500005,9,1,10.0,57,true
2026-04-27,1,3,3500005,10,1,6.0,34,true
2026-04-27,1,3,3500005,11,1,10.0,57,true
2026-04-27,1,3,3500005,12,1,12.0,68,true
2026-04-27,1,3,3500005,13,1,14.0,80,true
2026-04-27,1,1,3500005,1,1,20.0,113,true
2026-04-27,1,1,3500005,2,1,12.0,68,true
2026-04-27,1,1,3500005,3,1,22.0,125,true
2026-04-27,1,1,3500005,4,1,13.0,74,true
2026-04-27,1,1,3500005,5,1,15.0,85,true
2026-04-27,1,1,3500005,6,1,16.0,91,true
2026-04-27,1,1,3500005,7,1,12.0,68,true
2026-04-27,1,1,3500005,8,1,9.0,51,true
2026-04-27,1,1,3500005,9,1,13.0,74,true
2026-04-27,1,1,3500005,10,1,12.0,68,true
2026-04-27,1,1,3500005,11,1,10.0,57,true
2026-04-27,1,1,3500005,12,1,16.0,91,true
2026-04-27,1,1,3500005,13,1,15.0,85,true
2026-04-27,2,1,3500162,1,1,15.0,72,true
2026-04-27,2,1,3500162,2,1,13.0,62,true
2026-04-27,2,1,3500162,3,1,10.0,48,true
2026-04-27,2,1,3500162,4,1,9.0,43,true
2026-04-27,2,1,3500162,5,1,7.0,34,true
2026-04-27,2,1,3500162,6,1,17.0,81,true
2026-04-27,2,1,3500162,7,1,10.0,48,true
2026-04-27,2,1,3500162,8,1,13.0,62,true
2026-04-27,2,1,3500162,9,1,9.0,43,true
2026-04-27,2,1,3500162,10,1,7.0,34,true
2026-04-27,2,1,3500162,11,1,6.0,29,true
2026-04-27,2,1,3500162,12,1,11.0,53,true
2026-04-27,2,1,3500162,13,1,13.0,62,true
2026-04-27,4,1,3501225,1,1,20.0,122,true
2026-04-27,4,1,3501225,2,1,13.0,79,true
2026-04-27,4,1,3501225,3,1,20.0,122,true
2026-04-27,4,1,3501225,4,1,15.0,91,true
2026-04-27,4,1,3501225,5,1,11.0,67,true
2026-04-27,4,1,3501225,6,1,16.0,97,true
2026-04-27,4,1,3501225,7,1,8.0,49,true
2026-04-27,4,1,3501225,8,1,10.0,61,true
2026-04-27,4,1,3501225,9,1,13.0,79,true
2026-04-27,4,1,3501225,10,1,12.0,73,true
2026-04-27,4,1,3501225,11,1,14.0,85,true
2026-04-27,4,1,3501225,12,1,22.0,134,true
2026-04-27,4,1,3501225,13,1,19.0,116,true
2026-04-27,1,1,3500005,1,2,10.0,57,true
2026-04-27,1,1,3500005,2,2,11.0,63,true
2026-04-27,1,1,3500005,3,2,12.0,68,true
2026-04-27,1,1,3500005,4,2,10.0,57,true
2026-04-27,1,1,3500005,5,2,11.0,63,true
2026-04-27,1,1,3500005,6,2,17.0,97,true
2026-04-27,1,1,3500005,7,2,6.0,34,true
2026-04-27,1,1,3500005,8,2,8.0,46,true
2026-04-27,1,1,3500005,9,2,10.0,57,true
2026-04-27,1,1,3500005,10,2,11.0,63,true
2026-04-27,1,1,3500005,11,2,12.0,68,true
2026-04-27,1,1,3500005,12,2,10.0,57,true
2026-04-27,1,1,3500005,13,2,23.0,130,true
2026-04-27,2,1,3500162,1,2,9.0,43,true
2026-04-27,2,1,3500162,2,2,8.0,39,true
2026-04-27,2,1,3500162,3,2,10.0,48,true
2026-04-27,2,1,3500162,4,2,11.0,53,true
2026-04-27,2,1,3500162,5,2,4.0,20,true
2026-04-27,2,1,3500162,6,2,14.0,67,true
2026-04-27,2,1,3500162,7,2,10.0,48,true
2026-04-27,2,1,3500162,8,2,11.0,53,true
2026-04-27,2,1,3500162,9,2,12.0,58,true
2026-04-27,2,1,3500162,10,2,10.0,48,true
2026-04-27,2,1,3500162,11,2,11.0,53,true
2026-04-27,2,1,3500162,12,2,0.0,0,true
2026-04-27,2,1,3500162,13,2,0.0,0,true
2026-04-27,4,1,3501225,1,2,20.0,122,true
2026-04-27,4,1,3501225,2,2,25.0,152,true
2026-04-27,4,1,3501225,3,2,16.0,97,true
2026-04-27,4,1,3501225,4,2,11.0,67,true
2026-04-27,4,1,3501225,5,2,10.0,61,true
2026-04-27,4,1,3501225,6,2,11.0,67,true
2026-04-27,4,1,3501225,7,2,16.0,97,true
2026-04-27,4,1,3501225,8,2,10.0,61,true
2026-04-27,4,1,3501225,9,2,15.0,91,true
2026-04-27,4,1,3501225,10,2,10.0,61,true
2026-04-27,4,1,3501225,11,2,11.0,67,true
2026-04-27,4,1,3501225,12,2,12.0,73,true
2026-04-27,4,1,3501225,13,2,10.0,61,true
2026-04-28,1,3,3500005,1,1,12.0,68,true
2026-04-28,1,3,3500005,2,1,16.0,91,true
2026-04-28,1,3,3500005,3,1,18.0,102,true
2026-04-28,1,3,3500005,4,1,16.0,91,true
2026-04-28,1,3,3500005,5,1,11.0,63,true
2026-04-28,1,3,3500005,6,1,32.0,181,true
2026-04-28,1,3,3500005,7,1,10.0,57,true
2026-04-28,1,3,3500005,8,1,12.0,68,true
2026-04-28,1,3,3500005,9,1,7.0,40,true
2026-04-28,1,3,3500005,10,1,9.0,51,true
2026-04-28,1,3,3500005,11,1,12.0,68,true
2026-04-28,1,3,3500005,12,1,18.0,102,true
2026-04-28,1,3,3500005,13,1,19.0,108,true
2026-04-28,2,3,3500162,1,1,24.0,115,true
2026-04-28,2,3,3500162,2,1,14.0,67,true
2026-04-28,2,3,3500162,3,1,10.0,48,true
2026-04-28,2,3,3500162,4,1,12.0,58,true
2026-04-28,2,3,3500162,5,1,8.0,39,true
2026-04-28,2,3,3500162,6,1,26.0,124,true
2026-04-28,2,3,3500162,7,1,12.0,58,true
2026-04-28,2,3,3500162,8,1,12.0,58,true
2026-04-28,2,3,3500162,9,1,9.0,43,true
2026-04-28,2,3,3500162,10,1,10.0,48,true
2026-04-28,2,3,3500162,11,1,11.0,53,true
2026-04-28,2,3,3500162,12,1,14.0,67,true
2026-04-28,2,3,3500162,13,1,19.0,91,true
2026-04-28,4,3,3501225,1,1,22.0,134,true
2026-04-28,4,3,3501225,2,1,16.0,97,true
2026-04-28,4,3,3501225,3,1,14.0,85,true
2026-04-28,4,3,3501225,4,1,18.0,110,true
2026-04-28,4,3,3501225,5,1,10.0,61,true
2026-04-28,4,3,3501225,6,1,24.0,146,true
2026-04-28,4,3,3501225,7,1,9.0,55,true
2026-04-28,4,3,3501225,8,1,10.0,61,true
2026-04-28,4,3,3501225,9,1,11.0,67,true
2026-04-28,4,3,3501225,10,1,8.0,49,true
2026-04-28,4,3,3501225,11,1,12.0,73,true
2026-04-28,4,3,3501225,12,1,14.0,85,true
2026-04-28,4,3,3501225,13,1,20.0,122,true
2026-04-28,1,1,3500005,1,1,30.0,170,true
2026-04-28,1,1,3500005,2,1,15.0,85,true
2026-04-28,1,1,3500005,3,1,22.0,125,true
2026-04-28,1,1,3500005,4,1,15.0,85,true
2026-04-28,1,1,3500005,5,1,22.0,125,true
2026-04-28,1,1,3500005,6,1,23.0,130,true
2026-04-28,1,1,3500005,7,1,28.0,159,true
2026-04-28,1,1,3500005,8,1,22.0,125,true
2026-04-28,1,1,3500005,9,1,16.0,91,true
2026-04-28,1,1,3500005,10,1,15.0,85,true
2026-04-28,1,1,3500005,11,1,13.0,74,true
2026-04-28,1,1,3500005,12,1,10.0,57,true
2026-04-28,1,1,3500005,13,1,17.0,97,true
2026-04-28,2,1,3500162,1,1,24.0,115,true
2026-04-28,2,1,3500162,2,1,22.0,105,true
2026-04-28,2,1,3500162,3,1,18.0,86,true
2026-04-28,2,1,3500162,4,1,15.0,72,true
2026-04-28,2,1,3500162,5,1,18.0,86,true
2026-04-28,2,1,3500162,6,1,32.0,153,true
2026-04-28,2,1,3500162,7,1,30.0,143,true
2026-04-28,2,1,3500162,8,1,22.0,105,true
2026-04-28,2,1,3500162,9,1,16.0,77,true
2026-04-28,2,1,3500162,10,1,13.0,62,true
2026-04-28,2,1,3500162,11,1,10.0,48,true
2026-04-28,2,1,3500162,12,1,18.0,86,true
2026-04-28,2,1,3500162,13,1,27.0,129,true
2026-04-28,4,1,3501225,1,1,10.0,61,true
2026-04-28,4,1,3501225,2,1,12.0,73,true
2026-04-28,4,1,3501225,3,1,11.0,67,true
2026-04-28,4,1,3501225,4,1,9.0,55,true
2026-04-28,4,1,3501225,5,1,7.0,43,true
2026-04-28,4,1,3501225,6,1,9.0,55,true
2026-04-28,4,1,3501225,7,1,15.0,91,true
2026-04-28,4,1,3501225,8,1,12.0,73,true
2026-04-28,4,1,3501225,9,1,10.0,61,true
2026-04-28,4,1,3501225,10,1,8.0,49,true
2026-04-28,4,1,3501225,11,1,7.0,43,true
2026-04-28,4,1,3501225,12,1,5.0,31,true
2026-04-28,4,1,3501225,13,1,10.0,61,true
2026-04-28,1,2,3500005,1,1,16.0,91,true
2026-04-28,1,2,3500005,2,1,10.0,57,true
2026-04-28,1,2,3500005,3,1,11.0,63,true
2026-04-28,1,2,3500005,4,1,9.0,51,true
2026-04-28,1,2,3500005,5,1,6.0,34,true
2026-04-28,1,2,3500005,6,1,18.0,102,true
2026-04-28,1,2,3500005,7,1,10.0,57,true
2026-04-28,1,2,3500005,8,1,11.0,63,true
2026-04-28,1,2,3500005,9,1,6.0,34,true
2026-04-28,1,2,3500005,10,1,4.0,23,true
2026-04-28,1,2,3500005,11,1,6.0,34,true
2026-04-28,1,2,3500005,12,1,9.0,51,true
2026-04-28,1,2,3500005,13,1,10.0,57,true
2026-04-28,2,2,3500162,1,1,10.0,48,true
2026-04-28,2,2,3500162,2,1,6.0,29,true
2026-04-28,2,2,3500162,3,1,8.0,39,true
2026-04-28,2,2,3500162,4,1,10.0,48,true
2026-04-28,2,2,3500162,5,1,11.0,53,true
2026-04-28,2,2,3500162,6,1,19.0,91,true
2026-04-28,2,2,3500162,7,1,12.0,58,true
2026-04-28,2,2,3500162,8,1,10.0,48,true
2026-04-28,2,2,3500162,9,1,11.0,53,true
2026-04-28,2,2,3500162,10,1,12.0,58,true
2026-04-28,2,2,3500162,11,1,5.0,24,true
2026-04-28,2,2,3500162,12,1,0.0,0,true
2026-04-28,2,2,3500162,13,1,0.0,0,true
2026-04-28,4,2,3501225,1,1,2.0,13,true
2026-04-28,4,2,3501225,2,1,16.0,97,true
2026-04-28,4,2,3501225,3,1,18.0,110,true
2026-04-28,4,2,3501225,4,1,19.0,116,true
2026-04-28,4,2,3501225,5,1,10.0,61,true
2026-04-28,4,2,3501225,6,1,23.0,140,true
2026-04-28,4,2,3501225,7,1,10.0,61,true
2026-04-28,4,2,3501225,8,1,11.0,67,true
2026-04-28,4,2,3501225,9,1,12.0,73,true
2026-04-28,4,2,3501225,10,1,10.0,61,true
2026-04-28,4,2,3501225,11,1,11.0,67,true
2026-04-28,4,2,3501225,12,1,12.0,73,true
2026-04-28,4,2,3501225,13,1,10.0,61,true
2026-04-29,1,3,3500005,1,1,8.0,46,true
2026-04-29,1,3,3500005,2,1,6.0,34,true
2026-04-29,1,3,3500005,3,1,9.0,51,true
2026-04-29,1,3,3500005,4,1,11.0,63,true
2026-04-29,1,3,3500005,5,1,10.0,57,true
2026-04-29,1,3,3500005,6,1,18.0,102,true
2026-04-29,1,3,3500005,7,1,6.0,34,true
2026-04-29,1,3,3500005,8,1,8.0,46,true
2026-04-29,1,3,3500005,9,1,9.0,51,true
2026-04-29,1,3,3500005,10,1,7.0,40,true
2026-04-29,1,3,3500005,11,1,9.0,51,true
2026-04-29,1,3,3500005,12,1,12.0,68,true
2026-04-29,1,3,3500005,13,1,32.0,181,true
2026-04-29,2,3,3500162,1,1,18.0,86,true
2026-04-29,2,3,3500162,2,1,20.0,96,true
2026-04-29,2,3,3500162,3,1,16.0,77,true
2026-04-29,2,3,3500162,4,1,12.0,58,true
2026-04-29,2,3,3500162,5,1,10.0,48,true
2026-04-29,2,3,3500162,6,1,22.0,105,true
2026-04-29,2,3,3500162,7,1,10.0,48,true
2026-04-29,2,3,3500162,8,1,11.0,53,true
2026-04-29,2,3,3500162,9,1,9.0,43,true
2026-04-29,2,3,3500162,10,1,10.0,48,true
2026-04-29,2,3,3500162,11,1,7.0,34,true
2026-04-29,2,3,3500162,12,1,14.0,67,true
2026-04-29,2,3,3500162,13,1,18.0,86,true
2026-04-29,4,3,3501225,1,1,28.0,170,true
2026-04-29,4,3,3501225,2,1,22.0,134,true
2026-04-29,4,3,3501225,3,1,16.0,97,true
2026-04-29,4,3,3501225,4,1,14.0,85,true
2026-04-29,4,3,3501225,5,1,11.0,67,true
2026-04-29,4,3,3501225,6,1,24.0,146,true
2026-04-29,4,3,3501225,7,1,12.0,73,true
2026-04-29,4,3,3501225,8,1,10.0,61,true
2026-04-29,4,3,3501225,9,1,14.0,85,true
2026-04-29,4,3,3501225,10,1,8.0,49,true
2026-04-29,4,3,3501225,11,1,11.0,67,true
2026-04-29,4,3,3501225,12,1,14.0,85,true
2026-04-29,4,3,3501225,13,1,22.0,134,true
2026-04-29,1,3,3500005,1,2,40.0,226,true
2026-04-29,1,3,3500005,2,2,20.0,113,true
2026-04-29,1,3,3500005,3,2,18.0,102,true
2026-04-29,1,3,3500005,4,2,15.0,85,true
2026-04-29,1,3,3500005,5,2,10.0,57,true
2026-04-29,1,3,3500005,6,2,21.0,119,true
2026-04-29,1,3,3500005,7,2,11.0,63,true
2026-04-29,1,3,3500005,8,2,15.0,85,true
2026-04-29,1,3,3500005,9,2,19.0,108,true
2026-04-29,1,3,3500005,10,2,12.0,68,true
2026-04-29,1,3,3500005,11,2,9.0,51,true
2026-04-29,1,3,3500005,12,2,8.0,46,true
2026-04-29,1,3,3500005,13,2,31.0,176,true
2026-04-29,2,3,3500162,1,2,50.0,239,true
2026-04-29,2,3,3500162,2,2,19.0,91,true
2026-04-29,2,3,3500162,3,2,30.0,143,true
2026-04-29,2,3,3500162,4,2,12.0,58,true
2026-04-29,2,3,3500162,5,2,11.0,53,true
2026-04-29,2,3,3500162,6,2,30.0,143,true
2026-04-29,2,3,3500162,7,2,0.0,0,true
2026-04-29,2,3,3500162,8,2,0.0,0,true
2026-04-29,2,3,3500162,9,2,0.0,0,true
2026-04-29,2,3,3500162,10,2,0.0,0,true
2026-04-29,2,3,3500162,11,2,0.0,0,true
2026-04-29,2,3,3500162,12,2,0.0,0,true
2026-04-29,2,3,3500162,13,2,0.0,0,true
2026-04-29,4,3,3501226,1,1,60.0,325,true
2026-04-29,4,3,3501226,2,1,30.0,163,true
2026-04-29,4,3,3501226,3,1,20.0,109,true
2026-04-29,4,3,3501226,4,1,19.0,103,true
2026-04-29,4,3,3501226,5,1,40.0,217,true
2026-04-29,4,3,3501226,6,1,22.0,119,true
2026-04-29,4,3,3501226,7,1,15.0,82,true
2026-04-29,4,3,3501226,8,1,10.0,55,true
2026-04-29,4,3,3501226,9,1,20.0,109,true
2026-04-29,4,3,3501226,10,1,18.0,98,true
2026-04-29,4,3,3501226,11,1,16.0,87,true
2026-04-29,4,3,3501226,12,1,15.0,82,true
2026-04-29,4,3,3501226,13,1,23.0,125,true
2026-04-30,1,3,3500005,1,1,12.0,68,true
2026-04-30,1,3,3500005,2,1,16.0,91,true
2026-04-30,1,3,3500005,3,1,14.0,80,true
2026-04-30,1,3,3500005,4,1,26.0,147,true
2026-04-30,1,3,3500005,5,1,22.0,125,true
2026-04-30,1,3,3500005,6,1,18.0,102,true
2026-04-30,1,3,3500005,7,1,14.0,80,true
2026-04-30,1,3,3500005,8,1,11.0,63,true
2026-04-30,1,3,3500005,9,1,10.0,57,true
2026-04-30,1,3,3500005,10,1,8.0,46,true
2026-04-30,1,3,3500005,11,1,10.0,57,true
2026-04-30,1,3,3500005,12,1,14.0,80,true
2026-04-30,1,3,3500005,13,1,21.0,119,true
2026-04-30,2,3,3500162,1,1,18.0,86,true
2026-04-30,2,3,3500162,2,1,22.0,105,true
2026-04-30,2,3,3500162,3,1,16.0,77,true
2026-04-30,2,3,3500162,4,1,12.0,58,true
2026-04-30,2,3,3500162,5,1,10.0,48,true
2026-04-30,2,3,3500162,6,1,23.0,110,true
2026-04-30,2,3,3500162,7,1,10.0,48,true
2026-04-30,2,3,3500162,8,1,11.0,53,true
2026-04-30,2,3,3500162,9,1,10.0,48,true
2026-04-30,2,3,3500162,10,1,7.0,34,true
2026-04-30,2,3,3500162,11,1,12.0,58,true
2026-04-30,2,3,3500162,12,1,11.0,53,true
2026-04-30,2,3,3500162,13,1,22.0,105,true
2026-04-30,4,3,3501226,1,1,19.0,103,true
2026-04-30,4,3,3501226,2,1,19.0,103,true
2026-04-30,4,3,3501226,3,1,14.0,76,true
2026-04-30,4,3,3501226,4,1,16.0,87,true
2026-04-30,4,3,3501226,5,1,14.0,76,true
2026-04-30,4,3,3501226,6,1,25.0,136,true
2026-04-30,4,3,3501226,7,1,10.0,55,true
2026-04-30,4,3,3501226,8,1,8.0,44,true
2026-04-30,4,3,3501226,9,1,7.0,38,true
2026-04-30,4,3,3501226,10,1,10.0,55,true
2026-04-30,4,3,3501226,11,1,12.0,65,true
2026-04-30,4,3,3501226,12,1,14.0,76,true
2026-04-30,4,3,3501226,13,1,19.0,103,true
2026-04-30,2,1,3500162,1,1,35.0,167,true
2026-04-30,2,1,3500162,2,1,30.0,143,true
2026-04-30,2,1,3500162,3,1,24.0,115,true
2026-04-30,2,1,3500162,4,1,22.0,105,true
2026-04-30,2,1,3500162,5,1,10.0,48,true
2026-04-30,2,1,3500162,6,1,29.0,139,true
2026-04-30,2,1,3500162,7,1,30.0,143,true
2026-04-30,2,1,3500162,8,1,32.0,153,true
2026-04-30,2,1,3500162,9,1,16.0,77,true
2026-04-30,2,1,3500162,10,1,20.0,96,true
2026-04-30,2,1,3500162,11,1,24.0,115,true
2026-04-30,2,1,3500162,12,1,22.0,105,true
2026-04-30,2,1,3500162,13,1,21.0,100,true
2026-04-30,4,1,3501226,1,1,40.0,217,true
2026-04-30,4,1,3501226,2,1,32.0,173,true
2026-04-30,4,1,3501226,3,1,20.0,109,true
2026-04-30,4,1,3501226,4,1,19.0,103,true
2026-04-30,4,1,3501226,5,1,20.0,109,true
2026-04-30,4,1,3501226,6,1,32.0,173,true
2026-04-30,4,1,3501226,7,1,35.0,190,true
2026-04-30,4,1,3501226,8,1,32.0,173,true
2026-04-30,4,1,3501226,9,1,22.0,119,true
2026-04-30,4,1,3501226,10,1,24.0,130,true
2026-04-30,4,1,3501226,11,1,15.0,82,true
2026-04-30,4,1,3501226,12,1,20.0,109,true
2026-04-30,4,1,3501226,13,1,30.0,163,true
2026-04-30,2,2,3500162,1,1,10.0,48,true
2026-04-30,2,2,3500162,2,1,6.0,29,true
2026-04-30,2,2,3500162,3,1,8.0,39,true
2026-04-30,2,2,3500162,4,1,4.0,20,true
2026-04-30,2,2,3500162,5,1,11.0,53,true
2026-04-30,2,2,3500162,6,1,7.0,34,true
2026-04-30,2,2,3500162,7,1,5.0,24,true
2026-04-30,2,2,3500162,8,1,8.0,39,true
2026-04-30,2,2,3500162,9,1,6.0,29,true
2026-04-30,2,2,3500162,10,1,10.0,48,true
2026-04-30,2,2,3500162,11,1,8.0,39,true
2026-04-30,2,2,3500162,12,1,9.0,43,true
2026-04-30,2,2,3500162,13,1,14.0,67,true
2026-04-30,4,2,3501226,1,1,20.0,109,true
2026-04-30,4,2,3501226,2,1,24.0,130,true
2026-04-30,4,2,3501226,3,1,16.0,87,true
2026-04-30,4,2,3501226,4,1,18.0,98,true
2026-04-30,4,2,3501226,5,1,10.0,55,true
2026-04-30,4,2,3501226,6,1,23.0,125,true
2026-04-30,4,2,3501226,7,1,11.0,60,true
2026-04-30,4,2,3501226,8,1,10.0,55,true
2026-04-30,4,2,3501226,9,1,11.0,60,true
2026-04-30,4,2,3501226,10,1,10.0,55,true
2026-04-30,4,2,3501226,11,1,10.0,55,true
2026-04-30,4,2,3501226,12,1,10.0,55,true
2026-04-30,4,2,3501226,13,1,10.0,55,true
2026-05-01,1,3,3500005,1,1,10.0,57,true
2026-05-01,1,3,3500005,2,1,12.0,68,true
2026-05-01,1,3,3500005,3,1,9.0,51,true
2026-05-01,1,3,3500005,4,1,18.0,102,true
2026-05-01,1,3,3500005,5,1,12.0,68,true
2026-05-01,1,3,3500005,6,1,26.0,147,true
2026-05-01,1,3,3500005,7,1,7.0,40,true
2026-05-01,1,3,3500005,8,1,9.0,51,true
2026-05-01,1,3,3500005,9,1,6.0,34,true
2026-05-01,1,3,3500005,10,1,4.0,23,true
2026-05-01,1,3,3500005,11,1,11.0,63,true
2026-05-01,1,3,3500005,12,1,12.0,68,true
2026-05-01,1,3,3500005,13,1,20.0,113,true
2026-05-01,2,3,3500162,1,1,34.0,162,true
2026-05-01,2,3,3500162,2,1,22.0,105,true
2026-05-01,2,3,3500162,3,1,16.0,77,true
2026-05-01,2,3,3500162,4,1,12.0,58,true
2026-05-01,2,3,3500162,5,1,11.0,53,true
2026-05-01,2,3,3500162,6,1,21.0,100,true
2026-05-01,2,3,3500162,7,1,12.0,58,true
2026-05-01,2,3,3500162,8,1,9.0,43,true
2026-05-01,2,3,3500162,9,1,10.0,48,true
2026-05-01,2,3,3500162,10,1,7.0,34,true
2026-05-01,2,3,3500162,11,1,10.0,48,true
2026-05-01,2,3,3500162,12,1,14.0,67,true
2026-05-01,2,3,3500162,13,1,16.0,77,true
2026-05-01,4,3,3501226,1,1,24.0,130,true
2026-05-01,4,3,3501226,2,1,18.0,98,true
2026-05-01,4,3,3501226,3,1,14.0,76,true
2026-05-01,4,3,3501226,4,1,16.0,87,true
2026-05-01,4,3,3501226,5,1,10.0,55,true
2026-05-01,4,3,3501226,6,1,24.0,130,true
2026-05-01,4,3,3501226,7,1,12.0,65,true
2026-05-01,4,3,3501226,8,1,10.0,55,true
2026-05-01,4,3,3501226,9,1,12.0,65,true
2026-05-01,4,3,3501226,10,1,10.0,55,true
2026-05-01,4,3,3501226,11,1,8.0,44,true
2026-05-01,4,3,3501226,12,1,14.0,76,true
2026-05-01,4,3,3501226,13,1,19.0,103,true
2026-05-01,1,2,3500005,1,1,10.0,57,true
2026-05-01,1,2,3500005,2,1,5.0,29,true
2026-05-01,1,2,3500005,3,1,6.0,34,true
2026-05-01,1,2,3500005,4,1,8.0,46,true
2026-05-01,1,2,3500005,5,1,12.0,68,true
2026-05-01,1,2,3500005,6,1,21.0,119,true
2026-05-01,1,2,3500005,7,1,10.0,57,true
2026-05-01,1,2,3500005,8,1,11.0,63,true
2026-05-01,1,2,3500005,9,1,12.0,68,true
2026-05-01,1,2,3500005,10,1,10.0,57,true
2026-05-01,1,2,3500005,11,1,11.0,63,true
2026-05-01,1,2,3500005,12,1,6.0,34,true
2026-05-01,1,2,3500005,13,1,13.0,74,true
2026-05-01,2,2,3500162,1,1,10.0,48,true
2026-05-01,2,2,3500162,2,1,6.0,29,true
2026-05-01,2,2,3500162,3,1,8.0,39,true
2026-05-01,2,2,3500162,4,1,9.0,43,true
2026-05-01,2,2,3500162,5,1,10.0,48,true
2026-05-01,2,2,3500162,6,1,23.0,110,true
2026-05-01,2,2,3500162,7,1,11.0,53,true
2026-05-01,2,2,3500162,8,1,12.0,58,true
2026-05-01,2,2,3500162,9,1,10.0,48,true
2026-05-01,2,2,3500162,10,1,5.0,24,true
2026-05-01,2,2,3500162,11,1,8.0,39,true
2026-05-01,2,2,3500162,12,1,8.0,39,true
2026-05-01,2,2,3500162,13,1,9.0,43,true
2026-05-01,4,2,3501430,1,1,20.0,63,true
2026-05-01,4,2,3501430,2,1,10.0,32,true
2026-05-01,4,2,3501430,3,1,9.0,29,true
2026-05-01,4,2,3501430,4,1,10.0,32,true
2026-05-01,4,2,3501430,5,1,10.0,32,true
2026-05-01,4,2,3501430,6,1,21.0,66,true
2026-05-01,4,2,3501430,7,1,11.0,35,true
2026-05-01,4,2,3501430,8,1,12.0,38,true
2026-05-01,4,2,3501430,9,1,10.0,32,true
2026-05-01,4,2,3501430,10,1,11.0,35,true
2026-05-01,4,2,3501430,11,1,16.0,50,true
2026-05-01,4,2,3501430,12,1,10.0,32,true
2026-05-01,4,2,3501430,13,1,11.0,35,true
2026-05-01,6,2,3500888,1,1,20.0,33,true
2026-05-01,6,2,3500888,2,1,21.0,34,true
2026-05-01,6,2,3500888,3,1,16.0,26,true
2026-05-01,6,2,3500888,4,1,18.0,30,true
2026-05-01,6,2,3500888,5,1,19.0,31,true
2026-05-01,6,2,3500888,6,1,21.0,34,true
2026-05-01,6,2,3500888,7,1,12.0,20,true
2026-05-01,6,2,3500888,8,1,10.0,17,true
2026-05-01,6,2,3500888,9,1,11.0,18,true
2026-05-01,6,2,3500888,10,1,12.0,20,true
2026-05-01,6,2,3500888,11,1,10.0,17,true
2026-05-01,6,2,3500888,12,1,11.0,18,true
2026-05-01,6,2,3500888,13,1,12.0,20,true
2026-05-02,1,3,3500005,1,1,12.0,68,true
2026-05-02,1,3,3500005,2,1,10.0,57,true
2026-05-02,1,3,3500005,3,1,11.0,63,true
2026-05-02,1,3,3500005,4,1,14.0,80,true
2026-05-02,1,3,3500005,5,1,10.0,57,true
2026-05-02,1,3,3500005,6,1,16.0,91,true
2026-05-02,1,3,3500005,7,1,12.0,68,true
2026-05-02,1,3,3500005,8,1,9.0,51,true
2026-05-02,1,3,3500005,9,1,7.0,40,true
2026-05-02,1,3,3500005,10,1,9.0,51,true
2026-05-02,1,3,3500005,11,1,10.0,57,true
2026-05-02,1,3,3500005,12,1,12.0,68,true
2026-05-02,1,3,3500005,13,1,20.0,113,true
2026-05-02,2,3,3501430,1,1,16.0,50,true
2026-05-02,2,3,3501430,2,1,12.0,38,true
2026-05-02,2,3,3501430,3,1,14.0,44,true
2026-05-02,2,3,3501430,4,1,10.0,32,true
2026-05-02,2,3,3501430,5,1,8.0,25,true
2026-05-02,2,3,3501430,6,1,21.0,66,true
2026-05-02,2,3,3501430,7,1,10.0,32,true
2026-05-02,2,3,3501430,8,1,7.0,22,true
2026-05-02,2,3,3501430,9,1,9.0,29,true
2026-05-02,2,3,3501430,10,1,6.0,19,true
2026-05-02,2,3,3501430,11,1,10.0,32,true
2026-05-02,2,3,3501430,12,1,14.0,44,true
2026-05-02,2,3,3501430,13,1,19.0,60,true
2026-05-02,4,3,3501430,1,1,18.0,57,true
2026-05-02,4,3,3501430,2,1,12.0,38,true
2026-05-02,4,3,3501430,3,1,12.0,38,true
2026-05-02,4,3,3501430,4,1,14.0,44,true
2026-05-02,4,3,3501430,5,1,10.0,32,true
2026-05-02,4,3,3501430,6,1,23.0,72,true
2026-05-02,4,3,3501430,7,1,10.0,32,true
2026-05-02,4,3,3501430,8,1,9.0,29,true
2026-05-02,4,3,3501430,9,1,11.0,35,true
2026-05-02,4,3,3501430,10,1,7.0,22,true
2026-05-02,4,3,3501430,11,1,8.0,25,true
2026-05-02,4,3,3501430,12,1,12.0,38,true
2026-05-02,4,3,3501430,13,1,21.0,66,true
2026-05-02,6,3,3500888,1,1,16.0,26,true
2026-05-02,6,3,3500888,2,1,14.0,23,true
2026-05-02,6,3,3500888,3,1,10.0,17,true
2026-05-02,6,3,3500888,4,1,12.0,20,true
2026-05-02,6,3,3500888,5,1,10.0,17,true
2026-05-02,6,3,3500888,6,1,22.0,36,true
2026-05-02,6,3,3500888,7,1,12.0,20,true
2026-05-02,6,3,3500888,8,1,10.0,17,true
2026-05-02,6,3,3500888,9,1,10.0,17,true
2026-05-02,6,3,3500888,10,1,11.0,18,true
2026-05-02,6,3,3500888,11,1,12.0,20,true
2026-05-02,6,3,3500888,12,1,14.0,23,true
2026-05-02,6,3,3500888,13,1,25.0,41,true
2026-05-02,1,1,3500005,1,1,30.0,170,true
2026-05-02,1,1,3500005,2,1,25.0,142,true
2026-05-02,1,1,3500005,3,1,20.0,113,true
2026-05-02,1,1,3500005,4,1,10.0,57,true
2026-05-02,1,1,3500005,5,1,19.0,108,true
2026-05-02,1,1,3500005,6,1,21.0,119,true
2026-05-02,1,1,3500005,7,1,24.0,136,true
2026-05-02,1,1,3500005,8,1,20.0,113,true
2026-05-02,1,1,3500005,9,1,22.0,125,true
2026-05-02,1,1,3500005,10,1,16.0,91,true
2026-05-02,1,1,3500005,11,1,22.0,125,true
2026-05-02,1,1,3500005,12,1,124.0,701,true
2026-05-02,1,1,3500005,13,1,21.0,119,true
2026-05-02,2,1,3501430,1,1,30.0,94,true
2026-05-02,2,1,3501430,2,1,35.0,110,true
2026-05-02,2,1,3501430,3,1,20.0,63,true
2026-05-02,2,1,3501430,4,1,24.0,75,true
2026-05-02,2,1,3501430,5,1,18.0,57,true
2026-05-02,2,1,3501430,6,1,26.0,82,true
2026-05-02,2,1,3501430,7,1,24.0,75,true
2026-05-02,2,1,3501430,8,1,22.0,69,true
2026-05-02,2,1,3501430,9,1,18.0,57,true
2026-05-02,2,1,3501430,10,1,20.0,63,true
2026-05-02,2,1,3501430,11,1,11.0,35,true
2026-05-02,2,1,3501430,12,1,20.0,63,true
2026-05-02,2,1,3501430,13,1,22.0,69,true
2026-05-02,4,1,3501430,1,1,24.0,75,true
2026-05-02,4,1,3501430,2,1,30.0,94,true
2026-05-02,4,1,3501430,3,1,30.0,94,true
2026-05-02,4,1,3501430,4,1,25.0,78,true
2026-05-02,4,1,3501430,5,1,18.0,57,true
2026-05-02,4,1,3501430,6,1,23.0,72,true
2026-05-02,4,1,3501430,7,1,24.0,75,true
2026-05-02,4,1,3501430,8,1,20.0,63,true
2026-05-02,4,1,3501430,9,1,16.0,50,true
2026-05-02,4,1,3501430,10,1,15.0,47,true
2026-05-02,4,1,3501430,11,1,20.0,63,true
2026-05-02,4,1,3501430,12,1,19.0,60,true
2026-05-02,4,1,3501430,13,1,16.0,50,true
2026-05-02,6,1,3500888,1,1,40.0,65,true
2026-05-02,6,1,3500888,2,1,30.0,49,true
2026-05-02,6,1,3500888,3,1,35.0,57,true
2026-05-02,6,1,3500888,4,1,20.0,33,true
2026-05-02,6,1,3500888,5,1,22.0,36,true
2026-05-02,6,1,3500888,6,1,34.0,55,true
2026-05-02,6,1,3500888,7,1,35.0,57,true
2026-05-02,6,1,3500888,8,1,30.0,49,true
2026-05-02,6,1,3500888,9,1,15.0,25,true
2026-05-02,6,1,3500888,10,1,20.0,33,true
2026-05-02,6,1,3500888,11,1,50.0,81,true
2026-05-02,6,1,3500888,12,1,16.0,26,true
2026-05-02,6,1,3500888,13,1,25.0,41,true
2026-05-02,1,2,3500005,1,1,10.0,57,true
2026-05-02,1,2,3500005,2,1,9.0,51,true
2026-05-02,1,2,3500005,3,1,8.0,46,true
2026-05-02,1,2,3500005,4,1,6.0,34,true
2026-05-02,1,2,3500005,5,1,5.0,29,true
2026-05-02,1,2,3500005,6,1,16.0,91,true
2026-05-02,1,2,3500005,7,1,11.0,63,true
2026-05-02,1,2,3500005,8,1,10.0,57,true
2026-05-02,1,2,3500005,9,1,11.0,63,true
2026-05-02,1,2,3500005,10,1,11.0,63,true
2026-05-02,1,2,3500005,11,1,10.0,57,true
2026-05-02,1,2,3500005,12,1,11.0,63,true
2026-05-02,1,2,3500005,13,1,10.0,57,true
2026-05-02,2,2,3501430,1,1,10.0,32,true
2026-05-02,2,2,3501430,2,1,11.0,35,true
2026-05-02,2,2,3501430,3,1,16.0,50,true
2026-05-02,2,2,3501430,4,1,10.0,32,true
2026-05-02,2,2,3501430,5,1,11.0,35,true
2026-05-02,2,2,3501430,6,1,11.0,35,true
2026-05-02,2,2,3501430,7,1,8.0,25,true
2026-05-02,2,2,3501430,8,1,9.0,29,true
2026-05-02,2,2,3501430,9,1,10.0,32,true
2026-05-02,2,2,3501430,10,1,11.0,35,true
2026-05-02,2,2,3501430,11,1,10.0,32,true
2026-05-02,2,2,3501430,12,1,6.0,19,true
2026-05-02,2,2,3501430,13,1,5.0,16,true
2026-05-02,4,2,3501430,1,1,10.0,32,true
2026-05-02,4,2,3501430,2,1,15.0,47,true
2026-05-02,4,2,3501430,3,1,16.0,50,true
2026-05-02,4,2,3501430,4,1,11.0,35,true
2026-05-02,4,2,3501430,5,1,12.0,38,true
2026-05-02,4,2,3501430,6,1,21.0,66,true
2026-05-02,4,2,3501430,7,1,16.0,50,true
2026-05-02,4,2,3501430,8,1,10.0,32,true
2026-05-02,4,2,3501430,9,1,11.0,35,true
2026-05-02,4,2,3501430,10,1,12.0,38,true
2026-05-02,4,2,3501430,11,1,10.0,32,true
2026-05-02,4,2,3501430,12,1,11.0,35,true
2026-05-02,4,2,3501430,13,1,11.0,35,true
2026-05-03,1,3,3500005,1,1,12.0,68,true
2026-05-03,1,3,3500005,2,1,10.0,57,true
2026-05-03,1,3,3500005,3,1,12.0,68,true
2026-05-03,1,3,3500005,4,1,13.0,74,true
2026-05-03,1,3,3500005,5,1,10.0,57,true
2026-05-03,1,3,3500005,6,1,21.0,119,true
2026-05-03,1,3,3500005,7,1,7.0,40,true
2026-05-03,1,3,3500005,8,1,10.0,57,true
2026-05-03,1,3,3500005,9,1,11.0,63,true
2026-05-03,1,3,3500005,10,1,9.0,51,true
2026-05-03,1,3,3500005,11,1,12.0,68,true
2026-05-03,1,3,3500005,12,1,10.0,57,true
2026-05-03,1,3,3500005,13,1,17.0,97,true
2026-05-03,2,3,3501430,1,1,16.0,50,true
2026-05-03,2,3,3501430,2,1,12.0,38,true
2026-05-03,2,3,3501430,3,1,14.0,44,true
2026-05-03,2,3,3501430,4,1,16.0,50,true
2026-05-03,2,3,3501430,5,1,12.0,38,true
2026-05-03,2,3,3501430,6,1,21.0,66,true
2026-05-03,2,3,3501430,7,1,10.0,32,true
2026-05-03,2,3,3501430,8,1,7.0,22,true
2026-05-03,2,3,3501430,9,1,12.0,38,true
2026-05-03,2,3,3501430,10,1,8.0,25,true
2026-05-03,2,3,3501430,11,1,10.0,32,true
2026-05-03,2,3,3501430,12,1,14.0,44,true
2026-05-03,2,3,3501430,13,1,19.0,60,true
2026-05-03,4,3,3501430,1,1,20.0,63,true
2026-05-03,4,3,3501430,2,1,16.0,50,true
2026-05-03,4,3,3501430,3,1,12.0,38,true
2026-05-03,4,3,3501430,4,1,10.0,32,true
2026-05-03,4,3,3501430,5,1,8.0,25,true
2026-05-03,4,3,3501430,6,1,22.0,69,true
2026-05-03,4,3,3501430,7,1,12.0,38,true
2026-05-03,4,3,3501430,8,1,10.0,32,true
2026-05-03,4,3,3501430,9,1,14.0,44,true
2026-05-03,4,3,3501430,10,1,10.0,32,true
2026-05-03,4,3,3501430,11,1,11.0,35,true
2026-05-03,4,3,3501430,12,1,14.0,44,true
2026-05-03,4,3,3501430,13,1,17.0,53,true
2026-05-03,1,2,3500005,1,1,30.0,170,true
2026-05-03,1,2,3500005,2,1,19.0,108,true
2026-05-03,1,2,3500005,3,1,10.0,57,true
2026-05-03,1,2,3500005,4,1,15.0,85,true
2026-05-03,1,2,3500005,5,1,12.0,68,true
2026-05-03,1,2,3500005,6,1,20.0,113,true
2026-05-03,1,2,3500005,7,1,8.0,46,true
2026-05-03,1,2,3500005,8,1,9.0,51,true
2026-05-03,1,2,3500005,9,1,10.0,57,true
2026-05-03,1,2,3500005,10,1,13.0,74,true
2026-05-03,1,2,3500005,11,1,15.0,85,true
2026-05-03,1,2,3500005,12,1,14.0,80,true
2026-05-03,1,2,3500005,13,1,25.0,142,true
2026-05-03,2,2,3501430,1,1,50.0,156,true
2026-05-03,2,2,3501430,2,1,19.0,60,true
2026-05-03,2,2,3501430,3,1,20.0,63,true
2026-05-03,2,2,3501430,4,1,11.0,35,true
2026-05-03,2,2,3501430,5,1,13.0,41,true
2026-05-03,2,2,3501430,6,1,24.0,75,true
2026-05-03,2,2,3501430,7,1,16.0,50,true
2026-05-03,2,2,3501430,8,1,13.0,41,true
2026-05-03,2,2,3501430,9,1,12.0,38,true
2026-05-03,2,2,3501430,10,1,11.0,35,true
2026-05-03,2,2,3501430,11,1,9.0,29,true
2026-05-03,2,2,3501430,12,1,10.0,32,true
2026-05-03,2,2,3501430,13,1,14.0,44,true
2026-05-04,1,1,3500005,1,1,10.0,57,true
2026-05-04,1,1,3500005,2,1,6.0,34,true
2026-05-04,1,1,3500005,3,1,9.0,51,true
2026-05-04,1,1,3500005,4,1,8.0,46,true
2026-05-04,1,1,3500005,5,1,10.0,57,true
2026-05-04,1,1,3500005,6,1,23.0,130,true
2026-05-04,1,1,3500005,7,1,10.0,57,true
2026-05-04,1,1,3500005,8,1,11.0,63,true
2026-05-04,1,1,3500005,9,1,12.0,68,true
2026-05-04,1,1,3500005,10,1,10.0,57,true
2026-05-04,1,1,3500005,11,1,11.0,63,true
2026-05-04,1,1,3500005,12,1,12.0,68,true
2026-05-04,1,1,3500005,13,1,10.0,57,true
2026-05-04,4,1,3501430,1,1,16.0,50,true
2026-05-04,4,1,3501430,2,1,12.0,38,true
2026-05-04,4,1,3501430,3,1,10.0,32,true
2026-05-04,4,1,3501430,4,1,11.0,35,true
2026-05-04,4,1,3501430,5,1,12.0,38,true
2026-05-04,4,1,3501430,6,1,26.0,82,true
2026-05-04,4,1,3501430,7,1,12.0,38,true
2026-05-04,4,1,3501430,8,1,14.0,44,true
2026-05-04,4,1,3501430,9,1,16.0,50,true
2026-05-04,4,1,3501430,10,1,10.0,32,true
2026-05-04,4,1,3501430,11,1,11.0,35,true
2026-05-04,4,1,3501430,12,1,12.0,38,true
2026-05-04,4,1,3501430,13,1,14.0,44,true
2026-05-04,6,1,3500888,1,1,20.0,33,true
2026-05-04,6,1,3500888,2,1,21.0,34,true
2026-05-04,6,1,3500888,3,1,16.0,26,true
2026-05-04,6,1,3500888,4,1,18.0,30,true
2026-05-04,6,1,3500888,5,1,19.0,31,true
2026-05-04,6,1,3500888,6,1,21.0,34,true
2026-05-04,6,1,3500888,7,1,11.0,18,true
2026-05-04,6,1,3500888,8,1,12.0,20,true
2026-05-04,6,1,3500888,9,1,10.0,17,true
2026-05-04,6,1,3500888,10,1,11.0,18,true
2026-05-04,6,1,3500888,11,1,12.0,20,true
2026-05-04,6,1,3500888,12,1,10.0,17,true
2026-05-04,6,1,3500888,13,1,11.0,18,true
2026-05-04,1,2,3500005,1,1,12.0,68,true
2026-05-04,1,2,3500005,2,1,10.0,57,true
2026-05-04,1,2,3500005,3,1,14.0,80,true
2026-05-04,1,2,3500005,4,1,16.0,91,true
2026-05-04,1,2,3500005,5,1,24.0,136,true
2026-05-04,1,2,3500005,6,1,24.0,136,true
2026-05-04,1,2,3500005,7,1,12.0,68,true
2026-05-04,1,2,3500005,8,1,10.0,57,true
2026-05-04,1,2,3500005,9,1,7.0,40,true
2026-05-04,1,2,3500005,10,1,14.0,80,true
2026-05-04,1,2,3500005,11,1,10.0,57,true
2026-05-04,1,2,3500005,12,1,14.0,80,true
2026-05-04,1,2,3500005,13,1,23.0,130,true
2026-05-04,4,2,3500446,1,1,20.0,87,true
2026-05-04,4,2,3500446,2,1,14.0,61,true
2026-05-04,4,2,3500446,3,1,16.0,69,true
2026-05-04,4,2,3500446,4,1,16.0,69,true
2026-05-04,4,2,3500446,5,1,10.0,44,true
2026-05-04,4,2,3500446,6,1,19.0,82,true
2026-05-04,4,2,3500446,7,1,12.0,52,true
2026-05-04,4,2,3500446,8,1,10.0,44,true
2026-05-04,4,2,3500446,9,1,10.0,44,true
2026-05-04,4,2,3500446,10,1,11.0,48,true
2026-05-04,4,2,3500446,11,1,10.0,44,true
2026-05-04,4,2,3500446,12,1,14.0,61,true
2026-05-04,4,2,3500446,13,1,24.0,104,true
2026-05-04,6,2,3500888,1,1,18.0,30,true
2026-05-04,6,2,3500888,2,1,26.0,42,true
2026-05-04,6,2,3500888,3,1,16.0,26,true
2026-05-04,6,2,3500888,4,1,14.0,23,true
2026-05-04,6,2,3500888,5,1,10.0,17,true
2026-05-04,6,2,3500888,6,1,26.0,42,true
2026-05-04,6,2,3500888,7,1,10.0,17,true
2026-05-04,6,2,3500888,8,1,10.0,17,true
2026-05-04,6,2,3500888,9,1,8.0,13,true
2026-05-04,6,2,3500888,10,1,5.0,9,true
2026-05-04,6,2,3500888,11,1,14.0,23,true
2026-05-04,6,2,3500888,12,1,16.0,26,true
2026-05-04,6,2,3500888,13,1,28.0,46,true
2026-05-05,1,3,3500005,1,1,20.0,113,true
2026-05-05,1,3,3500005,2,1,15.0,85,true
2026-05-05,1,3,3500005,3,1,14.0,80,true
2026-05-05,1,3,3500005,4,1,22.0,125,true
2026-05-05,1,3,3500005,5,1,20.0,113,true
2026-05-05,1,3,3500005,6,1,25.0,142,true
2026-05-05,1,3,3500005,7,1,15.0,85,true
2026-05-05,1,3,3500005,8,1,18.0,102,true
2026-05-05,1,3,3500005,9,1,20.0,113,true
2026-05-05,1,3,3500005,10,1,13.0,74,true
2026-05-05,1,3,3500005,11,1,10.0,57,true
2026-05-05,1,3,3500005,12,1,11.0,63,true
2026-05-05,1,3,3500005,13,1,19.0,108,true
2026-05-05,2,3,3500162,1,1,30.0,143,true
2026-05-05,2,3,3500162,2,1,35.0,167,true
2026-05-05,2,3,3500162,3,1,22.0,105,true
2026-05-05,2,3,3500162,4,1,18.0,86,true
2026-05-05,2,3,3500162,5,1,16.0,77,true
2026-05-05,2,3,3500162,6,1,31.0,148,true
2026-05-05,2,3,3500162,7,1,22.0,105,true
2026-05-05,2,3,3500162,8,1,17.0,81,true
2026-05-05,2,3,3500162,9,1,20.0,96,true
2026-05-05,2,3,3500162,10,1,23.0,110,true
2026-05-05,2,3,3500162,11,1,16.0,77,true
2026-05-05,2,3,3500162,12,1,15.0,72,true
2026-05-05,2,3,3500162,13,1,19.0,91,true
2026-05-05,4,3,3500446,1,1,35.0,151,true
2026-05-05,4,3,3500446,2,1,2.0,9,true
2026-05-05,4,3,3500446,3,1,22.0,95,true
2026-05-05,4,3,3500446,4,1,20.0,87,true
2026-05-05,4,3,3500446,5,1,19.0,82,true
2026-05-05,4,3,3500446,6,1,28.0,121,true
2026-05-05,4,3,3500446,7,1,20.0,87,true
2026-05-05,4,3,3500446,8,1,13.0,57,true
2026-05-05,4,3,3500446,9,1,15.0,65,true
2026-05-05,4,3,3500446,10,1,22.0,95,true
2026-05-05,4,3,3500446,11,1,13.0,57,true
2026-05-05,4,3,3500446,12,1,10.0,44,true
2026-05-05,4,3,3500446,13,1,17.0,74,true
2026-05-05,6,3,3500888,1,1,50.0,81,true
2026-05-05,6,3,3500888,2,1,43.0,70,true
2026-05-05,6,3,3500888,3,1,30.0,49,true
2026-05-05,6,3,3500888,4,1,24.0,39,true
2026-05-05,6,3,3500888,5,1,20.0,33,true
2026-05-05,6,3,3500888,6,1,32.0,52,true
2026-05-05,6,3,3500888,7,1,35.0,57,true
2026-05-05,6,3,3500888,8,1,24.0,39,true
2026-05-05,6,3,3500888,9,1,24.0,39,true
2026-05-05,6,3,3500888,10,1,21.0,34,true
2026-05-05,6,3,3500888,11,1,16.0,26,true
2026-05-05,6,3,3500888,12,1,10.0,17,true
2026-05-05,6,3,3500888,13,1,24.0,39,true
2026-05-05,1,1,3500005,1,1,9.0,51,true
2026-05-05,1,1,3500005,2,1,8.0,46,true
2026-05-05,1,1,3500005,3,1,6.0,34,true
2026-05-05,1,1,3500005,4,1,10.0,57,true
2026-05-05,1,1,3500005,5,1,11.0,63,true
2026-05-05,1,1,3500005,6,1,12.0,68,true
2026-05-05,1,1,3500005,7,1,6.0,34,true
2026-05-05,1,1,3500005,8,1,8.0,46,true
2026-05-05,1,1,3500005,9,1,9.0,51,true
2026-05-05,1,1,3500005,10,1,5.0,29,true
2026-05-05,1,1,3500005,11,1,10.0,57,true
2026-05-05,1,1,3500005,12,1,11.0,63,true
2026-05-05,1,1,3500005,13,1,12.0,68,true
2026-05-05,2,1,3500162,1,1,10.0,48,true
2026-05-05,2,1,3500162,2,1,6.0,29,true
2026-05-05,2,1,3500162,3,1,5.0,24,true
2026-05-05,2,1,3500162,4,1,4.0,20,true
2026-05-05,2,1,3500162,5,1,8.0,39,true
2026-05-05,2,1,3500162,6,1,19.0,91,true
2026-05-05,2,1,3500162,7,1,11.0,53,true
2026-05-05,2,1,3500162,8,1,12.0,58,true
2026-05-05,2,1,3500162,9,1,10.0,48,true
2026-05-05,2,1,3500162,10,1,11.0,53,true
2026-05-05,2,1,3500162,11,1,4.0,20,true
2026-05-05,2,1,3500162,12,1,2.0,10,true
2026-05-05,2,1,3500162,13,1,4.0,20,true
2026-05-05,4,1,3500446,1,1,20.0,87,true
2026-05-05,4,1,3500446,2,1,24.0,104,true
2026-05-05,4,1,3500446,3,1,16.0,69,true
2026-05-05,4,1,3500446,4,1,18.0,78,true
2026-05-05,4,1,3500446,5,1,12.0,52,true
2026-05-05,4,1,3500446,6,1,30.0,130,true
2026-05-05,4,1,3500446,7,1,10.0,44,true
2026-05-05,4,1,3500446,8,1,12.0,52,true
2026-05-05,4,1,3500446,9,1,14.0,61,true
2026-05-05,4,1,3500446,10,1,10.0,44,true
2026-05-05,4,1,3500446,11,1,11.0,48,true
2026-05-05,4,1,3500446,12,1,12.0,52,true
2026-05-05,4,1,3500446,13,1,10.0,44,true
2026-05-05,6,1,3500888,1,1,20.0,33,true
2026-05-05,6,1,3500888,2,1,16.0,26,true
2026-05-05,6,1,3500888,3,1,18.0,30,true
2026-05-05,6,1,3500888,4,1,12.0,20,true
2026-05-05,6,1,3500888,5,1,10.0,17,true
2026-05-05,6,1,3500888,6,1,23.0,38,true
2026-05-05,6,1,3500888,7,1,10.0,17,true
2026-05-05,6,1,3500888,8,1,11.0,18,true
2026-05-05,6,1,3500888,9,1,12.0,20,true
2026-05-05,6,1,3500888,10,1,10.0,17,true
2026-05-05,6,1,3500888,11,1,20.0,33,true
2026-05-05,6,1,3500888,12,1,11.0,18,true
2026-05-05,6,1,3500888,13,1,16.0,26,true
2026-05-06,1,3,3500005,1,1,10.0,57,true
2026-05-06,1,3,3500005,2,1,9.0,51,true
2026-05-06,1,3,3500005,3,1,11.0,63,true
2026-05-06,1,3,3500005,4,1,12.0,68,true
2026-05-06,1,3,3500005,5,1,8.0,46,true
2026-05-06,1,3,3500005,6,1,27.0,153,true
2026-05-06,1,3,3500005,7,1,13.0,74,true
2026-05-06,1,3,3500005,8,1,16.0,91,true
2026-05-06,1,3,3500005,9,1,19.0,108,true
2026-05-06,1,3,3500005,10,1,12.0,68,true
2026-05-06,1,3,3500005,11,1,14.0,80,true
2026-05-06,1,3,3500005,12,1,12.0,68,true
2026-05-06,1,3,3500005,13,1,20.0,113,true
2026-05-06,2,3,3500162,1,1,9.0,43,true
2026-05-06,2,3,3500162,2,1,12.0,58,true
2026-05-06,2,3,3500162,3,1,10.0,48,true
2026-05-06,2,3,3500162,4,1,13.0,62,true
2026-05-06,2,3,3500162,5,1,12.0,58,true
2026-05-06,2,3,3500162,6,1,20.0,96,true
2026-05-06,2,3,3500162,7,1,15.0,72,true
2026-05-06,2,3,3500162,8,1,11.0,53,true
2026-05-06,2,3,3500162,9,1,10.0,48,true
2026-05-06,2,3,3500162,10,1,9.0,43,true
2026-05-06,2,3,3500162,11,1,12.0,58,true
2026-05-06,2,3,3500162,12,1,25.0,120,true
2026-05-06,2,3,3500162,13,1,15.0,72,true
2026-05-06,4,3,3501226,1,1,15.0,82,true
2026-05-06,4,3,3501226,2,1,18.0,98,true
2026-05-06,4,3,3501226,3,1,16.0,87,true
2026-05-06,4,3,3501226,4,1,14.0,76,true
2026-05-06,4,3,3501226,5,1,17.0,92,true
2026-05-06,4,3,3501226,6,1,36.0,195,true
2026-05-06,4,3,3501226,7,1,18.0,98,true
2026-05-06,4,3,3501226,8,1,19.0,103,true
2026-05-06,4,3,3501226,9,1,17.0,92,true
2026-05-06,4,3,3501226,10,1,15.0,82,true
2026-05-06,4,3,3501226,11,1,20.0,109,true
2026-05-06,4,3,3501226,12,1,30.0,163,true
2026-05-06,4,3,3501226,13,1,10.0,55,true
2026-05-06,6,3,3500888,1,1,18.0,30,true
2026-05-06,6,3,3500888,2,1,20.0,33,true
2026-05-06,6,3,3500888,3,1,25.0,41,true
2026-05-06,6,3,3500888,4,1,20.0,33,true
2026-05-06,6,3,3500888,5,1,15.0,25,true
2026-05-06,6,3,3500888,6,1,30.0,49,true
2026-05-06,6,3,3500888,7,1,25.0,41,true
2026-05-06,6,3,3500888,8,1,20.0,33,true
2026-05-06,6,3,3500888,9,1,15.0,25,true
2026-05-06,6,3,3500888,10,1,12.0,20,true
2026-05-06,6,3,3500888,11,1,18.0,30,true
2026-05-06,6,3,3500888,12,1,15.0,25,true
2026-05-06,6,3,3500888,13,1,20.0,33,true
2026-05-05,1,2,3500005,1,1,14.0,80,true
2026-05-05,1,2,3500005,2,1,18.0,102,true
2026-05-05,1,2,3500005,3,1,22.0,125,true
2026-05-05,1,2,3500005,4,1,24.0,136,true
2026-05-05,1,2,3500005,5,1,32.0,181,true
2026-05-05,1,2,3500005,6,1,26.0,147,true
2026-05-05,1,2,3500005,7,1,16.0,91,true
2026-05-05,1,2,3500005,8,1,12.0,68,true
2026-05-05,1,2,3500005,9,1,7.0,40,true
2026-05-05,1,2,3500005,10,1,18.0,102,true
2026-05-05,1,2,3500005,11,1,12.0,68,true
2026-05-05,1,2,3500005,12,1,16.0,91,true
2026-05-05,1,2,3500005,13,1,38.0,215,true
2026-05-05,2,2,3500162,1,1,22.0,105,true
2026-05-05,2,2,3500162,2,1,18.0,86,true
2026-05-05,2,2,3500162,3,1,15.0,72,true
2026-05-05,2,2,3500162,4,1,12.0,58,true
2026-05-05,2,2,3500162,5,1,14.0,67,true
2026-05-05,2,2,3500162,6,1,22.0,105,true
2026-05-05,2,2,3500162,7,1,12.0,58,true
2026-05-05,2,2,3500162,8,1,14.0,67,true
2026-05-05,2,2,3500162,9,1,16.0,77,true
2026-05-05,2,2,3500162,10,1,10.0,48,true
2026-05-05,2,2,3500162,11,1,11.0,53,true
2026-05-05,2,2,3500162,12,1,14.0,67,true
2026-05-05,2,2,3500162,13,1,17.0,81,true
2026-05-05,4,2,3500446,1,1,24.0,104,true
2026-05-05,4,2,3500446,2,1,18.0,78,true
2026-05-05,4,2,3500446,3,1,32.0,138,true
2026-05-05,4,2,3500446,4,1,36.0,156,true
2026-05-05,4,2,3500446,5,1,22.0,95,true
2026-05-05,4,2,3500446,6,1,28.0,121,true
2026-05-05,4,2,3500446,7,1,22.0,95,true
2026-05-05,4,2,3500446,8,1,12.0,52,true
2026-05-05,4,2,3500446,9,1,14.0,61,true
2026-05-05,4,2,3500446,10,1,10.0,44,true
2026-05-05,4,2,3500446,11,1,10.0,44,true
2026-05-05,4,2,3500446,12,1,12.0,52,true
2026-05-05,4,2,3500446,13,1,32.0,138,true
2026-05-05,6,2,3500888,1,1,12.0,20,true
2026-05-05,6,2,3500888,2,1,24.0,39,true
2026-05-05,6,2,3500888,3,1,16.0,26,true
2026-05-05,6,2,3500888,4,1,26.0,42,true
2026-05-05,6,2,3500888,5,1,24.0,39,true
2026-05-05,6,2,3500888,6,1,28.0,46,true
2026-05-05,6,2,3500888,7,1,14.0,23,true
2026-05-05,6,2,3500888,8,1,12.0,20,true
2026-05-05,6,2,3500888,9,1,12.0,20,true
2026-05-05,6,2,3500888,10,1,14.0,23,true
2026-05-05,6,2,3500888,11,1,10.0,17,true
2026-05-05,6,2,3500888,12,1,12.0,20,true
2026-05-05,6,2,3500888,13,1,24.0,39,true
2026-05-06,1,1,3500005,1,1,10.0,57,true
2026-05-06,1,1,3500005,2,1,6.0,34,true
2026-05-06,1,1,3500005,3,1,9.0,51,true
2026-05-06,1,1,3500005,4,1,8.0,46,true
2026-05-06,1,1,3500005,5,1,10.0,57,true
2026-05-06,1,1,3500005,6,1,22.0,125,true
2026-05-06,1,1,3500005,7,1,10.0,57,true
2026-05-06,1,1,3500005,8,1,11.0,63,true
2026-05-06,1,1,3500005,9,1,12.0,68,true
2026-05-06,1,1,3500005,10,1,10.0,57,true
2026-05-06,1,1,3500005,11,1,11.0,63,true
2026-05-06,1,1,3500005,12,1,10.0,57,true
2026-05-06,1,1,3500005,13,1,11.0,63,true
2026-05-06,2,1,3500162,1,1,10.0,48,true
2026-05-06,2,1,3500162,2,1,16.0,77,true
2026-05-06,2,1,3500162,3,1,9.0,43,true
2026-05-06,2,1,3500162,4,1,8.0,39,true
2026-05-06,2,1,3500162,5,1,6.0,29,true
2026-05-06,2,1,3500162,6,1,9.0,43,true
2026-05-06,2,1,3500162,7,1,6.0,29,true
2026-05-06,2,1,3500162,8,1,8.0,39,true
2026-05-06,2,1,3500162,9,1,9.0,43,true
2026-05-06,2,1,3500162,10,1,10.0,48,true
2026-05-06,2,1,3500162,11,1,10.0,48,true
2026-05-06,2,1,3500162,12,1,8.0,39,true
2026-05-06,2,1,3500162,13,1,9.0,43,true
2026-05-06,4,1,3501226,1,1,16.0,87,true
2026-05-06,4,1,3501226,2,1,20.0,109,true
2026-05-06,4,1,3501226,3,1,12.0,65,true
2026-05-06,4,1,3501226,4,1,14.0,76,true
2026-05-06,4,1,3501226,5,1,10.0,55,true
2026-05-06,4,1,3501226,6,1,23.0,125,true
2026-05-06,4,1,3501226,7,1,16.0,87,true
2026-05-06,4,1,3501226,8,1,18.0,98,true
2026-05-06,4,1,3501226,9,1,10.0,55,true
2026-05-06,4,1,3501226,10,1,11.0,60,true
2026-05-06,4,1,3501226,11,1,12.0,65,true
2026-05-06,4,1,3501226,12,1,14.0,76,true
2026-05-06,4,1,3501226,13,1,10.0,55,true
2026-05-06,6,1,3500888,1,1,16.0,26,true
2026-05-06,6,1,3500888,2,1,18.0,30,true
2026-05-06,6,1,3500888,3,1,19.0,31,true
2026-05-06,6,1,3500888,4,1,20.0,33,true
2026-05-06,6,1,3500888,5,1,21.0,34,true
2026-05-06,6,1,3500888,6,1,10.0,17,true
2026-05-06,6,1,3500888,7,1,9.0,15,true
2026-05-06,6,1,3500888,8,1,10.0,17,true
2026-05-06,6,1,3500888,9,1,11.0,18,true
2026-05-06,6,1,3500888,10,1,14.0,23,true
2026-05-06,6,1,3500888,11,1,15.0,25,true
2026-05-06,6,1,3500888,12,1,10.0,17,true
2026-05-06,6,1,3500888,13,1,11.0,18,true
2026-05-06,1,2,3500005,1,1,10.0,57,true
2026-05-06,1,2,3500005,2,1,16.0,91,true
2026-05-06,1,2,3500005,3,1,18.0,102,true
2026-05-06,1,2,3500005,4,1,20.0,113,true
2026-05-06,1,2,3500005,5,1,16.0,91,true
2026-05-06,1,2,3500005,6,1,27.0,153,true
2026-05-06,1,2,3500005,7,1,10.0,57,true
2026-05-06,1,2,3500005,8,1,11.0,63,true
2026-05-06,1,2,3500005,9,1,10.0,57,true
2026-05-06,1,2,3500005,10,1,7.0,40,true
2026-05-06,1,2,3500005,11,1,8.0,46,true
2026-05-06,1,2,3500005,12,1,12.0,68,true
2026-05-06,1,2,3500005,13,1,23.0,130,true
2026-05-06,2,2,3500162,1,1,26.0,124,true
2026-05-06,2,2,3500162,2,1,18.0,86,true
2026-05-06,2,2,3500162,3,1,14.0,67,true
2026-05-06,2,2,3500162,4,1,9.0,43,true
2026-05-06,2,2,3500162,5,1,11.0,53,true
2026-05-06,2,2,3500162,6,1,23.0,110,true
2026-05-06,2,2,3500162,7,1,10.0,48,true
2026-05-06,2,2,3500162,8,1,8.0,39,true
2026-05-06,2,2,3500162,9,1,14.0,67,true
2026-05-06,2,2,3500162,10,1,7.0,34,true
2026-05-06,2,2,3500162,11,1,9.0,43,true
2026-05-06,2,2,3500162,12,1,12.0,58,true
2026-05-06,2,2,3500162,13,1,12.0,58,true
2026-05-06,4,2,3501226,1,1,26.0,141,true
2026-05-06,4,2,3501226,2,1,19.0,103,true
2026-05-06,4,2,3501226,3,1,14.0,76,true
2026-05-06,4,2,3501226,4,1,26.0,141,true
2026-05-06,4,2,3501226,5,1,18.0,98,true
2026-05-06,4,2,3501226,6,1,28.0,152,true
2026-05-06,4,2,3501226,7,1,12.0,65,true
2026-05-06,4,2,3501226,8,1,10.0,55,true
2026-05-06,4,2,3501226,9,1,20.0,109,true
2026-05-06,4,2,3501226,10,1,10.0,55,true
2026-05-06,4,2,3501226,11,1,8.0,44,true
2026-05-06,4,2,3501226,12,1,12.0,65,true
2026-05-06,4,2,3501226,13,1,20.0,109,true
2026-05-07,1,3,3500005,1,1,25.0,142,true
2026-05-07,1,3,3500005,2,1,20.0,113,true
2026-05-07,1,3,3500005,3,1,18.0,102,true
2026-05-07,1,3,3500005,4,1,19.0,108,true
2026-05-07,1,3,3500005,5,1,10.0,57,true
2026-05-07,1,3,3500005,6,1,25.0,142,true
2026-05-07,1,3,3500005,7,1,30.0,170,true
2026-05-07,1,3,3500005,8,1,24.0,136,true
2026-05-07,1,3,3500005,9,1,20.0,113,true
2026-05-07,1,3,3500005,10,1,13.0,74,true
2026-05-07,1,3,3500005,11,1,15.0,85,true
2026-05-07,1,3,3500005,12,1,20.0,113,true
2026-05-07,1,3,3500005,13,1,17.0,97,true
2026-05-07,2,3,3500162,1,1,35.0,167,true
2026-05-07,2,3,3500162,2,1,30.0,143,true
2026-05-07,2,3,3500162,3,1,20.0,96,true
2026-05-07,2,3,3500162,4,1,22.0,105,true
2026-05-07,2,3,3500162,5,1,24.0,115,true
2026-05-07,2,3,3500162,6,1,33.0,158,true
2026-05-07,2,3,3500162,7,1,30.0,143,true
2026-05-07,2,3,3500162,8,1,22.0,105,true
2026-05-07,2,3,3500162,9,1,18.0,86,true
2026-05-07,2,3,3500162,10,1,15.0,72,true
2026-05-07,2,3,3500162,11,1,22.0,105,true
2026-05-07,2,3,3500162,12,1,14.0,67,true
2026-05-07,2,3,3500162,13,1,18.0,86,true
2026-05-07,4,3,3501226,1,1,30.0,163,true
2026-05-07,4,3,3501226,2,1,29.0,157,true
2026-05-07,4,3,3501226,3,1,22.0,119,true
2026-05-07,4,3,3501226,4,1,26.0,141,true
2026-05-07,4,3,3501226,5,1,30.0,163,true
2026-05-07,4,3,3501226,6,1,35.0,190,true
2026-05-07,4,3,3501226,7,1,24.0,130,true
2026-05-07,4,3,3501226,8,1,19.0,103,true
2026-05-07,4,3,3501226,9,1,22.0,119,true
2026-05-07,4,3,3501226,10,1,18.0,98,true
2026-05-07,4,3,3501226,11,1,25.0,136,true
2026-05-07,4,3,3501226,12,1,16.0,87,true
2026-05-07,4,3,3501226,13,1,10.0,55,true
2026-05-07,1,2,3500005,1,1,12.0,68,true
2026-05-07,1,2,3500005,2,1,18.0,102,true
2026-05-07,1,2,3500005,3,1,22.0,125,true
2026-05-07,1,2,3500005,4,1,28.0,159,true
2026-05-07,1,2,3500005,5,1,24.0,136,true
2026-05-07,1,2,3500005,6,1,28.0,159,true
2026-05-07,1,2,3500005,7,1,12.0,68,true
2026-05-07,1,2,3500005,8,1,8.0,46,true
2026-05-07,1,2,3500005,9,1,9.0,51,true
2026-05-07,1,2,3500005,10,1,7.0,40,true
2026-05-07,1,2,3500005,11,1,9.0,51,true
2026-05-07,1,2,3500005,12,1,14.0,80,true
2026-05-07,1,2,3500005,13,1,23.0,130,true
2026-05-07,2,2,3500162,1,1,26.0,124,true
2026-05-07,2,2,3500162,2,1,18.0,86,true
2026-05-07,2,2,3500162,3,1,16.0,77,true
2026-05-07,2,2,3500162,4,1,10.0,48,true
2026-05-07,2,2,3500162,5,1,12.0,58,true
2026-05-07,2,2,3500162,6,1,24.0,115,true
2026-05-07,2,2,3500162,7,1,12.0,58,true
2026-05-07,2,2,3500162,8,1,8.0,39,true
2026-05-07,2,2,3500162,9,1,10.0,48,true
2026-05-07,2,2,3500162,10,1,8.0,39,true
2026-05-07,2,2,3500162,11,1,12.0,58,true
2026-05-07,2,2,3500162,12,1,16.0,77,true
2026-05-07,2,2,3500162,13,1,15.0,72,true
2026-05-07,4,2,3501226,1,1,26.0,141,true
2026-05-07,4,2,3501226,2,1,18.0,98,true
2026-05-07,4,2,3501226,3,1,14.0,76,true
2026-05-07,4,2,3501226,4,1,16.0,87,true
2026-05-07,4,2,3501226,5,1,12.0,65,true
2026-05-07,4,2,3501226,6,1,28.0,152,true
2026-05-07,4,2,3501226,7,1,12.0,65,true
2026-05-07,4,2,3501226,8,1,10.0,55,true
2026-05-07,4,2,3501226,9,1,20.0,109,true
2026-05-07,4,2,3501226,10,1,12.0,65,true
2026-05-07,4,2,3501226,11,1,11.0,60,true
2026-05-07,4,2,3501226,12,1,16.0,87,true
2026-05-07,4,2,3501226,13,1,26.0,141,true
2026-05-08,1,3,3500005,1,1,20.0,113,true
2026-05-08,1,3,3500005,2,1,22.0,125,true
2026-05-08,1,3,3500005,3,1,16.0,91,true
2026-05-08,1,3,3500005,4,1,14.0,80,true
2026-05-08,1,3,3500005,5,1,20.0,113,true
2026-05-08,1,3,3500005,6,1,11.0,63,true
2026-05-08,1,3,3500005,7,1,24.0,136,true
2026-05-08,1,3,3500005,8,1,18.0,102,true
2026-05-08,1,3,3500005,9,1,16.0,91,true
2026-05-08,1,3,3500005,10,1,20.0,113,true
2026-05-08,1,3,3500005,11,1,16.0,91,true
2026-05-08,1,3,3500005,12,1,14.0,80,true
2026-05-08,1,3,3500005,13,1,19.0,108,true
2026-05-08,2,3,3500162,1,1,30.0,143,true
2026-05-08,2,3,3500162,2,1,25.0,120,true
2026-05-08,2,3,3500162,3,1,20.0,96,true
2026-05-08,2,3,3500162,4,1,18.0,86,true
2026-05-08,2,3,3500162,5,1,13.0,62,true
2026-05-08,2,3,3500162,6,1,19.0,91,true
2026-05-08,2,3,3500162,7,1,24.0,115,true
2026-05-08,2,3,3500162,8,1,16.0,77,true
2026-05-08,2,3,3500162,9,1,12.0,58,true
2026-05-08,2,3,3500162,10,1,22.0,105,true
2026-05-08,2,3,3500162,11,1,20.0,96,true
2026-05-08,2,3,3500162,12,1,15.0,72,true
2026-05-08,2,3,3500162,13,1,28.0,134,true
2026-05-08,4,3,3501226,1,1,24.0,130,true
2026-05-08,4,3,3501226,2,1,18.0,98,true
2026-05-08,4,3,3501226,3,1,20.0,109,true
2026-05-08,4,3,3501226,4,1,15.0,82,true
2026-05-08,4,3,3501226,5,1,22.0,119,true
2026-05-08,4,3,3501226,6,1,14.0,76,true
2026-05-08,4,3,3501226,7,1,20.0,109,true
2026-05-08,4,3,3501226,8,1,15.0,82,true
2026-05-08,4,3,3501226,9,1,30.0,163,true
2026-05-08,4,3,3501226,10,1,15.0,82,true
2026-05-08,4,3,3501226,11,1,22.0,119,true
2026-05-08,4,3,3501226,12,1,14.0,76,true
2026-05-08,4,3,3501226,13,1,16.0,87,true
2026-05-08,1,1,3500005,1,1,10.0,57,true
2026-05-08,1,1,3500005,2,1,6.0,34,true
2026-05-08,1,1,3500005,3,1,8.0,46,true
2026-05-08,1,1,3500005,4,1,9.0,51,true
2026-05-08,1,1,3500005,5,1,10.0,57,true
2026-05-08,1,1,3500005,6,1,23.0,130,true
2026-05-08,1,1,3500005,7,1,10.0,57,true
2026-05-08,1,1,3500005,8,1,11.0,63,true
2026-05-08,1,1,3500005,9,1,10.0,57,true
2026-05-08,1,1,3500005,10,1,11.0,63,true
2026-05-08,1,1,3500005,11,1,6.0,34,true
2026-05-08,1,1,3500005,12,1,9.0,51,true
2026-05-08,1,1,3500005,13,1,5.0,29,true
2026-05-08,2,1,3500162,1,1,10.0,48,true
2026-05-08,2,1,3500162,2,1,20.0,96,true
2026-05-08,2,1,3500162,3,1,16.0,77,true
2026-05-08,2,1,3500162,4,1,18.0,86,true
2026-05-08,2,1,3500162,5,1,19.0,91,true
2026-05-08,2,1,3500162,6,1,25.0,120,true
2026-05-08,2,1,3500162,7,1,15.0,72,true
2026-05-08,2,1,3500162,8,1,18.0,86,true
2026-05-08,2,1,3500162,9,1,10.0,48,true
2026-05-08,2,1,3500162,10,1,11.0,53,true
2026-05-08,2,1,3500162,11,1,12.0,58,true
2026-05-08,2,1,3500162,12,1,10.0,48,true
2026-05-08,2,1,3500162,13,1,11.0,53,true
2026-05-08,4,1,3501226,1,1,16.0,87,true
2026-05-08,4,1,3501226,2,1,18.0,98,true
2026-05-08,4,1,3501226,3,1,19.0,103,true
2026-05-08,4,1,3501226,4,1,21.0,114,true
2026-05-08,4,1,3501226,5,1,26.0,141,true
2026-05-08,4,1,3501226,6,1,10.0,55,true
2026-05-08,4,1,3501226,7,1,19.0,103,true
2026-05-08,4,1,3501226,8,1,16.0,87,true
2026-05-08,4,1,3501226,9,1,12.0,65,true
2026-05-08,4,1,3501226,10,1,16.0,87,true
2026-05-08,4,1,3501226,11,1,11.0,60,true
2026-05-08,4,1,3501226,12,1,12.0,65,true
2026-05-08,4,1,3501226,13,1,11.0,60,true
2026-05-08,1,1,3500005,1,2,10.0,57,true
2026-05-08,1,1,3500005,2,2,18.0,102,true
2026-05-08,1,1,3500005,3,2,16.0,91,true
2026-05-08,1,1,3500005,4,2,19.0,108,true
2026-05-08,1,1,3500005,5,2,15.0,85,true
2026-05-08,1,1,3500005,6,2,25.0,142,true
2026-05-08,1,1,3500005,7,2,12.0,68,true
2026-05-08,1,1,3500005,8,2,10.0,57,true
2026-05-08,1,1,3500005,9,2,10.0,57,true
2026-05-08,1,1,3500005,10,2,16.0,91,true
2026-05-08,1,1,3500005,11,2,12.0,68,true
2026-05-08,1,1,3500005,12,2,18.0,102,true
2026-05-08,1,1,3500005,13,2,26.0,147,true
2026-05-08,2,1,3500162,1,2,22.0,105,true
2026-05-08,2,1,3500162,2,2,16.0,77,true
2026-05-08,2,1,3500162,3,2,14.0,67,true
2026-05-08,2,1,3500162,4,2,12.0,58,true
2026-05-08,2,1,3500162,5,2,11.0,53,true
2026-05-08,2,1,3500162,6,2,24.0,115,true
2026-05-08,2,1,3500162,7,2,10.0,48,true
2026-05-08,2,1,3500162,8,2,11.0,53,true
2026-05-08,2,1,3500162,9,2,14.0,67,true
2026-05-08,2,1,3500162,10,2,10.0,48,true
2026-05-08,2,1,3500162,11,2,12.0,58,true
2026-05-08,2,1,3500162,12,2,18.0,86,true
2026-05-08,2,1,3500162,13,2,17.0,81,true
2026-05-08,4,1,3501226,1,2,26.0,141,true
2026-05-08,4,1,3501226,2,2,18.0,98,true
2026-05-08,4,1,3501226,3,2,14.0,76,true
2026-05-08,4,1,3501226,4,2,26.0,141,true
2026-05-08,4,1,3501226,5,2,16.0,87,true
2026-05-08,4,1,3501226,6,2,24.0,130,true
2026-05-08,4,1,3501226,7,2,16.0,87,true
2026-05-08,4,1,3501226,8,2,123.0,665,true
2026-05-08,4,1,3501226,9,2,22.0,119,true
2026-05-08,4,1,3501226,10,2,10.0,55,true
2026-05-08,4,1,3501226,11,2,12.0,65,true
2026-05-08,4,1,3501226,12,2,18.0,98,true
2026-05-08,4,1,3501226,13,2,26.0,141,true
2026-05-09,1,3,3500005,1,1,24.0,136,true
2026-05-09,1,3,3500005,2,1,30.0,170,true
2026-05-09,1,3,3500005,3,1,15.0,85,true
2026-05-09,1,3,3500005,4,1,14.0,80,true
2026-05-09,1,3,3500005,5,1,10.0,57,true
2026-05-09,1,3,3500005,6,1,16.0,91,true
2026-05-09,1,3,3500005,7,1,30.0,170,true
2026-05-09,1,3,3500005,8,1,22.0,125,true
2026-05-09,1,3,3500005,9,1,15.0,85,true
2026-05-09,1,3,3500005,10,1,13.0,74,true
2026-05-09,1,3,3500005,11,1,12.0,68,true
2026-05-09,1,3,3500005,12,1,10.0,57,true
2026-05-09,1,3,3500005,13,1,19.0,108,true
2026-05-09,2,3,3501430,1,1,20.0,63,true
2026-05-09,2,3,3501430,2,1,20.0,63,true
2026-05-09,2,3,3501430,3,1,16.0,50,true
2026-05-09,2,3,3501430,4,1,15.0,47,true
2026-05-09,2,3,3501430,5,1,22.0,69,true
2026-05-09,2,3,3501430,6,1,22.0,69,true
2026-05-09,2,3,3501430,7,1,24.0,75,true
2026-05-09,2,3,3501430,8,1,18.0,57,true
2026-05-09,2,3,3501430,9,1,15.0,47,true
2026-05-09,2,3,3501430,10,1,10.0,32,true
2026-05-09,2,3,3501430,11,1,15.0,47,true
2026-05-09,2,3,3501430,12,1,20.0,63,true
2026-05-09,2,3,3501430,13,1,22.0,69,true
2026-05-09,4,3,3501226,1,1,30.0,163,true
2026-05-09,4,3,3501226,2,1,20.0,109,true
2026-05-09,4,3,3501226,3,1,25.0,136,true
2026-05-09,4,3,3501226,4,1,16.0,87,true
2026-05-09,4,3,3501226,5,1,15.0,82,true
2026-05-09,4,3,3501226,6,1,17.0,92,true
2026-05-09,4,3,3501226,7,1,24.0,130,true
2026-05-09,4,3,3501226,8,1,22.0,119,true
2026-05-09,4,3,3501226,9,1,30.0,163,true
2026-05-09,4,3,3501226,10,1,33.0,179,true
2026-05-09,4,3,3501226,11,1,14.0,76,true
2026-05-09,4,3,3501226,12,1,24.0,130,true
2026-05-09,4,3,3501226,13,1,19.0,103,true
2026-05-09,1,1,3500005,1,1,10.0,57,true
2026-05-09,1,1,3500005,2,1,11.0,63,true
2026-05-09,1,1,3500005,3,1,10.0,57,true
2026-05-09,1,1,3500005,4,1,11.0,63,true
2026-05-09,1,1,3500005,5,1,6.0,34,true
2026-05-09,1,1,3500005,6,1,17.0,97,true
2026-05-09,1,1,3500005,7,1,5.0,29,true
2026-05-09,1,1,3500005,8,1,4.0,23,true
2026-05-09,1,1,3500005,9,1,6.0,34,true
2026-05-09,1,1,3500005,10,1,8.0,46,true
2026-05-09,1,1,3500005,11,1,12.0,68,true
2026-05-09,1,1,3500005,12,1,10.0,57,true
2026-05-09,1,1,3500005,13,1,11.0,63,true
2026-05-09,2,1,3501430,1,1,10.0,32,true
2026-05-09,2,1,3501430,2,1,10.0,32,true
2026-05-09,2,1,3501430,3,1,11.0,35,true
2026-05-09,2,1,3501430,4,1,10.0,32,true
2026-05-09,2,1,3501430,5,1,6.0,19,true
2026-05-09,2,1,3501430,6,1,17.0,53,true
2026-05-09,2,1,3501430,7,1,11.0,35,true
2026-05-09,2,1,3501430,8,1,12.0,38,true
2026-05-09,2,1,3501430,9,1,10.0,32,true
2026-05-09,2,1,3501430,10,1,11.0,35,true
2026-05-09,2,1,3501430,11,1,12.0,38,true
2026-05-09,2,1,3501430,12,1,11.0,35,true
2026-05-09,2,1,3501430,13,1,10.0,32,true
2026-05-09,4,1,3501226,1,1,20.0,109,true
2026-05-09,4,1,3501226,2,1,16.0,87,true
2026-05-09,4,1,3501226,3,1,18.0,98,true
2026-05-09,4,1,3501226,4,1,19.0,103,true
2026-05-09,4,1,3501226,5,1,11.0,60,true
2026-05-09,4,1,3501226,6,1,22.0,119,true
2026-05-09,4,1,3501226,7,1,11.0,60,true
2026-05-09,4,1,3501226,8,1,12.0,65,true
2026-05-09,4,1,3501226,9,1,10.0,55,true
2026-05-09,4,1,3501226,10,1,11.0,60,true
2026-05-09,4,1,3501226,11,1,11.0,60,true
2026-05-09,4,1,3501226,12,1,12.0,65,true
2026-05-09,4,1,3501226,13,1,10.0,55,true
2026-05-09,1,2,3500005,1,1,12.0,68,true
2026-05-09,1,2,3500005,2,1,16.0,91,true
2026-05-09,1,2,3500005,3,1,18.0,102,true
2026-05-09,1,2,3500005,4,1,20.0,113,true
2026-05-09,1,2,3500005,5,1,24.0,136,true
2026-05-09,1,2,3500005,6,1,30.0,170,true
2026-05-09,1,2,3500005,7,1,12.0,68,true
2026-05-09,1,2,3500005,8,1,10.0,57,true
2026-05-09,1,2,3500005,9,1,10.0,57,true
2026-05-09,1,2,3500005,10,1,12.0,68,true
2026-05-09,1,2,3500005,11,1,9.0,51,true
2026-05-09,1,2,3500005,12,1,14.0,80,true
2026-05-09,1,2,3500005,13,1,26.0,147,true
2026-05-09,2,2,3501430,1,1,22.0,69,true
2026-05-09,2,2,3501430,2,1,16.0,50,true
2026-05-09,2,2,3501430,3,1,18.0,57,true
2026-05-09,2,2,3501430,4,1,24.0,75,true
2026-05-09,2,2,3501430,5,1,16.0,50,true
2026-05-09,2,2,3501430,6,1,24.0,75,true
2026-05-09,2,2,3501430,7,1,12.0,38,true
2026-05-09,2,2,3501430,8,1,12.0,38,true
2026-05-09,2,2,3501430,9,1,16.0,50,true
2026-05-09,2,2,3501430,10,1,10.0,32,true
2026-05-09,2,2,3501430,11,1,12.0,38,true
2026-05-09,2,2,3501430,12,1,16.0,50,true
2026-05-09,2,2,3501430,13,1,22.0,69,true
2026-05-09,4,2,3501226,1,1,26.0,141,true
2026-05-09,4,2,3501226,2,1,34.0,184,true
2026-05-09,4,2,3501226,3,1,22.0,119,true
2026-05-09,4,2,3501226,4,1,36.0,195,true
2026-05-09,4,2,3501226,5,1,28.0,152,true
2026-05-09,4,2,3501226,6,1,30.0,163,true
2026-05-09,4,2,3501226,7,1,24.0,130,true
2026-05-09,4,2,3501226,8,1,12.0,65,true
2026-05-09,4,2,3501226,9,1,16.0,87,true
2026-05-09,4,2,3501226,10,1,10.0,55,true
2026-05-09,4,2,3501226,11,1,14.0,76,true
2026-05-09,4,2,3501226,12,1,16.0,87,true
2026-05-09,4,2,3501226,13,1,24.0,130,true
2026-05-11,1,2,3500005,1,1,10.0,57,true
2026-05-11,1,2,3500005,2,1,12.0,68,true
2026-05-11,1,2,3500005,3,1,9.0,51,true
2026-05-11,1,2,3500005,4,1,8.0,46,true
2026-05-11,1,2,3500005,5,1,6.0,34,true
2026-05-11,1,2,3500005,6,1,10.0,57,true
2026-05-11,1,2,3500005,7,1,11.0,63,true
2026-05-11,1,2,3500005,8,1,12.0,68,true
2026-05-11,1,2,3500005,9,1,10.0,57,true
2026-05-11,1,2,3500005,10,1,11.0,63,true
2026-05-11,1,2,3500005,11,1,12.0,68,true
2026-05-11,1,2,3500005,12,1,10.0,57,true
2026-05-11,1,2,3500005,13,1,6.0,34,true
2026-05-11,2,2,3501430,1,1,10.0,32,true
2026-05-11,2,2,3501430,2,1,6.0,19,true
2026-05-11,2,2,3501430,3,1,9.0,29,true
2026-05-11,2,2,3501430,4,1,8.0,25,true
2026-05-11,2,2,3501430,5,1,6.0,19,true
2026-05-11,2,2,3501430,6,1,5.0,16,true
2026-05-11,2,2,3501430,7,1,6.0,19,true
2026-05-11,2,2,3501430,8,1,9.0,29,true
2026-05-11,2,2,3501430,9,1,10.0,32,true
2026-05-11,2,2,3501430,10,1,11.0,35,true
2026-05-11,2,2,3501430,11,1,6.0,19,true
2026-05-11,2,2,3501430,12,1,8.0,25,true
2026-05-11,2,2,3501430,13,1,6.0,19,true
2026-05-11,1,1,3500005,1,1,10.0,57,true
2026-05-11,1,1,3500005,2,1,12.0,68,true
2026-05-11,1,1,3500005,3,1,7.0,40,true
2026-05-11,1,1,3500005,4,1,12.0,68,true
2026-05-11,1,1,3500005,5,1,6.0,34,true
2026-05-11,1,1,3500005,6,1,13.0,74,true
2026-05-11,1,1,3500005,7,1,10.0,57,true
2026-05-11,1,1,3500005,8,1,11.0,63,true
2026-05-11,1,1,3500005,9,1,15.0,85,true
2026-05-11,1,1,3500005,10,1,12.0,68,true
2026-05-11,1,1,3500005,11,1,8.0,46,true
2026-05-11,1,1,3500005,12,1,6.0,34,true
2026-05-11,1,1,3500005,13,1,20.0,113,true
2026-05-12,1,3,3500005,1,1,10.0,57,true
2026-05-12,1,3,3500005,2,1,6.0,34,true
2026-05-12,1,3,3500005,3,1,8.0,46,true
2026-05-12,1,3,3500005,4,1,9.0,51,true
2026-05-12,1,3,3500005,5,1,10.0,57,true
2026-05-12,1,3,3500005,6,1,21.0,119,true
2026-05-12,1,3,3500005,7,1,4.0,23,true
2026-05-12,1,3,3500005,8,1,6.0,34,true
2026-05-12,1,3,3500005,9,1,5.0,29,true
2026-05-12,1,3,3500005,10,1,8.0,46,true
2026-05-12,1,3,3500005,11,1,6.0,34,true
2026-05-12,1,3,3500005,12,1,5.0,29,true
2026-05-12,1,3,3500005,13,1,4.0,23,true
2026-05-12,2,3,3501430,1,1,6.0,19,true
2026-05-12,2,3,3501430,2,1,8.0,25,true
2026-05-12,2,3,3501430,3,1,9.0,29,true
2026-05-12,2,3,3501430,4,1,10.0,32,true
2026-05-12,2,3,3501430,5,1,11.0,35,true
2026-05-12,2,3,3501430,6,1,22.0,69,true
2026-05-12,2,3,3501430,7,1,6.0,19,true
2026-05-12,2,3,3501430,8,1,8.0,25,true
2026-05-12,2,3,3501430,9,1,9.0,29,true
2026-05-12,2,3,3501430,10,1,8.0,25,true
2026-05-12,2,3,3501430,11,1,10.0,32,true
2026-05-12,2,3,3501430,12,1,12.0,38,true
2026-05-12,2,3,3501430,13,1,10.0,32,true
2026-05-12,4,3,3500162,1,1,20.0,96,true
2026-05-12,4,3,3500162,2,1,18.0,86,true
2026-05-12,4,3,3500162,3,1,14.0,67,true
2026-05-12,4,3,3500162,4,1,16.0,77,true
2026-05-12,4,3,3500162,5,1,12.0,58,true
2026-05-12,4,3,3500162,6,1,35.0,167,true
2026-05-12,4,3,3500162,7,1,11.0,53,true
2026-05-12,4,3,3500162,8,1,10.0,48,true
2026-05-12,4,3,3500162,9,1,12.0,58,true
2026-05-12,4,3,3500162,10,1,14.0,67,true
2026-05-12,4,3,3500162,11,1,16.0,77,true
2026-05-12,4,3,3500162,12,1,11.0,53,true
2026-05-12,4,3,3500162,13,1,10.0,48,true
2026-05-12,6,3,3500888,1,1,20.0,33,true
2026-05-12,6,3,3500888,2,1,16.0,26,true
2026-05-12,6,3,3500888,3,1,18.0,30,true
2026-05-12,6,3,3500888,4,1,14.0,23,true
2026-05-12,6,3,3500888,5,1,20.0,33,true
2026-05-12,6,3,3500888,6,1,35.0,57,true
2026-05-12,6,3,3500888,7,1,11.0,18,true
2026-05-12,6,3,3500888,8,1,12.0,20,true
2026-05-12,6,3,3500888,9,1,10.0,17,true
2026-05-12,6,3,3500888,10,1,11.0,18,true
2026-05-12,6,3,3500888,11,1,12.0,20,true
2026-05-12,6,3,3500888,12,1,19.0,31,true
2026-05-12,6,3,3500888,13,1,11.0,18,true
2026-05-12,1,2,3500005,1,1,76.0,430,true
2026-05-12,1,2,3500005,2,1,10.0,57,true
2026-05-12,1,2,3500005,3,1,11.0,63,true
2026-05-12,1,2,3500005,4,1,14.0,80,true
2026-05-12,1,2,3500005,5,1,12.0,68,true
2026-05-12,1,2,3500005,6,1,19.0,108,true
2026-05-12,1,2,3500005,7,1,6.0,34,true
2026-05-12,1,2,3500005,8,1,7.0,40,true
2026-05-12,1,2,3500005,9,1,8.0,46,true
2026-05-12,1,2,3500005,10,1,7.0,40,true
2026-05-12,1,2,3500005,11,1,10.0,57,true
2026-05-12,1,2,3500005,12,1,11.0,63,true
2026-05-12,1,2,3500005,13,1,19.0,108,true
2026-05-12,2,2,3501430,1,1,12.0,38,true
2026-05-12,2,2,3501430,2,1,10.0,32,true
2026-05-12,2,2,3501430,3,1,12.0,38,true
2026-05-12,2,2,3501430,4,1,7.0,22,true
2026-05-12,2,2,3501430,5,1,6.0,19,true
2026-05-12,2,2,3501430,6,1,18.0,57,true
2026-05-12,2,2,3501430,7,1,8.0,25,true
2026-05-12,2,2,3501430,8,1,8.0,25,true
2026-05-12,2,2,3501430,9,1,12.0,38,true
2026-05-12,2,2,3501430,10,1,12.0,38,true
2026-05-12,2,2,3501430,11,1,7.0,22,true
2026-05-12,2,2,3501430,12,1,12.0,38,true
2026-05-12,2,2,3501430,13,1,11.0,35,true
2026-05-12,4,2,3500162,1,1,11.0,53,true
2026-05-12,4,2,3500162,2,1,12.0,58,true
2026-05-12,4,2,3500162,3,1,10.0,48,true
2026-05-12,4,2,3500162,4,1,8.0,39,true
2026-05-12,4,2,3500162,5,1,12.0,58,true
2026-05-12,4,2,3500162,6,1,16.0,77,true
2026-05-12,4,2,3500162,7,1,7.0,34,true
2026-05-12,4,2,3500162,8,1,10.0,48,true
2026-05-12,4,2,3500162,9,1,10.0,48,true
2026-05-12,4,2,3500162,10,1,7.0,34,true
2026-05-12,4,2,3500162,11,1,11.0,53,true
2026-05-12,4,2,3500162,12,1,16.0,77,true
2026-05-12,4,2,3500162,13,1,19.0,91,true
2026-05-12,6,2,3500888,1,1,12.0,20,true
2026-05-12,6,2,3500888,2,1,14.0,23,true
2026-05-12,6,2,3500888,3,1,8.0,13,true
2026-05-12,6,2,3500888,4,1,10.0,17,true
2026-05-12,6,2,3500888,5,1,12.0,20,true
2026-05-12,6,2,3500888,6,1,12.0,20,true
2026-05-12,6,2,3500888,7,1,11.0,18,true
2026-05-12,6,2,3500888,8,1,12.0,20,true
2026-05-12,6,2,3500888,9,1,13.0,21,true
2026-05-12,6,2,3500888,10,1,15.0,25,true
2026-05-12,6,2,3500888,11,1,17.0,28,true
2026-05-12,6,2,3500888,12,1,9.0,15,true
2026-05-12,6,2,3500888,13,1,13.0,21,true
2026-05-13,1,3,3500005,1,1,10.0,57,true
2026-05-13,1,3,3500005,2,1,10.0,57,true
2026-05-13,1,3,3500005,3,1,9.0,51,true
2026-05-13,1,3,3500005,4,1,8.0,46,true
2026-05-13,1,3,3500005,5,1,6.0,34,true
2026-05-13,1,3,3500005,6,1,9.0,51,true
2026-05-13,1,3,3500005,7,1,6.0,34,true
2026-05-13,1,3,3500005,8,1,9.0,51,true
2026-05-13,1,3,3500005,9,1,12.0,68,true
2026-05-13,1,3,3500005,10,1,10.0,57,true
2026-05-13,1,3,3500005,11,1,11.0,63,true
2026-05-13,1,3,3500005,12,1,12.0,68,true
2026-05-13,1,3,3500005,13,1,21.0,119,true
2026-05-13,2,3,3501430,1,1,10.0,32,true
2026-05-13,2,3,3501430,2,1,9.0,29,true
2026-05-13,2,3,3501430,3,1,8.0,25,true
2026-05-13,2,3,3501430,4,1,6.0,19,true
2026-05-13,2,3,3501430,5,1,5.0,16,true
2026-05-13,2,3,3501430,6,1,10.0,32,true
2026-05-13,2,3,3501430,7,1,11.0,35,true
2026-05-13,2,3,3501430,8,1,12.0,38,true
2026-05-13,2,3,3501430,9,1,10.0,32,true
2026-05-13,2,3,3501430,10,1,11.0,35,true
2026-05-13,2,3,3501430,11,1,6.0,19,true
2026-05-13,2,3,3501430,12,1,9.0,29,true
2026-05-13,2,3,3501430,13,1,8.0,25,true
2026-05-13,4,3,3500162,1,1,10.0,48,true
2026-05-13,4,3,3500162,2,1,16.0,77,true
2026-05-13,4,3,3500162,3,1,14.0,67,true
2026-05-13,4,3,3500162,4,1,10.0,48,true
2026-05-13,4,3,3500162,5,1,11.0,53,true
2026-05-13,4,3,3500162,6,1,22.0,105,true
2026-05-13,4,3,3500162,7,1,11.0,53,true
2026-05-13,4,3,3500162,8,1,10.0,48,true
2026-05-13,4,3,3500162,9,1,11.0,53,true
2026-05-13,4,3,3500162,10,1,12.0,58,true
2026-05-13,4,3,3500162,11,1,10.0,48,true
2026-05-13,4,3,3500162,12,1,11.0,53,true
2026-05-13,4,3,3500162,13,1,11.0,53,true
2026-05-13,6,3,3500888,1,1,20.0,33,true
2026-05-13,6,3,3500888,2,1,21.0,34,true
2026-05-13,6,3,3500888,3,1,16.0,26,true
2026-05-13,6,3,3500888,4,1,18.0,30,true
2026-05-13,6,3,3500888,5,1,19.0,31,true
2026-05-13,6,3,3500888,6,1,21.0,34,true
2026-05-13,6,3,3500888,7,1,12.0,20,true
2026-05-13,6,3,3500888,8,1,10.0,17,true
2026-05-13,6,3,3500888,9,1,11.0,18,true
2026-05-13,6,3,3500888,10,1,12.0,20,true
2026-05-13,6,3,3500888,11,1,10.0,17,true
2026-05-13,6,3,3500888,12,1,11.0,18,true
2026-05-13,6,3,3500888,13,1,11.0,18,true
2026-05-13,1,2,3500005,1,1,10.0,57,true
2026-05-13,1,2,3500005,2,1,11.0,63,true
2026-05-13,1,2,3500005,3,1,13.0,74,true
2026-05-13,1,2,3500005,4,1,10.0,57,true
2026-05-13,1,2,3500005,5,1,9.0,51,true
2026-05-13,1,2,3500005,6,1,14.0,80,true
2026-05-13,1,2,3500005,7,1,11.0,63,true
2026-05-13,1,2,3500005,8,1,9.0,51,true
2026-05-13,1,2,3500005,9,1,7.0,40,true
2026-05-13,1,2,3500005,10,1,9.0,51,true
2026-05-13,1,2,3500005,11,1,8.0,46,true
2026-05-13,1,2,3500005,12,1,11.0,63,true
2026-05-13,1,2,3500005,13,1,19.0,108,true
2026-05-13,2,2,3501430,1,1,20.0,63,true
2026-05-13,2,2,3501430,2,1,18.0,57,true
2026-05-13,2,2,3501430,3,1,22.0,69,true
2026-05-13,2,2,3501430,4,1,16.0,50,true
2026-05-13,2,2,3501430,5,1,14.0,44,true
2026-05-13,2,2,3501430,6,1,23.0,72,true
2026-05-13,2,2,3501430,7,1,22.0,69,true
2026-05-13,2,2,3501430,8,1,16.0,50,true
2026-05-13,2,2,3501430,9,1,12.0,38,true
2026-05-13,2,2,3501430,10,1,10.0,32,true
2026-05-13,2,2,3501430,11,1,24.0,75,true
2026-05-13,2,2,3501430,12,1,10.0,32,true
2026-05-13,2,2,3501430,13,1,16.0,50,true
2026-05-13,4,2,3500162,1,1,45.0,215,true
2026-05-13,4,2,3500162,2,1,35.0,167,true
2026-05-13,4,2,3500162,3,1,40.0,191,true
2026-05-13,4,2,3500162,4,1,24.0,115,true
2026-05-13,4,2,3500162,5,1,12.0,58,true
2026-05-13,4,2,3500162,6,1,51.0,243,true
2026-05-13,4,2,3500162,7,1,30.0,143,true
2026-05-13,4,2,3500162,8,1,40.0,191,true
2026-05-13,4,2,3500162,9,1,24.0,115,true
2026-05-13,4,2,3500162,10,1,30.0,143,true
2026-05-13,4,2,3500162,11,1,24.0,115,true
2026-05-13,4,2,3500162,12,1,22.0,105,true
2026-05-13,4,2,3500162,13,1,25.0,120,true
2026-05-14,1,3,3500005,1,1,9.0,51,true
2026-05-14,1,3,3500005,2,1,8.0,46,true
2026-05-14,1,3,3500005,3,1,16.0,91,true
2026-05-14,1,3,3500005,4,1,12.0,68,true
2026-05-14,1,3,3500005,5,1,10.0,57,true
2026-05-14,1,3,3500005,6,1,23.0,130,true
2026-05-14,1,3,3500005,7,1,6.0,34,true
2026-05-14,1,3,3500005,8,1,9.0,51,true
2026-05-14,1,3,3500005,9,1,8.0,46,true
2026-05-14,1,3,3500005,10,1,4.0,23,true
2026-05-14,1,3,3500005,11,1,6.0,34,true
2026-05-14,1,3,3500005,12,1,5.0,29,true
2026-05-14,1,3,3500005,13,1,4.0,23,true
2026-05-14,2,3,3501430,1,1,21.0,66,true
2026-05-14,2,3,3501430,2,1,16.0,50,true
2026-05-14,2,3,3501430,3,1,12.0,38,true
2026-05-14,2,3,3501430,4,1,11.0,35,true
2026-05-14,2,3,3501430,5,1,10.0,32,true
2026-05-14,2,3,3501430,6,1,15.0,47,true
2026-05-14,2,3,3501430,7,1,8.0,25,true
2026-05-14,2,3,3501430,8,1,6.0,19,true
2026-05-14,2,3,3501430,9,1,5.0,16,true
2026-05-14,2,3,3501430,10,1,4.0,13,true
2026-05-14,2,3,3501430,11,1,6.0,19,true
2026-05-14,2,3,3501430,12,1,2.0,7,true
2026-05-14,2,3,3501430,13,1,4.0,13,true
2026-05-14,4,3,3500162,1,1,16.0,77,true
2026-05-14,4,3,3500162,2,1,18.0,86,true
2026-05-14,4,3,3500162,3,1,12.0,58,true
2026-05-14,4,3,3500162,4,1,10.0,48,true
2026-05-14,4,3,3500162,5,1,11.0,53,true
2026-05-14,4,3,3500162,6,1,22.0,105,true
2026-05-14,4,3,3500162,7,1,11.0,53,true
2026-05-14,4,3,3500162,8,1,12.0,58,true
2026-05-14,4,3,3500162,9,1,16.0,77,true
2026-05-14,4,3,3500162,10,1,11.0,53,true
2026-05-14,4,3,3500162,11,1,12.0,58,true
2026-05-14,4,3,3500162,12,1,10.0,48,true
2026-05-14,4,3,3500162,13,1,21.0,100,true
2026-05-14,1,1,3500005,1,1,10.0,57,true
2026-05-14,1,1,3500005,2,1,12.0,68,true
2026-05-14,1,1,3500005,3,1,6.0,34,true
2026-05-14,1,1,3500005,4,1,12.0,68,true
2026-05-14,1,1,3500005,5,1,15.0,85,true
2026-05-14,1,1,3500005,6,1,13.0,74,true
2026-05-14,1,1,3500005,7,1,3.0,17,true
2026-05-14,1,1,3500005,8,1,6.0,34,true
2026-05-14,1,1,3500005,9,1,10.0,57,true
2026-05-14,1,1,3500005,10,1,11.0,63,true
2026-05-14,1,1,3500005,11,1,8.0,46,true
2026-05-14,1,1,3500005,12,1,10.0,57,true
2026-05-14,1,1,3500005,13,1,19.0,108,true
2026-05-14,2,1,3501430,1,1,10.0,32,true
2026-05-14,2,1,3501430,2,1,12.0,38,true
2026-05-14,2,1,3501430,3,1,13.0,41,true
2026-05-14,2,1,3501430,4,1,8.0,25,true
2026-05-14,2,1,3501430,5,1,10.0,32,true
2026-05-14,2,1,3501430,6,1,20.0,63,true
2026-05-14,2,1,3501430,7,1,9.0,29,true
2026-05-14,2,1,3501430,8,1,12.0,38,true
2026-05-14,2,1,3501430,9,1,10.0,32,true
2026-05-14,2,1,3501430,10,1,11.0,35,true
2026-05-14,2,1,3501430,11,1,9.0,29,true
2026-05-14,2,1,3501430,12,1,10.0,32,true
2026-05-14,2,1,3501430,13,1,15.0,47,true
2026-05-14,4,1,3500162,1,1,9.0,43,true
2026-05-14,4,1,3500162,2,1,12.0,58,true
2026-05-14,4,1,3500162,3,1,8.0,39,true
2026-05-14,4,1,3500162,4,1,5.0,24,true
2026-05-14,4,1,3500162,5,1,10.0,48,true
2026-05-14,4,1,3500162,6,1,25.0,120,true
2026-05-14,4,1,3500162,7,1,9.0,43,true
2026-05-14,4,1,3500162,8,1,12.0,58,true
2026-05-14,4,1,3500162,9,1,8.0,39,true
2026-05-14,4,1,3500162,10,1,11.0,53,true
2026-05-14,4,1,3500162,11,1,10.0,48,true
2026-05-14,4,1,3500162,12,1,9.0,43,true
2026-05-14,4,1,3500162,13,1,15.0,72,true
2026-05-15,1,1,3500005,1,1,10.0,57,true
2026-05-15,1,1,3500005,2,1,14.0,80,true
2026-05-15,1,1,3500005,3,1,16.0,91,true
2026-05-15,1,1,3500005,4,1,20.0,113,true
2026-05-15,1,1,3500005,5,1,22.0,125,true
2026-05-15,1,1,3500005,6,1,26.0,147,true
2026-05-15,1,1,3500005,7,1,12.0,68,true
2026-05-15,1,1,3500005,8,1,10.0,57,true
2026-05-15,1,1,3500005,9,1,10.0,57,true
2026-05-15,1,1,3500005,10,1,8.0,46,true
2026-05-15,1,1,3500005,11,1,12.0,68,true
2026-05-15,1,1,3500005,12,1,18.0,102,true
2026-05-15,1,1,3500005,13,1,24.0,136,true
2026-05-15,2,1,3501430,1,1,12.0,38,true
2026-05-15,2,1,3501430,2,1,16.0,50,true
2026-05-15,2,1,3501430,3,1,14.0,44,true
2026-05-15,2,1,3501430,4,1,12.0,38,true
2026-05-15,2,1,3501430,5,1,10.0,32,true
2026-05-15,2,1,3501430,6,1,19.0,60,true
2026-05-15,2,1,3501430,7,1,12.0,38,true
2026-05-15,2,1,3501430,8,1,11.0,35,true
2026-05-15,2,1,3501430,9,1,16.0,50,true
2026-05-15,2,1,3501430,10,1,10.0,32,true
2026-05-15,2,1,3501430,11,1,18.0,57,true
2026-05-15,2,1,3501430,12,1,16.0,50,true
2026-05-15,2,1,3501430,13,1,13.0,41,true
2026-05-15,4,1,3500162,1,1,28.0,134,true
2026-05-15,4,1,3500162,2,1,22.0,105,true
2026-05-15,4,1,3500162,3,1,16.0,77,true
2026-05-15,4,1,3500162,4,1,18.0,86,true
2026-05-15,4,1,3500162,5,1,12.0,58,true
2026-05-15,4,1,3500162,6,1,23.0,110,true
2026-05-15,4,1,3500162,7,1,12.0,58,true
2026-05-15,4,1,3500162,8,1,12.0,58,true
2026-05-15,4,1,3500162,9,1,18.0,86,true
2026-05-15,4,1,3500162,10,1,12.0,58,true
2026-05-15,4,1,3500162,11,1,14.0,67,true
2026-05-15,4,1,3500162,12,1,20.0,96,true
2026-05-15,4,1,3500162,13,1,26.0,124,true
2026-05-13,1,1,3500005,1,1,10.0,57,true
2026-05-13,1,1,3500005,2,1,11.0,63,true
2026-05-13,1,1,3500005,3,1,13.0,74,true
2026-05-13,1,1,3500005,4,1,10.0,57,true
2026-05-13,1,1,3500005,5,1,9.0,51,true
2026-05-13,1,1,3500005,6,1,14.0,80,true
2026-05-13,1,1,3500005,7,1,11.0,63,true
2026-05-13,1,1,3500005,8,1,9.0,51,true
2026-05-13,1,1,3500005,9,1,7.0,40,true
2026-05-13,1,1,3500005,10,1,9.0,51,true
2026-05-13,1,1,3500005,11,1,8.0,46,true
2026-05-13,1,1,3500005,12,1,11.0,63,true
2026-05-13,1,1,3500005,13,1,19.0,108,true
2026-05-13,2,1,3501430,1,1,20.0,63,true
2026-05-13,2,1,3501430,2,1,18.0,57,true
2026-05-13,2,1,3501430,3,1,22.0,69,true
2026-05-13,2,1,3501430,4,1,16.0,50,true
2026-05-13,2,1,3501430,5,1,14.0,44,true
2026-05-13,2,1,3501430,6,1,23.0,72,true
2026-05-13,2,1,3501430,7,1,22.0,69,true
2026-05-13,2,1,3501430,8,1,16.0,50,true
2026-05-13,2,1,3501430,9,1,12.0,38,true
2026-05-13,2,1,3501430,10,1,10.0,32,true
2026-05-13,2,1,3501430,11,1,24.0,75,true
2026-05-13,2,1,3501430,12,1,10.0,32,true
2026-05-13,2,1,3501430,13,1,16.0,50,true
2026-05-13,4,1,3500162,1,1,45.0,215,true
2026-05-13,4,1,3500162,2,1,35.0,167,true
2026-05-13,4,1,3500162,3,1,40.0,191,true
2026-05-13,4,1,3500162,4,1,24.0,115,true
2026-05-13,4,1,3500162,5,1,12.0,58,true
2026-05-13,4,1,3500162,6,1,51.0,243,true
2026-05-13,4,1,3500162,7,1,30.0,143,true
2026-05-13,4,1,3500162,8,1,40.0,191,true
2026-05-13,4,1,3500162,9,1,24.0,115,true
2026-05-13,4,1,3500162,10,1,30.0,143,true
2026-05-13,4,1,3500162,11,1,24.0,115,true
2026-05-13,4,1,3500162,12,1,22.0,105,true
2026-05-13,4,1,3500162,13,1,25.0,120,true
2026-05-15,1,1,3500005,1,2,20.0,113,true
2026-05-15,1,1,3500005,2,2,16.0,91,true
2026-05-15,1,1,3500005,3,2,22.0,125,true
2026-05-15,1,1,3500005,4,2,15.0,85,true
2026-05-15,1,1,3500005,5,2,12.0,68,true
2026-05-15,1,1,3500005,6,2,19.0,108,true
2026-05-15,1,1,3500005,7,2,29.0,164,true
2026-05-15,1,1,3500005,8,2,18.0,102,true
2026-05-15,1,1,3500005,9,2,15.0,85,true
2026-05-15,1,1,3500005,10,2,14.0,80,true
2026-05-15,1,1,3500005,11,2,22.0,125,true
2026-05-15,1,1,3500005,12,2,10.0,57,true
2026-05-15,1,1,3500005,13,2,22.0,125,true
2026-05-15,2,1,3501430,1,2,24.0,75,true
2026-05-15,2,1,3501430,2,2,20.0,63,true
2026-05-15,2,1,3501430,3,2,20.0,63,true
2026-05-15,2,1,3501430,4,2,30.0,94,true
2026-05-15,2,1,3501430,5,2,17.0,53,true
2026-05-15,2,1,3501430,6,2,22.0,69,true
2026-05-15,2,1,3501430,7,2,22.0,69,true
2026-05-15,2,1,3501430,8,2,24.0,75,true
2026-05-15,2,1,3501430,9,2,15.0,47,true
2026-05-15,2,1,3501430,10,2,20.0,63,true
2026-05-15,2,1,3501430,11,2,28.0,88,true
2026-05-15,2,1,3501430,12,2,15.0,47,true
2026-05-15,2,1,3501430,13,2,19.0,60,true
2026-05-15,4,1,3500162,1,2,35.0,167,true
2026-05-15,4,1,3500162,2,2,24.0,115,true
2026-05-15,4,1,3500162,3,2,20.0,96,true
2026-05-15,4,1,3500162,4,2,22.0,105,true
2026-05-15,4,1,3500162,5,2,19.0,91,true
2026-05-15,4,1,3500162,6,2,30.0,143,true
2026-05-15,4,1,3500162,7,2,24.0,115,true
2026-05-15,4,1,3500162,8,2,22.0,105,true
2026-05-15,4,1,3500162,9,2,30.0,143,true
2026-05-15,4,1,3500162,10,2,15.0,72,true
2026-05-15,4,1,3500162,11,2,16.0,77,true
2026-05-15,4,1,3500162,12,2,12.0,58,true
2026-05-15,4,1,3500162,13,2,17.0,81,true
2026-05-16,1,1,3500005,1,1,20.0,113,true
2026-05-16,1,1,3500005,2,1,12.0,68,true
2026-05-16,1,1,3500005,3,1,14.0,80,true
2026-05-16,1,1,3500005,4,1,10.0,57,true
2026-05-16,1,1,3500005,5,1,18.0,102,true
2026-05-16,1,1,3500005,6,1,23.0,130,true
2026-05-16,1,1,3500005,7,1,12.0,68,true
2026-05-16,1,1,3500005,8,1,10.0,57,true
2026-05-16,1,1,3500005,9,1,7.0,40,true
2026-05-16,1,1,3500005,10,1,12.0,68,true
2026-05-16,1,1,3500005,11,1,10.0,57,true
2026-05-16,1,1,3500005,12,1,14.0,80,true
2026-05-16,1,1,3500005,13,1,18.0,102,true
2026-05-16,2,1,412707,1,1,22.0,105,true
2026-05-16,2,1,412707,2,1,16.0,77,true
2026-05-16,2,1,412707,3,1,14.0,67,true
2026-05-16,2,1,412707,4,1,16.0,77,true
2026-05-16,2,1,412707,5,1,12.0,58,true
2026-05-16,2,1,412707,6,1,21.0,100,true
2026-05-16,2,1,412707,7,1,12.0,58,true
2026-05-16,2,1,412707,8,1,11.0,53,true
2026-05-16,2,1,412707,9,1,20.0,96,true
2026-05-16,2,1,412707,10,1,10.0,48,true
2026-05-16,2,1,412707,11,1,14.0,67,true
2026-05-16,2,1,412707,12,1,16.0,77,true
2026-05-16,2,1,412707,13,1,22.0,105,true
2026-05-16,4,1,3500446,1,1,36.0,156,true
2026-05-16,4,1,3500446,2,1,24.0,104,true
2026-05-16,4,1,3500446,3,1,26.0,113,true
2026-05-16,4,1,3500446,4,1,18.0,78,true
2026-05-16,4,1,3500446,5,1,20.0,87,true
2026-05-16,4,1,3500446,6,1,22.0,95,true
2026-05-16,4,1,3500446,7,1,12.0,52,true
2026-05-16,4,1,3500446,8,1,16.0,69,true
2026-05-16,4,1,3500446,9,1,18.0,78,true
2026-05-16,4,1,3500446,10,1,16.0,69,true
2026-05-16,4,1,3500446,11,1,20.0,87,true
2026-05-16,4,1,3500446,12,1,24.0,104,true
2026-05-16,4,1,3500446,13,1,23.0,100,true
2026-05-17,1,1,3500005,1,1,10.0,57,true
2026-05-17,1,1,3500005,2,1,10.0,57,true
2026-05-17,1,1,3500005,3,1,15.0,85,true
2026-05-17,1,1,3500005,4,1,10.0,57,true
2026-05-17,1,1,3500005,5,1,11.0,63,true
2026-05-17,1,1,3500005,6,1,12.0,68,true
2026-05-17,1,1,3500005,7,1,10.0,57,true
2026-05-17,1,1,3500005,8,1,12.0,68,true
2026-05-17,1,1,3500005,9,1,10.0,57,true
2026-05-17,1,1,3500005,10,1,10.0,57,true
2026-05-17,1,1,3500005,11,1,12.0,68,true
2026-05-17,1,1,3500005,12,1,18.0,102,true
2026-05-17,1,1,3500005,13,1,13.0,74,true
2026-05-18,1,3,3500005,1,1,14.0,80,true
2026-05-18,1,3,3500005,2,1,24.0,136,true
2026-05-18,1,3,3500005,3,1,18.0,102,true
2026-05-18,1,3,3500005,4,1,16.0,91,true
2026-05-18,1,3,3500005,5,1,26.0,147,true
2026-05-18,1,3,3500005,6,1,30.0,170,true
2026-05-18,1,3,3500005,7,1,16.0,91,true
2026-05-18,1,3,3500005,8,1,12.0,68,true
2026-05-18,1,3,3500005,9,1,10.0,57,true
2026-05-18,1,3,3500005,10,1,12.0,68,true
2026-05-18,1,3,3500005,11,1,10.0,57,true
2026-05-18,1,3,3500005,12,1,22.0,125,true
2026-05-18,1,3,3500005,13,1,22.0,125,true
2026-05-17,1,2,3500005,1,1,10.0,57,true
2026-05-17,1,2,3500005,2,1,12.0,68,true
2026-05-17,1,2,3500005,3,1,10.0,57,true
2026-05-17,1,2,3500005,4,1,10.0,57,true
2026-05-17,1,2,3500005,5,1,9.0,51,true
2026-05-17,1,2,3500005,6,1,5.0,29,true
2026-05-17,1,2,3500005,7,1,12.0,68,true
2026-05-17,1,2,3500005,8,1,10.0,57,true
2026-05-17,1,2,3500005,9,1,9.0,51,true
2026-05-17,1,2,3500005,10,1,9.0,51,true
2026-05-17,1,2,3500005,11,1,1.0,6,true
2026-05-17,1,2,3500005,12,1,8.0,46,true
2026-05-17,1,2,3500005,13,1,11.0,63,true
2026-05-17,1,3,3500005,1,1,10.0,57,true
2026-05-17,1,3,3500005,2,1,8.0,46,true
2026-05-17,1,3,3500005,3,1,9.0,51,true
2026-05-17,1,3,3500005,4,1,11.0,63,true
2026-05-17,1,3,3500005,5,1,12.0,68,true
2026-05-17,1,3,3500005,6,1,21.0,119,true
2026-05-17,1,3,3500005,7,1,12.0,68,true
2026-05-17,1,3,3500005,8,1,10.0,57,true
2026-05-17,1,3,3500005,9,1,11.0,63,true
2026-05-17,1,3,3500005,10,1,11.0,63,true
2026-05-17,1,3,3500005,11,1,12.0,68,true
2026-05-17,1,3,3500005,12,1,10.0,57,true
2026-05-17,1,3,3500005,13,1,11.0,63,true
2026-05-17,2,3,3500446,1,1,20.0,87,true
2026-05-17,2,3,3500446,2,1,40.0,173,true
2026-05-17,2,3,3500446,3,1,20.0,87,true
2026-05-17,2,3,3500446,4,1,30.0,130,true
2026-05-17,2,3,3500446,5,1,16.0,69,true
2026-05-17,2,3,3500446,6,1,37.0,160,true
2026-05-17,2,3,3500446,7,1,20.0,87,true
2026-05-17,2,3,3500446,8,1,16.0,69,true
2026-05-17,2,3,3500446,9,1,11.0,48,true
2026-05-17,2,3,3500446,10,1,12.0,52,true
2026-05-17,2,3,3500446,11,1,10.0,44,true
2026-05-17,2,3,3500446,12,1,20.0,87,true
2026-05-17,2,3,3500446,13,1,22.0,95,true
2026-05-18,1,1,3500005,1,1,10.0,57,true
2026-05-18,1,1,3500005,2,1,11.0,63,true
2026-05-18,1,1,3500005,3,1,12.0,68,true
2026-05-18,1,1,3500005,4,1,10.0,57,true
2026-05-18,1,1,3500005,5,1,9.0,51,true
2026-05-18,1,1,3500005,6,1,18.0,102,true
2026-05-18,1,1,3500005,7,1,11.0,63,true
2026-05-18,1,1,3500005,8,1,12.0,68,true
2026-05-18,1,1,3500005,9,1,11.0,63,true
2026-05-18,1,1,3500005,10,1,10.0,57,true
2026-05-18,1,1,3500005,11,1,11.0,63,true
2026-05-18,1,1,3500005,12,1,12.0,68,true
2026-05-18,1,1,3500005,13,1,10.0,57,true
2026-05-18,2,1,3500162,1,1,20.0,96,true
2026-05-18,2,1,3500162,2,1,16.0,77,true
2026-05-18,2,1,3500162,3,1,18.0,86,true
2026-05-18,2,1,3500162,4,1,12.0,58,true
2026-05-18,2,1,3500162,5,1,10.0,48,true
2026-05-18,2,1,3500162,6,1,23.0,110,true
2026-05-18,2,1,3500162,7,1,10.0,48,true
2026-05-18,2,1,3500162,8,1,11.0,53,true
2026-05-18,2,1,3500162,9,1,12.0,58,true
2026-05-18,2,1,3500162,10,1,11.0,53,true
2026-05-18,2,1,3500162,11,1,11.0,53,true
2026-05-18,2,1,3500162,12,1,12.0,58,true
2026-05-18,2,1,3500162,13,1,10.0,48,true
2026-05-18,4,1,3501225,1,1,16.0,97,true
2026-05-18,4,1,3501225,2,1,18.0,110,true
2026-05-18,4,1,3501225,3,1,19.0,116,true
2026-05-18,4,1,3501225,4,1,12.0,73,true
2026-05-18,4,1,3501225,5,1,14.0,85,true
2026-05-18,4,1,3501225,6,1,16.0,97,true
2026-05-18,4,1,3501225,7,1,11.0,67,true
2026-05-18,4,1,3501225,8,1,12.0,73,true
2026-05-18,4,1,3501225,9,1,11.0,67,true
2026-05-18,4,1,3501225,10,1,12.0,73,true
2026-05-18,4,1,3501225,11,1,16.0,97,true
2026-05-18,4,1,3501225,12,1,16.0,97,true
2026-05-18,4,1,3501225,13,1,12.0,73,true
2026-05-18,6,1,3500888,1,1,20.0,33,true
2026-05-18,6,1,3500888,2,1,16.0,26,true
2026-05-18,6,1,3500888,3,1,18.0,30,true
2026-05-18,6,1,3500888,4,1,14.0,23,true
2026-05-18,6,1,3500888,5,1,21.0,34,true
2026-05-18,6,1,3500888,6,1,28.0,46,true
2026-05-18,6,1,3500888,7,1,10.0,17,true
2026-05-18,6,1,3500888,8,1,11.0,18,true
2026-05-18,6,1,3500888,9,1,12.0,20,true
2026-05-18,6,1,3500888,10,1,10.0,17,true
2026-05-18,6,1,3500888,11,1,11.0,18,true
2026-05-18,6,1,3500888,12,1,12.0,20,true
2026-05-18,6,1,3500888,13,1,11.0,18,true
2026-05-19,1,3,3500005,1,1,14.0,80,true
2026-05-19,1,3,3500005,2,1,12.0,68,true
2026-05-19,1,3,3500005,3,1,16.0,91,true
2026-05-19,1,3,3500005,4,1,20.0,113,true
2026-05-19,1,3,3500005,5,1,24.0,136,true
2026-05-19,1,3,3500005,6,1,26.0,147,true
2026-05-19,1,3,3500005,7,1,12.0,68,true
2026-05-19,1,3,3500005,8,1,10.0,57,true
2026-05-19,1,3,3500005,9,1,11.0,63,true
2026-05-19,1,3,3500005,10,1,16.0,91,true
2026-05-19,1,3,3500005,11,1,14.0,80,true
2026-05-19,1,3,3500005,12,1,16.0,91,true
2026-05-19,1,3,3500005,13,1,24.0,136,true
2026-05-19,2,3,3500162,1,1,26.0,124,true
2026-05-19,2,3,3500162,2,1,22.0,105,true
2026-05-19,2,3,3500162,3,1,16.0,77,true
2026-05-19,2,3,3500162,4,1,12.0,58,true
2026-05-19,2,3,3500162,5,1,10.0,48,true
2026-05-19,2,3,3500162,6,1,23.0,110,true
2026-05-19,2,3,3500162,7,1,12.0,58,true
2026-05-19,2,3,3500162,8,1,10.0,48,true
2026-05-19,2,3,3500162,9,1,14.0,67,true
2026-05-19,2,3,3500162,10,1,12.0,58,true
2026-05-19,2,3,3500162,11,1,10.0,48,true
2026-05-19,2,3,3500162,12,1,14.0,67,true
2026-05-19,2,3,3500162,13,1,27.0,129,true
2026-05-19,4,3,3501225,1,1,22.0,134,true
2026-05-19,4,3,3501225,2,1,14.0,85,true
2026-05-19,4,3,3501225,3,1,16.0,97,true
2026-05-19,4,3,3501225,4,1,14.0,85,true
2026-05-19,4,3,3501225,5,1,12.0,73,true
2026-05-19,4,3,3501225,6,1,26.0,158,true
2026-05-19,4,3,3501225,7,1,12.0,73,true
2026-05-19,4,3,3501225,8,1,10.0,61,true
2026-05-19,4,3,3501225,9,1,16.0,97,true
2026-05-19,4,3,3501225,10,1,12.0,73,true
2026-05-19,4,3,3501225,11,1,10.0,61,true
2026-05-19,4,3,3501225,12,1,14.0,85,true
2026-05-19,4,3,3501225,13,1,19.0,116,true
2026-05-19,6,3,3500888,1,1,16.0,26,true
2026-05-19,6,3,3500888,2,1,18.0,30,true
2026-05-19,6,3,3500888,3,1,22.0,36,true
2026-05-19,6,3,3500888,4,1,26.0,42,true
2026-05-19,6,3,3500888,5,1,10.0,17,true
2026-05-19,6,3,3500888,6,1,25.0,41,true
2026-05-19,6,3,3500888,7,1,12.0,20,true
2026-05-19,6,3,3500888,8,1,14.0,23,true
2026-05-19,6,3,3500888,9,1,12.0,20,true
2026-05-19,6,3,3500888,10,1,10.0,17,true
2026-05-19,6,3,3500888,11,1,16.0,26,true
2026-05-19,6,3,3500888,12,1,14.0,23,true
2026-05-19,6,3,3500888,13,1,28.0,46,true
2026-05-19,1,1,3500005,1,1,20.0,113,true
2026-05-19,1,1,3500005,2,1,12.0,68,true
2026-05-19,1,1,3500005,3,1,15.0,85,true
2026-05-19,1,1,3500005,4,1,13.0,74,true
2026-05-19,1,1,3500005,5,1,10.0,57,true
2026-05-19,1,1,3500005,6,1,17.0,97,true
2026-05-19,1,1,3500005,7,1,24.0,136,true
2026-05-19,1,1,3500005,8,1,20.0,113,true
2026-05-19,1,1,3500005,9,1,18.0,102,true
2026-05-19,1,1,3500005,10,1,12.0,68,true
2026-05-19,1,1,3500005,11,1,15.0,85,true
2026-05-19,1,1,3500005,12,1,12.0,68,true
2026-05-19,1,1,3500005,13,1,8.0,46,true
2026-05-19,2,1,3500162,1,1,30.0,143,true
2026-05-19,2,1,3500162,2,1,22.0,105,true
2026-05-19,2,1,3500162,3,1,18.0,86,true
2026-05-19,2,1,3500162,4,1,15.0,72,true
2026-05-19,2,1,3500162,5,1,12.0,58,true
2026-05-19,2,1,3500162,6,1,21.0,100,true
2026-05-19,2,1,3500162,7,1,24.0,115,true
2026-05-19,2,1,3500162,8,1,20.0,96,true
2026-05-19,2,1,3500162,9,1,15.0,72,true
2026-05-19,2,1,3500162,10,1,10.0,48,true
2026-05-19,2,1,3500162,11,1,12.0,58,true
2026-05-19,2,1,3500162,12,1,11.0,53,true
2026-05-19,2,1,3500162,13,1,17.0,81,true
2026-05-19,4,1,3501225,1,1,45.0,273,true
2026-05-19,4,1,3501225,2,1,30.0,182,true
2026-05-19,4,1,3501225,3,1,30.0,182,true
2026-05-19,4,1,3501225,4,1,22.0,134,true
2026-05-19,4,1,3501225,5,1,24.0,146,true
2026-05-19,4,1,3501225,6,1,30.0,182,true
2026-05-19,4,1,3501225,7,1,24.0,146,true
2026-05-19,4,1,3501225,8,1,22.0,134,true
2026-05-19,4,1,3501225,9,1,13.0,79,true
2026-05-19,4,1,3501225,10,1,20.0,122,true
2026-05-19,4,1,3501225,11,1,22.0,134,true
2026-05-19,4,1,3501225,12,1,24.0,146,true
2026-05-19,4,1,3501225,13,1,20.0,122,true
2026-05-19,1,2,3500005,1,1,15.0,85,true
2026-05-19,1,2,3500005,2,1,12.0,68,true
2026-05-19,1,2,3500005,3,1,10.0,57,true
2026-05-19,1,2,3500005,4,1,10.0,57,true
2026-05-19,1,2,3500005,5,1,11.0,63,true
2026-05-19,1,2,3500005,6,1,13.0,74,true
2026-05-19,1,2,3500005,7,1,12.0,68,true
2026-05-19,1,2,3500005,8,1,10.0,57,true
2026-05-19,1,2,3500005,9,1,11.0,63,true
2026-05-19,1,2,3500005,10,1,10.0,57,true
2026-05-19,1,2,3500005,11,1,9.0,51,true
2026-05-19,1,2,3500005,12,1,11.0,63,true
2026-05-19,1,2,3500005,13,1,12.0,68,true
2026-05-19,2,2,3500162,1,1,18.0,86,true
2026-05-19,2,2,3500162,2,1,17.0,81,true
2026-05-19,2,2,3500162,3,1,10.0,48,true
2026-05-19,2,2,3500162,4,1,12.0,58,true
2026-05-19,2,2,3500162,5,1,11.0,53,true
2026-05-19,2,2,3500162,6,1,20.0,96,true
2026-05-19,2,2,3500162,7,1,15.0,72,true
2026-05-19,2,2,3500162,8,1,12.0,58,true
2026-05-19,2,2,3500162,9,1,10.0,48,true
2026-05-19,2,2,3500162,10,1,11.0,53,true
2026-05-19,2,2,3500162,11,1,10.0,48,true
2026-05-19,2,2,3500162,12,1,12.0,58,true
2026-05-19,2,2,3500162,13,1,11.0,53,true
2026-05-19,4,2,3501225,1,1,20.0,122,true
2026-05-19,4,2,3501225,2,1,18.0,110,true
2026-05-19,4,2,3501225,3,1,15.0,91,true
2026-05-19,4,2,3501225,4,1,10.0,61,true
2026-05-19,4,2,3501225,5,1,12.0,73,true
2026-05-19,4,2,3501225,6,1,21.0,128,true
2026-05-19,4,2,3501225,7,1,18.0,110,true
2026-05-19,4,2,3501225,8,1,17.0,104,true
2026-05-19,4,2,3501225,9,1,15.0,91,true
2026-05-19,4,2,3501225,10,1,10.0,61,true
2026-05-19,4,2,3501225,11,1,11.0,67,true
2026-05-19,4,2,3501225,12,1,15.0,91,true
2026-05-19,4,2,3501225,13,1,13.0,79,true
2026-05-19,6,2,3500888,1,1,22.0,36,true
2026-05-19,6,2,3500888,2,1,20.0,33,true
2026-05-19,6,2,3500888,3,1,18.0,30,true
2026-05-19,6,2,3500888,4,1,15.0,25,true
2026-05-19,6,2,3500888,5,1,12.0,20,true
2026-05-19,6,2,3500888,6,1,22.0,36,true
2026-05-19,6,2,3500888,7,1,20.0,33,true
2026-05-19,6,2,3500888,8,1,18.0,30,true
2026-05-19,6,2,3500888,9,1,15.0,25,true
2026-05-19,6,2,3500888,10,1,14.0,23,true
2026-05-19,6,2,3500888,11,1,12.0,20,true
2026-05-19,6,2,3500888,12,1,10.0,17,true
2026-05-19,6,2,3500888,13,1,15.0,25,true
2026-05-20,1,3,3500005,1,1,10.0,57,true
2026-05-20,1,3,3500005,2,1,12.0,68,true
2026-05-20,1,3,3500005,3,1,14.0,80,true
2026-05-20,1,3,3500005,4,1,20.0,113,true
2026-05-20,1,3,3500005,5,1,24.0,136,true
2026-05-20,1,3,3500005,6,1,24.0,136,true
2026-05-20,1,3,3500005,7,1,12.0,68,true
2026-05-20,1,3,3500005,8,1,10.0,57,true
2026-05-20,1,3,3500005,9,1,7.0,40,true
2026-05-20,1,3,3500005,10,1,12.0,68,true
2026-05-20,1,3,3500005,11,1,10.0,57,true
2026-05-20,1,3,3500005,12,1,14.0,80,true
2026-05-20,1,3,3500005,13,1,24.0,136,true
2026-05-20,2,3,3500162,1,1,23.0,110,true
2026-05-20,2,3,3500162,2,1,16.0,77,true
2026-05-20,2,3,3500162,3,1,18.0,86,true
2026-05-20,2,3,3500162,4,1,14.0,67,true
2026-05-20,2,3,3500162,5,1,10.0,48,true
2026-05-20,2,3,3500162,6,1,25.0,120,true
2026-05-20,2,3,3500162,7,1,12.0,58,true
2026-05-20,2,3,3500162,8,1,10.0,48,true
2026-05-20,2,3,3500162,9,1,22.0,105,true
2026-05-20,2,3,3500162,10,1,10.0,48,true
2026-05-20,2,3,3500162,11,1,8.0,39,true
2026-05-20,2,3,3500162,12,1,14.0,67,true
2026-05-20,2,3,3500162,13,1,11.0,53,true
2026-05-20,6,3,3500888,1,1,14.0,23,true
2026-05-20,6,3,3500888,2,1,22.0,36,true
2026-05-20,6,3,3500888,3,1,10.0,17,true
2026-05-20,6,3,3500888,4,1,12.0,20,true
2026-05-20,6,3,3500888,5,1,6.0,10,true
2026-05-20,6,3,3500888,6,1,28.0,46,true
2026-05-20,6,3,3500888,7,1,10.0,17,true
2026-05-20,6,3,3500888,8,1,7.0,12,true
2026-05-20,6,3,3500888,9,1,4.0,7,true
2026-05-20,6,3,3500888,10,1,6.0,10,true
2026-05-20,6,3,3500888,11,1,10.0,17,true
2026-05-20,6,3,3500888,12,1,14.0,23,true
2026-05-20,6,3,3500888,13,1,10.0,17,true
2026-05-20,1,1,3500005,1,1,25.0,142,true
2026-05-20,1,1,3500005,2,1,20.0,113,true
2026-05-20,1,1,3500005,3,1,24.0,136,true
2026-05-20,1,1,3500005,4,1,22.0,125,true
2026-05-20,1,1,3500005,5,1,10.0,57,true
2026-05-20,1,1,3500005,6,1,16.0,91,true
2026-05-20,1,1,3500005,7,1,20.0,113,true
2026-05-20,1,1,3500005,8,1,23.0,130,true
2026-05-20,1,1,3500005,9,1,32.0,181,true
2026-05-20,1,1,3500005,10,1,10.0,57,true
2026-05-20,1,1,3500005,11,1,12.0,68,true
2026-05-20,1,1,3500005,12,1,15.0,85,true
2026-05-20,1,1,3500005,13,1,28.0,159,true
2026-05-20,2,1,3500162,1,1,20.0,96,true
2026-05-20,2,1,3500162,2,1,22.0,105,true
2026-05-20,2,1,3500162,3,1,33.0,158,true
2026-05-20,2,1,3500162,4,1,14.0,67,true
2026-05-20,2,1,3500162,5,1,15.0,72,true
2026-05-20,2,1,3500162,6,1,29.0,139,true
2026-05-20,2,1,3500162,7,1,24.0,115,true
2026-05-20,2,1,3500162,8,1,19.0,91,true
2026-05-20,2,1,3500162,9,1,22.0,105,true
2026-05-20,2,1,3500162,10,1,20.0,96,true
2026-05-20,2,1,3500162,11,1,15.0,72,true
2026-05-20,2,1,3500162,12,1,14.0,67,true
2026-05-20,2,1,3500162,13,1,17.0,81,true
2026-05-20,4,1,3501225,1,1,35.0,213,true
2026-05-20,4,1,3501225,2,1,30.0,182,true
2026-05-20,4,1,3501225,3,1,20.0,122,true
2026-05-20,4,1,3501225,4,1,12.0,73,true
2026-05-20,4,1,3501225,5,1,19.0,116,true
2026-05-20,4,1,3501225,6,1,30.0,182,true
2026-05-20,4,1,3501225,7,1,24.0,146,true
2026-05-20,4,1,3501225,8,1,22.0,134,true
2026-05-20,4,1,3501225,9,1,10.0,61,true
2026-05-20,4,1,3501225,10,1,15.0,91,true
2026-05-20,4,1,3501225,11,1,33.0,200,true
2026-05-20,4,1,3501225,12,1,15.0,91,true
2026-05-20,4,1,3501225,13,1,19.0,116,true
2026-05-20,1,2,3500005,1,1,12.0,68,true
2026-05-20,1,2,3500005,2,1,10.0,57,true
2026-05-20,1,2,3500005,3,1,10.0,57,true
2026-05-20,1,2,3500005,4,1,11.0,63,true
2026-05-20,1,2,3500005,5,1,9.0,51,true
2026-05-20,1,2,3500005,6,1,13.0,74,true
2026-05-20,1,2,3500005,7,1,10.0,57,true
2026-05-20,1,2,3500005,8,1,11.0,63,true
2026-05-20,1,2,3500005,9,1,10.0,57,true
2026-05-20,1,2,3500005,10,1,10.0,57,true
2026-05-20,1,2,3500005,11,1,9.0,51,true
2026-05-20,1,2,3500005,12,1,12.0,68,true
2026-05-20,1,2,3500005,13,1,11.0,63,true
2026-05-20,2,2,3500162,1,1,15.0,72,true
2026-05-20,2,2,3500162,2,1,18.0,86,true
2026-05-20,2,2,3500162,3,1,10.0,48,true
2026-05-20,2,2,3500162,4,1,11.0,53,true
2026-05-20,2,2,3500162,5,1,15.0,72,true
2026-05-20,2,2,3500162,6,1,12.0,58,true
2026-05-20,2,2,3500162,7,1,18.0,86,true
2026-05-20,2,2,3500162,8,1,15.0,72,true
2026-05-20,2,2,3500162,9,1,10.0,48,true
2026-05-20,2,2,3500162,10,1,10.0,48,true
2026-05-20,2,2,3500162,11,1,12.0,58,true
2026-05-20,2,2,3500162,12,1,11.0,53,true
2026-05-20,2,2,3500162,13,1,0.0,0,true
2026-05-20,4,2,3501226,1,1,18.0,98,true
2026-05-20,4,2,3501226,2,1,15.0,82,true
2026-05-20,4,2,3501226,3,1,17.0,92,true
2026-05-20,4,2,3501226,4,1,12.0,65,true
2026-05-20,4,2,3501226,5,1,12.0,65,true
2026-05-20,4,2,3501226,6,1,17.0,92,true
2026-05-20,4,2,3501226,7,1,15.0,82,true
2026-05-20,4,2,3501226,8,1,10.0,55,true
2026-05-20,4,2,3501226,9,1,11.0,60,true
2026-05-20,4,2,3501226,10,1,12.0,65,true
2026-05-20,4,2,3501226,11,1,10.0,55,true
2026-05-20,4,2,3501226,12,1,12.0,65,true
2026-05-20,4,2,3501226,13,1,11.0,60,true
2026-05-21,1,3,3500005,1,1,14.0,80,true
2026-05-21,1,3,3500005,2,1,16.0,91,true
2026-05-21,1,3,3500005,3,1,22.0,125,true
2026-05-21,1,3,3500005,4,1,18.0,102,true
2026-05-21,1,3,3500005,5,1,22.0,125,true
2026-05-21,1,3,3500005,6,1,26.0,147,true
2026-05-21,1,3,3500005,7,1,12.0,68,true
2026-05-21,1,3,3500005,8,1,12.0,68,true
2026-05-21,1,3,3500005,9,1,10.0,57,true
2026-05-21,1,3,3500005,10,1,14.0,80,true
2026-05-21,1,3,3500005,11,1,12.0,68,true
2026-05-21,1,3,3500005,12,1,14.0,80,true
2026-05-21,1,3,3500005,13,1,24.0,136,true
2026-05-21,2,3,3500162,1,1,32.0,153,true
2026-05-21,2,3,3500162,2,1,24.0,115,true
2026-05-21,2,3,3500162,3,1,18.0,86,true
2026-05-21,2,3,3500162,4,1,20.0,96,true
2026-05-21,2,3,3500162,5,1,16.0,77,true
2026-05-21,2,3,3500162,6,1,35.0,167,true
2026-05-21,2,3,3500162,7,1,16.0,77,true
2026-05-21,2,3,3500162,8,1,12.0,58,true
2026-05-21,2,3,3500162,9,1,22.0,105,true
2026-05-21,2,3,3500162,10,1,12.0,58,true
2026-05-21,2,3,3500162,11,1,14.0,67,true
2026-05-21,2,3,3500162,12,1,16.0,77,true
2026-05-21,2,3,3500162,13,1,28.0,134,true
2026-05-21,4,3,3501226,1,1,26.0,141,true
2026-05-21,4,3,3501226,2,1,18.0,98,true
2026-05-21,4,3,3501226,3,1,32.0,173,true
2026-05-21,4,3,3501226,4,1,16.0,87,true
2026-05-21,4,3,3501226,5,1,12.0,65,true
2026-05-21,4,3,3501226,6,1,26.0,141,true
2026-05-21,4,3,3501226,7,1,12.0,65,true
2026-05-21,4,3,3501226,8,1,12.0,65,true
2026-05-21,4,3,3501226,9,1,14.0,76,true
2026-05-21,4,3,3501226,10,1,10.0,55,true
2026-05-21,4,3,3501226,11,1,11.0,60,true
2026-05-21,4,3,3501226,12,1,12.0,65,true
2026-05-21,4,3,3501226,13,1,24.0,130,true
2026-05-21,1,1,3500005,1,1,18.0,102,true
2026-05-21,1,1,3500005,2,1,15.0,85,true
2026-05-21,1,1,3500005,3,1,12.0,68,true
2026-05-21,1,1,3500005,4,1,20.0,113,true
2026-05-21,1,1,3500005,5,1,12.0,68,true
2026-05-21,1,1,3500005,6,1,18.0,102,true
2026-05-21,1,1,3500005,7,1,22.0,125,true
2026-05-21,1,1,3500005,8,1,10.0,57,true
2026-05-21,1,1,3500005,9,1,11.0,63,true
2026-05-21,1,1,3500005,10,1,22.0,125,true
2026-05-21,1,1,3500005,11,1,13.0,74,true
2026-05-21,1,1,3500005,12,1,10.0,57,true
2026-05-21,1,1,3500005,13,1,19.0,108,true
2026-05-21,2,1,3501430,1,1,20.0,63,true
2026-05-21,2,1,3501430,2,1,22.0,69,true
2026-05-21,2,1,3501430,3,1,15.0,47,true
2026-05-21,2,1,3501430,4,1,15.0,47,true
2026-05-21,2,1,3501430,5,1,22.0,69,true
2026-05-21,2,1,3501430,6,1,20.0,63,true
2026-05-21,2,1,3501430,7,1,24.0,75,true
2026-05-21,2,1,3501430,8,1,20.0,63,true
2026-05-21,2,1,3501430,9,1,14.0,44,true
2026-05-21,2,1,3501430,10,1,15.0,47,true
2026-05-21,2,1,3501430,11,1,20.0,63,true
2026-05-21,2,1,3501430,12,1,10.0,32,true
2026-05-21,2,1,3501430,13,1,20.0,63,true
2026-05-21,4,1,3501226,1,1,30.0,163,true
2026-05-21,4,1,3501226,2,1,20.0,109,true
2026-05-21,4,1,3501226,3,1,15.0,82,true
2026-05-21,4,1,3501226,4,1,22.0,119,true
2026-05-21,4,1,3501226,5,1,10.0,55,true
2026-05-21,4,1,3501226,6,1,17.0,92,true
2026-05-21,4,1,3501226,7,1,24.0,130,true
2026-05-21,4,1,3501226,8,1,22.0,119,true
2026-05-21,4,1,3501226,9,1,33.0,179,true
2026-05-21,4,1,3501226,10,1,30.0,163,true
2026-05-21,4,1,3501226,11,1,22.0,119,true
2026-05-21,4,1,3501226,12,1,10.0,55,true
2026-05-21,4,1,3501226,13,1,26.0,141,true
2026-05-22,1,3,3500005,1,1,12.0,68,true
2026-05-22,1,3,3500005,2,1,16.0,91,true
2026-05-22,1,3,3500005,3,1,18.0,102,true
2026-05-22,1,3,3500005,4,1,26.0,147,true
2026-05-22,1,3,3500005,5,1,22.0,125,true
2026-05-22,1,3,3500005,6,1,21.0,119,true
2026-05-22,1,3,3500005,7,1,12.0,68,true
2026-05-22,1,3,3500005,8,1,10.0,57,true
2026-05-22,1,3,3500005,9,1,10.0,57,true
2026-05-22,1,3,3500005,10,1,11.0,63,true
2026-05-22,1,3,3500005,11,1,14.0,80,true
2026-05-22,1,3,3500005,12,1,12.0,68,true
2026-05-22,1,3,3500005,13,1,29.0,164,true
2026-05-22,2,3,3501430,1,1,32.0,100,true
2026-05-22,2,3,3501430,2,1,26.0,82,true
2026-05-22,2,3,3501430,3,1,16.0,50,true
2026-05-22,2,3,3501430,4,1,14.0,44,true
2026-05-22,2,3,3501430,5,1,10.0,32,true
2026-05-22,2,3,3501430,6,1,21.0,66,true
2026-05-22,2,3,3501430,7,1,12.0,38,true
2026-05-22,2,3,3501430,8,1,10.0,32,true
2026-05-22,2,3,3501430,9,1,16.0,50,true
2026-05-22,2,3,3501430,10,1,10.0,32,true
2026-05-22,2,3,3501430,11,1,18.0,57,true
2026-05-22,2,3,3501430,12,1,16.0,50,true
2026-05-22,2,3,3501430,13,1,16.0,50,true
2026-05-22,4,3,3501226,1,1,48.0,260,true
2026-05-22,4,3,3501226,2,1,82.0,444,true
2026-05-22,4,3,3501226,3,1,64.0,346,true
2026-05-22,4,3,3501226,4,1,36.0,195,true
2026-05-22,4,3,3501226,5,1,19.0,103,true
2026-05-22,4,3,3501226,6,1,38.0,206,true
2026-05-22,4,3,3501226,7,1,22.0,119,true
2026-05-22,4,3,3501226,8,1,16.0,87,true
2026-05-22,4,3,3501226,9,1,32.0,173,true
2026-05-22,4,3,3501226,10,1,14.0,76,true
2026-05-22,4,3,3501226,11,1,22.0,119,true
2026-05-22,4,3,3501226,12,1,44.0,238,true
2026-05-22,4,3,3501226,13,1,50.0,271,true
2026-05-21,1,2,3500005,1,1,10.0,57,true
2026-05-21,1,2,3500005,2,1,10.0,57,true
2026-05-21,1,2,3500005,3,1,11.0,63,true
2026-05-21,1,2,3500005,4,1,12.0,68,true
2026-05-21,1,2,3500005,5,1,10.0,57,true
2026-05-21,1,2,3500005,6,1,10.0,57,true
2026-05-21,1,2,3500005,7,1,13.0,74,true
2026-05-21,1,2,3500005,8,1,12.0,68,true
2026-05-21,1,2,3500005,9,1,10.0,57,true
2026-05-21,1,2,3500005,10,1,9.0,51,true
2026-05-21,1,2,3500005,11,1,9.0,51,true
2026-05-21,1,2,3500005,12,1,12.0,68,true
2026-05-21,1,2,3500005,13,1,11.0,63,true
2026-05-21,2,2,3501430,1,1,15.0,47,true
2026-05-21,2,2,3501430,2,1,12.0,38,true
2026-05-21,2,2,3501430,3,1,10.0,32,true
2026-05-21,2,2,3501430,4,1,11.0,35,true
2026-05-21,2,2,3501430,5,1,10.0,32,true
2026-05-21,2,2,3501430,6,1,12.0,38,true
2026-05-21,2,2,3501430,7,1,13.0,41,true
2026-05-21,2,2,3501430,8,1,10.0,32,true
2026-05-21,2,2,3501430,9,1,11.0,35,true
2026-05-21,2,2,3501430,10,1,16.0,50,true
2026-05-21,2,2,3501430,11,1,10.0,32,true
2026-05-21,2,2,3501430,12,1,14.0,44,true
2026-05-21,2,2,3501430,13,1,12.0,38,true
2026-05-21,4,2,3501226,1,1,18.0,98,true
2026-05-21,4,2,3501226,2,1,17.0,92,true
2026-05-21,4,2,3501226,3,1,15.0,82,true
2026-05-21,4,2,3501226,4,1,10.0,55,true
2026-05-21,4,2,3501226,5,1,12.0,65,true
2026-05-21,4,2,3501226,6,1,17.0,92,true
2026-05-21,4,2,3501226,7,1,15.0,82,true
2026-05-21,4,2,3501226,8,1,13.0,71,true
2026-05-21,4,2,3501226,9,1,10.0,55,true
2026-05-21,4,2,3501226,10,1,11.0,60,true
2026-05-21,4,2,3501226,11,1,10.0,55,true
2026-05-21,4,2,3501226,12,1,12.0,65,true
2026-05-21,4,2,3501226,13,1,11.0,60,true
2026-05-22,1,1,3500005,1,1,15.0,85,true
2026-05-22,1,1,3500005,2,1,13.0,74,true
2026-05-22,1,1,3500005,3,1,10.0,57,true
2026-05-22,1,1,3500005,4,1,9.0,51,true
2026-05-22,1,1,3500005,5,1,12.0,68,true
2026-05-22,1,1,3500005,6,1,18.0,102,true
2026-05-22,1,1,3500005,7,1,13.0,74,true
2026-05-22,1,1,3500005,8,1,22.0,125,true
2026-05-22,1,1,3500005,9,1,10.0,57,true
2026-05-22,1,1,3500005,10,1,13.0,74,true
2026-05-22,1,1,3500005,11,1,9.0,51,true
2026-05-22,1,1,3500005,12,1,10.0,57,true
2026-05-22,1,1,3500005,13,1,17.0,97,true
2026-05-22,2,1,3501430,1,1,24.0,75,true
2026-05-22,2,1,3501430,2,1,22.0,69,true
2026-05-22,2,1,3501430,3,1,15.0,47,true
2026-05-22,2,1,3501430,4,1,20.0,63,true
2026-05-22,2,1,3501430,5,1,11.0,35,true
2026-05-22,2,1,3501430,6,1,19.0,60,true
2026-05-22,2,1,3501430,7,1,22.0,69,true
2026-05-22,2,1,3501430,8,1,20.0,63,true
2026-05-22,2,1,3501430,9,1,10.0,32,true
2026-05-22,2,1,3501430,10,1,15.0,47,true
2026-05-22,2,1,3501430,11,1,12.0,38,true
2026-05-22,2,1,3501430,12,1,11.0,35,true
2026-05-22,2,1,3501430,13,1,19.0,60,true
2026-05-22,4,1,3501226,1,1,30.0,163,true
2026-05-22,4,1,3501226,2,1,20.0,109,true
2026-05-22,4,1,3501226,3,1,10.0,55,true
2026-05-22,4,1,3501226,4,1,12.0,65,true
2026-05-22,4,1,3501226,5,1,22.0,119,true
2026-05-22,4,1,3501226,6,1,25.0,136,true
2026-05-22,4,1,3501226,7,1,22.0,119,true
2026-05-22,4,1,3501226,8,1,15.0,82,true
2026-05-22,4,1,3501226,9,1,20.0,109,true
2026-05-22,4,1,3501226,10,1,10.0,55,true
2026-05-22,4,1,3501226,11,1,12.0,65,true
2026-05-22,4,1,3501226,12,1,10.0,55,true
2026-05-22,4,1,3501226,13,1,19.0,103,true
2026-05-22,1,2,3500005,1,1,12.0,68,true
2026-05-22,1,2,3500005,2,1,10.0,57,true
2026-05-22,1,2,3500005,3,1,15.0,85,true
2026-05-22,1,2,3500005,4,1,10.0,57,true
2026-05-22,1,2,3500005,5,1,9.0,51,true
2026-05-22,1,2,3500005,6,1,13.0,74,true
2026-05-22,1,2,3500005,7,1,11.0,63,true
2026-05-22,1,2,3500005,8,1,10.0,57,true
2026-05-22,1,2,3500005,9,1,12.0,68,true
2026-05-22,1,2,3500005,10,1,9.0,51,true
2026-05-22,1,2,3500005,11,1,13.0,74,true
2026-05-22,1,2,3500005,12,1,11.0,63,true
2026-05-22,1,2,3500005,13,1,11.0,63,true
2026-05-22,2,2,3501430,1,1,15.0,47,true
2026-05-22,2,2,3501430,2,1,12.0,38,true
2026-05-22,2,2,3501430,3,1,10.0,32,true
2026-05-22,2,2,3501430,4,1,12.0,38,true
2026-05-22,2,2,3501430,5,1,11.0,35,true
2026-05-22,2,2,3501430,6,1,14.0,44,true
2026-05-22,2,2,3501430,7,1,10.0,32,true
2026-05-22,2,2,3501430,8,1,11.0,35,true
2026-05-22,2,2,3501430,9,1,10.0,32,true
2026-05-22,2,2,3501430,10,1,9.0,29,true
2026-05-22,2,2,3501430,11,1,12.0,38,true
2026-05-22,2,2,3501430,12,1,11.0,35,true
2026-05-22,2,2,3501430,13,1,10.0,32,true
2026-05-22,4,2,3501226,1,1,18.0,98,true
2026-05-22,4,2,3501226,2,1,17.0,92,true
2026-05-22,4,2,3501226,3,1,12.0,65,true
2026-05-22,4,2,3501226,4,1,10.0,55,true
2026-05-22,4,2,3501226,5,1,11.0,60,true
2026-05-22,4,2,3501226,6,1,15.0,82,true
2026-05-22,4,2,3501226,7,1,12.0,65,true
2026-05-22,4,2,3501226,8,1,13.0,71,true
2026-05-22,4,2,3501226,9,1,10.0,55,true
2026-05-22,4,2,3501226,10,1,9.0,49,true
2026-05-22,4,2,3501226,11,1,10.0,55,true
2026-05-22,4,2,3501226,12,1,10.0,55,true
2026-05-22,4,2,3501226,13,1,12.0,65,true
2026-05-23,1,3,3500005,1,1,24.0,136,true
2026-05-23,1,3,3500005,2,1,20.0,113,true
2026-05-23,1,3,3500005,3,1,15.0,85,true
2026-05-23,1,3,3500005,4,1,20.0,113,true
2026-05-23,1,3,3500005,5,1,15.0,85,true
2026-05-23,1,3,3500005,6,1,20.0,113,true
2026-05-23,1,3,3500005,7,1,21.0,119,true
2026-05-23,1,3,3500005,8,1,22.0,125,true
2026-05-23,1,3,3500005,9,1,15.0,85,true
2026-05-23,1,3,3500005,10,1,15.0,85,true
2026-05-23,1,3,3500005,11,1,20.0,113,true
2026-05-23,1,3,3500005,12,1,22.0,125,true
2026-05-23,1,3,3500005,13,1,19.0,108,true
2026-05-23,2,3,3501430,1,1,15.0,47,true
2026-05-23,2,3,3501430,2,1,12.0,38,true
2026-05-23,2,3,3501430,3,1,20.0,63,true
2026-05-23,2,3,3501430,4,1,10.0,32,true
2026-05-23,2,3,3501430,5,1,10.0,32,true
2026-05-23,2,3,3501430,6,1,16.0,50,true
2026-05-23,2,3,3501430,7,1,22.0,69,true
2026-05-23,2,3,3501430,8,1,10.0,32,true
2026-05-23,2,3,3501430,9,1,12.0,38,true
2026-05-23,2,3,3501430,10,1,15.0,47,true
2026-05-23,2,3,3501430,11,1,12.0,38,true
2026-05-23,2,3,3501430,12,1,10.0,32,true
2026-05-23,2,3,3501430,13,1,19.0,60,true
2026-05-23,4,3,3500162,1,1,24.0,115,true
2026-05-23,4,3,3500162,2,1,20.0,96,true
2026-05-23,4,3,3500162,3,1,20.0,96,true
2026-05-23,4,3,3500162,4,1,10.0,48,true
2026-05-23,4,3,3500162,5,1,15.0,72,true
2026-05-23,4,3,3500162,6,1,19.0,91,true
2026-05-23,4,3,3500162,7,1,22.0,105,true
2026-05-23,4,3,3500162,8,1,22.0,105,true
2026-05-23,4,3,3500162,9,1,15.0,72,true
2026-05-23,4,3,3500162,10,1,22.0,105,true
2026-05-23,4,3,3500162,11,1,20.0,96,true
2026-05-23,4,3,3500162,12,1,15.0,72,true
2026-05-23,4,3,3500162,13,1,16.0,77,true
2026-05-23,1,2,3500005,1,1,10.0,57,true
2026-05-23,1,2,3500005,2,1,11.0,63,true
2026-05-23,1,2,3500005,3,1,12.0,68,true
2026-05-23,1,2,3500005,4,1,10.0,57,true
2026-05-23,1,2,3500005,5,1,9.0,51,true
2026-05-23,1,2,3500005,6,1,12.0,68,true
2026-05-23,1,2,3500005,7,1,11.0,63,true
2026-05-23,1,2,3500005,8,1,10.0,57,true
2026-05-23,1,2,3500005,9,1,11.0,63,true
2026-05-23,1,2,3500005,10,1,12.0,68,true
2026-05-23,1,2,3500005,11,1,10.0,57,true
2026-05-23,1,2,3500005,12,1,13.0,74,true
2026-05-23,1,2,3500005,13,1,12.0,68,true
2026-05-23,2,2,3500162,1,1,18.0,86,true
2026-05-23,2,2,3500162,2,1,15.0,72,true
2026-05-23,2,2,3500162,3,1,12.0,58,true
2026-05-23,2,2,3500162,4,1,10.0,48,true
2026-05-23,2,2,3500162,5,1,10.0,48,true
2026-05-23,2,2,3500162,6,1,15.0,72,true
2026-05-23,2,2,3500162,7,1,10.0,48,true
2026-05-23,2,2,3500162,8,1,12.0,58,true
2026-05-23,2,2,3500162,9,1,13.0,62,true
2026-05-23,2,2,3500162,10,1,10.0,48,true
2026-05-23,2,2,3500162,11,1,10.0,48,true
2026-05-23,2,2,3500162,12,1,13.0,62,true
2026-05-23,2,2,3500162,13,1,12.0,58,true
2026-05-23,4,2,3500162,1,1,18.0,86,true
2026-05-23,4,2,3500162,2,1,20.0,96,true
2026-05-23,4,2,3500162,3,1,15.0,72,true
2026-05-23,4,2,3500162,4,1,17.0,81,true
2026-05-23,4,2,3500162,5,1,10.0,48,true
2026-05-23,4,2,3500162,6,1,15.0,72,true
2026-05-23,4,2,3500162,7,1,12.0,58,true
2026-05-23,4,2,3500162,8,1,10.0,48,true
2026-05-23,4,2,3500162,9,1,11.0,53,true
2026-05-23,4,2,3500162,10,1,10.0,48,true
2026-05-23,4,2,3500162,11,1,9.0,43,true
2026-05-23,4,2,3500162,12,1,10.0,48,true
2026-05-23,4,2,3500162,13,1,11.0,53,true
2026-05-23,1,1,3500005,1,1,15.0,85,true
2026-05-23,1,1,3500005,2,1,10.0,57,true
2026-05-23,1,1,3500005,3,1,12.0,68,true
2026-05-23,1,1,3500005,4,1,20.0,113,true
2026-05-23,1,1,3500005,5,1,12.0,68,true
2026-05-23,1,1,3500005,6,1,19.0,108,true
2026-05-23,1,1,3500005,7,1,18.0,102,true
2026-05-23,1,1,3500005,8,1,10.0,57,true
2026-05-23,1,1,3500005,9,1,13.0,74,true
2026-05-23,1,1,3500005,10,1,9.0,51,true
2026-05-23,1,1,3500005,11,1,10.0,57,true
2026-05-23,1,1,3500005,12,1,11.0,63,true
2026-05-23,1,1,3500005,13,1,17.0,97,true
2026-05-23,2,1,3500162,1,1,24.0,115,true
2026-05-23,2,1,3500162,2,1,20.0,96,true
2026-05-23,2,1,3500162,3,1,22.0,105,true
2026-05-23,2,1,3500162,4,1,18.0,86,true
2026-05-23,2,1,3500162,5,1,15.0,72,true
2026-05-23,2,1,3500162,6,1,31.0,148,true
2026-05-23,2,1,3500162,7,1,20.0,96,true
2026-05-23,2,1,3500162,8,1,12.0,58,true
2026-05-23,2,1,3500162,9,1,17.0,81,true
2026-05-23,2,1,3500162,10,1,15.0,72,true
2026-05-23,2,1,3500162,11,1,20.0,96,true
2026-05-23,2,1,3500162,12,1,12.0,58,true
2026-05-23,2,1,3500162,13,1,19.0,91,true
2026-05-23,4,1,3500162,1,1,30.0,143,true
2026-05-23,4,1,3500162,2,1,24.0,115,true
2026-05-23,4,1,3500162,3,1,22.0,105,true
2026-05-23,4,1,3500162,4,1,10.0,48,true
2026-05-23,4,1,3500162,5,1,10.0,48,true
2026-05-23,4,1,3500162,6,1,22.0,105,true
2026-05-23,4,1,3500162,7,1,24.0,115,true
2026-05-23,4,1,3500162,8,1,22.0,105,true
2026-05-23,4,1,3500162,9,1,20.0,96,true
2026-05-23,4,1,3500162,10,1,15.0,72,true
2026-05-23,4,1,3500162,11,1,17.0,81,true
2026-05-23,4,1,3500162,12,1,15.0,72,true
2026-05-23,4,1,3500162,13,1,23.0,110,true
2026-05-24,1,3,3500005,1,1,10.0,57,true
2026-05-24,1,3,3500005,2,1,16.0,91,true
2026-05-24,1,3,3500005,3,1,12.0,68,true
2026-05-24,1,3,3500005,4,1,14.0,80,true
2026-05-24,1,3,3500005,5,1,11.0,63,true
2026-05-24,1,3,3500005,6,1,23.0,130,true
2026-05-24,1,3,3500005,7,1,18.0,102,true
2026-05-24,1,3,3500005,8,1,12.0,68,true
2026-05-24,1,3,3500005,9,1,10.0,57,true
2026-05-24,1,3,3500005,10,1,10.0,57,true
2026-05-24,1,3,3500005,11,1,14.0,80,true
2026-05-24,1,3,3500005,12,1,18.0,102,true
2026-05-24,1,3,3500005,13,1,23.0,130,true
2026-05-24,2,3,3500162,1,1,18.0,86,true
2026-05-24,2,3,3500162,2,1,14.0,67,true
2026-05-24,2,3,3500162,3,1,16.0,77,true
2026-05-24,2,3,3500162,4,1,12.0,58,true
2026-05-24,2,3,3500162,5,1,10.0,48,true
2026-05-24,2,3,3500162,6,1,24.0,115,true
2026-05-24,2,3,3500162,7,1,12.0,58,true
2026-05-24,2,3,3500162,8,1,10.0,48,true
2026-05-24,2,3,3500162,9,1,22.0,105,true
2026-05-24,2,3,3500162,10,1,10.0,48,true
2026-05-24,2,3,3500162,11,1,14.0,67,true
2026-05-24,2,3,3500162,12,1,19.0,91,true
2026-05-24,2,3,3500162,13,1,17.0,81,true
2026-05-24,4,3,3500162,1,1,26.0,124,true
2026-05-24,4,3,3500162,2,1,24.0,115,true
2026-05-24,4,3,3500162,3,1,18.0,86,true
2026-05-24,4,3,3500162,4,1,16.0,77,true
2026-05-24,4,3,3500162,5,1,22.0,105,true
2026-05-24,4,3,3500162,6,1,34.0,162,true
2026-05-24,4,3,3500162,7,1,16.0,77,true
2026-05-24,4,3,3500162,8,1,16.0,77,true
2026-05-24,4,3,3500162,9,1,22.0,105,true
2026-05-24,4,3,3500162,10,1,16.0,77,true
2026-05-24,4,3,3500162,11,1,24.0,115,true
2026-05-24,4,3,3500162,12,1,32.0,153,true
2026-05-24,4,3,3500162,13,1,26.0,124,true
2026-05-24,1,1,3500005,1,1,12.0,68,true
2026-05-24,1,1,3500005,2,1,10.0,57,true
2026-05-24,1,1,3500005,3,1,11.0,63,true
2026-05-24,1,1,3500005,4,1,14.0,80,true
2026-05-24,1,1,3500005,5,1,19.0,108,true
2026-05-24,1,1,3500005,6,1,30.0,170,true
2026-05-24,1,1,3500005,7,1,11.0,63,true
2026-05-24,1,1,3500005,8,1,9.0,51,true
2026-05-24,1,1,3500005,9,1,13.0,74,true
2026-05-24,1,1,3500005,10,1,11.0,63,true
2026-05-24,1,1,3500005,11,1,12.0,68,true
2026-05-24,1,1,3500005,12,1,10.0,57,true
2026-05-24,1,1,3500005,13,1,27.0,153,true
2026-05-25,1,3,3500005,1,1,40.0,226,true
2026-05-25,1,3,3500005,2,1,24.0,136,true
2026-05-25,1,3,3500005,3,1,20.0,113,true
2026-05-25,1,3,3500005,4,1,30.0,170,true
2026-05-25,1,3,3500005,5,1,22.0,125,true
2026-05-25,1,3,3500005,6,1,25.0,142,true
2026-05-25,1,3,3500005,7,1,24.0,136,true
2026-05-25,1,3,3500005,8,1,30.0,170,true
2026-05-25,1,3,3500005,9,1,10.0,57,true
2026-05-25,1,3,3500005,10,1,22.0,125,true
2026-05-25,1,3,3500005,11,1,20.0,113,true
2026-05-25,1,3,3500005,12,1,18.0,102,true
2026-05-25,1,3,3500005,13,1,30.0,170,true
2026-05-24,1,2,3500005,1,1,11.0,63,true
2026-05-24,1,2,3500005,2,1,15.0,85,true
2026-05-24,1,2,3500005,3,1,9.0,51,true
2026-05-24,1,2,3500005,4,1,13.0,74,true
2026-05-24,1,2,3500005,5,1,12.0,68,true
2026-05-24,1,2,3500005,6,1,24.0,136,true
2026-05-24,1,2,3500005,7,1,11.0,63,true
2026-05-24,1,2,3500005,8,1,10.0,57,true
2026-05-24,1,2,3500005,9,1,18.0,102,true
2026-05-24,1,2,3500005,10,1,16.0,91,true
2026-05-24,1,2,3500005,11,1,12.0,68,true
2026-05-24,1,2,3500005,12,1,15.0,85,true
2026-05-24,1,2,3500005,13,1,27.0,153,true
2026-05-25,1,1,3500005,1,1,18.0,102,true
2026-05-25,1,1,3500005,2,1,15.0,85,true
2026-05-25,1,1,3500005,3,1,12.0,68,true
2026-05-25,1,1,3500005,4,1,10.0,57,true
2026-05-25,1,1,3500005,5,1,12.0,68,true
2026-05-25,1,1,3500005,6,1,15.0,85,true
2026-05-25,1,1,3500005,7,1,12.0,68,true
2026-05-25,1,1,3500005,8,1,15.0,85,true
2026-05-25,1,1,3500005,9,1,10.0,57,true
2026-05-25,1,1,3500005,10,1,10.0,57,true
2026-05-25,1,1,3500005,11,1,11.0,63,true
2026-05-25,1,1,3500005,12,1,12.0,68,true
2026-05-25,1,1,3500005,13,1,11.0,63,true
2026-05-25,4,1,3501226,1,1,20.0,109,true
2026-05-25,4,1,3501226,2,1,18.0,98,true
2026-05-25,4,1,3501226,3,1,20.0,109,true
2026-05-25,4,1,3501226,4,1,17.0,92,true
2026-05-25,4,1,3501226,5,1,10.0,55,true
2026-05-25,4,1,3501226,6,1,12.0,65,true
2026-05-25,4,1,3501226,7,1,13.0,71,true
2026-05-25,4,1,3501226,8,1,13.0,71,true
2026-05-25,4,1,3501226,9,1,12.0,65,true
2026-05-25,4,1,3501226,10,1,10.0,55,true
2026-05-25,4,1,3501226,11,1,9.0,49,true
2026-05-25,4,1,3501226,12,1,10.0,55,true
2026-05-25,4,1,3501226,13,1,11.0,60,true
2026-05-25,6,1,3500888,1,1,22.0,36,true
2026-05-25,6,1,3500888,2,1,20.0,33,true
2026-05-25,6,1,3500888,3,1,19.0,31,true
2026-05-25,6,1,3500888,4,1,15.0,25,true
2026-05-25,6,1,3500888,5,1,10.0,17,true
2026-05-25,6,1,3500888,6,1,15.0,25,true
2026-05-25,6,1,3500888,7,1,15.0,25,true
2026-05-25,6,1,3500888,8,1,10.0,17,true
2026-05-25,6,1,3500888,9,1,11.0,18,true
2026-05-25,6,1,3500888,10,1,12.0,20,true
2026-05-25,6,1,3500888,11,1,10.0,17,true
2026-05-25,6,1,3500888,12,1,13.0,21,true
2026-05-25,6,1,3500888,13,1,12.0,20,true
2026-05-25,1,2,3500005,1,1,10.0,57,true
2026-05-25,1,2,3500005,2,1,12.0,68,true
2026-05-25,1,2,3500005,3,1,14.0,80,true
2026-05-25,1,2,3500005,4,1,16.0,91,true
2026-05-25,1,2,3500005,5,1,20.0,113,true
2026-05-25,1,2,3500005,6,1,22.0,125,true
2026-05-25,1,2,3500005,7,1,16.0,91,true
2026-05-25,1,2,3500005,8,1,10.0,57,true
2026-05-25,1,2,3500005,9,1,7.0,40,true
2026-05-25,1,2,3500005,10,1,12.0,68,true
2026-05-25,1,2,3500005,11,1,14.0,80,true
2026-05-25,1,2,3500005,12,1,20.0,113,true
2026-05-25,1,2,3500005,13,1,32.0,181,true
2026-05-25,2,2,3500162,1,1,32.0,153,true
2026-05-25,2,2,3500162,2,1,22.0,105,true
2026-05-25,2,2,3500162,3,1,10.0,48,true
2026-05-25,2,2,3500162,4,1,7.0,34,true
2026-05-25,2,2,3500162,5,1,6.0,29,true
2026-05-25,2,2,3500162,6,1,36.0,172,true
2026-05-25,2,2,3500162,7,1,10.0,48,true
2026-05-25,2,2,3500162,8,1,7.0,34,true
2026-05-25,2,2,3500162,9,1,12.0,58,true
2026-05-25,2,2,3500162,10,1,10.0,48,true
2026-05-25,2,2,3500162,11,1,7.0,34,true
2026-05-25,2,2,3500162,12,1,62.0,296,true
2026-05-25,2,2,3500162,13,1,11.0,53,true
2026-05-25,4,2,3501226,1,1,16.0,87,true
2026-05-25,4,2,3501226,2,1,14.0,76,true
2026-05-25,4,2,3501226,3,1,16.0,87,true
2026-05-25,4,2,3501226,4,1,22.0,119,true
2026-05-25,4,2,3501226,5,1,14.0,76,true
2026-05-25,4,2,3501226,6,1,20.0,109,true
2026-05-25,4,2,3501226,7,1,14.0,76,true
2026-05-25,4,2,3501226,8,1,10.0,55,true
2026-05-25,4,2,3501226,9,1,18.0,98,true
2026-05-25,4,2,3501226,10,1,10.0,55,true
2026-05-25,4,2,3501226,11,1,16.0,87,true
2026-05-25,4,2,3501226,12,1,22.0,119,true
2026-05-25,4,2,3501226,13,1,20.0,109,true
2026-05-25,6,2,3500888,1,1,10.0,17,true
2026-05-25,6,2,3500888,2,1,16.0,26,true
2026-05-25,6,2,3500888,3,1,18.0,30,true
2026-05-25,6,2,3500888,4,1,14.0,23,true
2026-05-25,6,2,3500888,5,1,12.0,20,true
2026-05-25,6,2,3500888,6,1,19.0,31,true
2026-05-25,6,2,3500888,7,1,10.0,17,true
2026-05-25,6,2,3500888,8,1,11.0,18,true
2026-05-25,6,2,3500888,9,1,10.0,17,true
2026-05-25,6,2,3500888,10,1,8.0,13,true
2026-05-25,6,2,3500888,11,1,16.0,26,true
2026-05-25,6,2,3500888,12,1,14.0,23,true
2026-05-25,6,2,3500888,13,1,28.0,46,true
2026-05-26,1,3,3500005,1,1,20.0,113,true
2026-05-26,1,3,3500005,2,1,22.0,125,true
2026-05-26,1,3,3500005,3,1,10.0,57,true
2026-05-26,1,3,3500005,4,1,15.0,85,true
2026-05-26,1,3,3500005,5,1,24.0,136,true
2026-05-26,1,3,3500005,6,1,20.0,113,true
2026-05-26,1,3,3500005,7,1,24.0,136,true
2026-05-26,1,3,3500005,8,1,20.0,113,true
2026-05-26,1,3,3500005,9,1,18.0,102,true
2026-05-26,1,3,3500005,10,1,15.0,85,true
2026-05-26,1,3,3500005,11,1,20.0,113,true
2026-05-26,1,3,3500005,12,1,22.0,125,true
2026-05-26,1,3,3500005,13,1,21.0,119,true
2026-05-26,2,3,3500162,1,1,30.0,143,true
2026-05-26,2,3,3500162,2,1,24.0,115,true
2026-05-26,2,3,3500162,3,1,20.0,96,true
2026-05-26,2,3,3500162,4,1,15.0,72,true
2026-05-26,2,3,3500162,5,1,10.0,48,true
2026-05-26,2,3,3500162,6,1,19.0,91,true
2026-05-26,2,3,3500162,7,1,24.0,115,true
2026-05-26,2,3,3500162,8,1,20.0,96,true
2026-05-26,2,3,3500162,9,1,22.0,105,true
2026-05-26,2,3,3500162,10,1,16.0,77,true
2026-05-26,2,3,3500162,11,1,15.0,72,true
2026-05-26,2,3,3500162,12,1,10.0,48,true
2026-05-26,2,3,3500162,13,1,19.0,91,true
2026-05-26,4,3,3501226,1,1,30.0,163,true
2026-05-26,4,3,3501226,2,1,24.0,130,true
2026-05-26,4,3,3501226,3,1,20.0,109,true
2026-05-26,4,3,3501226,4,1,22.0,119,true
2026-05-26,4,3,3501226,5,1,17.0,92,true
2026-05-26,4,3,3501226,6,1,25.0,136,true
2026-05-26,4,3,3501226,7,1,24.0,130,true
2026-05-26,4,3,3501226,8,1,20.0,109,true
2026-05-26,4,3,3501226,9,1,10.0,55,true
2026-05-26,4,3,3501226,10,1,22.0,119,true
2026-05-26,4,3,3501226,11,1,15.0,82,true
2026-05-26,4,3,3501226,12,1,12.0,65,true
2026-05-26,4,3,3501226,13,1,16.0,87,true
2026-05-26,6,3,3500888,1,1,34.0,55,true
2026-05-26,6,3,3500888,2,1,30.0,49,true
2026-05-26,6,3,3500888,3,1,24.0,39,true
2026-05-26,6,3,3500888,4,1,20.0,33,true
2026-05-26,6,3,3500888,5,1,22.0,36,true
2026-05-26,6,3,3500888,6,1,27.0,44,true
2026-05-26,6,3,3500888,7,1,24.0,39,true
2026-05-26,6,3,3500888,8,1,20.0,33,true
2026-05-26,6,3,3500888,9,1,15.0,25,true
2026-05-26,6,3,3500888,10,1,12.0,20,true
2026-05-26,6,3,3500888,11,1,10.0,17,true
2026-05-26,6,3,3500888,12,1,11.0,18,true
2026-05-26,6,3,3500888,13,1,17.0,28,true
2026-05-26,1,1,3500005,1,1,15.0,85,true
2026-05-26,1,1,3500005,2,1,18.0,102,true
2026-05-26,1,1,3500005,3,1,12.0,68,true
2026-05-26,1,1,3500005,4,1,13.0,74,true
2026-05-26,1,1,3500005,5,1,10.0,57,true
2026-05-26,1,1,3500005,6,1,12.0,68,true
2026-05-26,1,1,3500005,7,1,12.0,68,true
2026-05-26,1,1,3500005,8,1,16.0,91,true
2026-05-26,1,1,3500005,9,1,11.0,63,true
2026-05-26,1,1,3500005,10,1,12.0,68,true
2026-05-26,1,1,3500005,11,1,10.0,57,true
2026-05-26,1,1,3500005,12,1,9.0,51,true
2026-05-26,1,1,3500005,13,1,10.0,57,true
2026-05-26,2,1,3500162,1,1,18.0,86,true
2026-05-26,2,1,3500162,2,1,15.0,72,true
2026-05-26,2,1,3500162,3,1,13.0,62,true
2026-05-26,2,1,3500162,4,1,12.0,58,true
2026-05-26,2,1,3500162,5,1,10.0,48,true
2026-05-26,2,1,3500162,6,1,11.0,53,true
2026-05-26,2,1,3500162,7,1,10.0,48,true
2026-05-26,2,1,3500162,8,1,12.0,58,true
2026-05-26,2,1,3500162,9,1,15.0,72,true
2026-05-26,2,1,3500162,10,1,12.0,58,true
2026-05-26,2,1,3500162,11,1,10.0,48,true
2026-05-26,2,1,3500162,12,1,9.0,43,true
2026-05-26,2,1,3500162,13,1,10.0,48,true
2026-05-26,4,1,3501226,1,1,22.0,119,true
2026-05-26,4,1,3501226,2,1,10.0,55,true
2026-05-26,4,1,3501226,3,1,15.0,82,true
2026-05-26,4,1,3501226,4,1,12.0,65,true
2026-05-26,4,1,3501226,5,1,13.0,71,true
2026-05-26,4,1,3501226,6,1,15.0,82,true
2026-05-26,4,1,3501226,7,1,18.0,98,true
2026-05-26,4,1,3501226,8,1,17.0,92,true
2026-05-26,4,1,3501226,9,1,15.0,82,true
2026-05-26,4,1,3501226,10,1,1.0,6,true
2026-05-26,4,1,3501226,11,1,13.0,71,true
2026-05-26,4,1,3501226,12,1,10.0,55,true
2026-05-26,4,1,3501226,13,1,15.0,82,true
2026-05-26,6,1,3500888,1,1,24.0,39,true
2026-05-26,6,1,3500888,2,1,18.0,30,true
2026-05-26,6,1,3500888,3,1,15.0,25,true
2026-05-26,6,1,3500888,4,1,12.0,20,true
2026-05-26,6,1,3500888,5,1,13.0,21,true
2026-05-26,6,1,3500888,6,1,15.0,25,true
2026-05-26,6,1,3500888,7,1,10.0,17,true
2026-05-26,6,1,3500888,8,1,10.0,17,true
2026-05-26,6,1,3500888,9,1,15.0,25,true
2026-05-26,6,1,3500888,10,1,12.0,20,true
2026-05-26,6,1,3500888,11,1,13.0,21,true
2026-05-26,6,1,3500888,12,1,10.0,17,true
2026-05-26,6,1,3500888,13,1,12.0,20,true
2026-05-26,1,2,3500005,1,1,12.0,68,true
2026-05-26,1,2,3500005,2,1,14.0,80,true
2026-05-26,1,2,3500005,3,1,18.0,102,true
2026-05-26,1,2,3500005,4,1,22.0,125,true
2026-05-26,1,2,3500005,5,1,24.0,136,true
2026-05-26,1,2,3500005,6,1,21.0,119,true
2026-05-26,1,2,3500005,7,1,12.0,68,true
2026-05-26,1,2,3500005,8,1,10.0,57,true
2026-05-26,1,2,3500005,9,1,10.0,57,true
2026-05-26,1,2,3500005,10,1,9.0,51,true
2026-05-26,1,2,3500005,11,1,12.0,68,true
2026-05-26,1,2,3500005,12,1,16.0,91,true
2026-05-26,1,2,3500005,13,1,21.0,119,true
2026-05-26,2,2,3500162,1,1,32.0,153,true
2026-05-26,2,2,3500162,2,1,16.0,77,true
2026-05-26,2,2,3500162,3,1,14.0,67,true
2026-05-26,2,2,3500162,4,1,12.0,58,true
2026-05-26,2,2,3500162,5,1,10.0,48,true
2026-05-26,2,2,3500162,6,1,17.0,81,true
2026-05-26,2,2,3500162,7,1,12.0,58,true
2026-05-26,2,2,3500162,8,1,10.0,48,true
2026-05-26,2,2,3500162,9,1,22.0,105,true
2026-05-26,2,2,3500162,10,1,10.0,48,true
2026-05-26,2,2,3500162,11,1,14.0,67,true
2026-05-26,2,2,3500162,12,1,12.0,58,true
2026-05-26,2,2,3500162,13,1,19.0,91,true
2026-05-26,4,2,3501226,1,1,26.0,141,true
2026-05-26,4,2,3501226,2,1,28.0,152,true
2026-05-26,4,2,3501226,3,1,16.0,87,true
2026-05-26,4,2,3501226,4,1,14.0,76,true
2026-05-26,4,2,3501226,5,1,12.0,65,true
2026-05-26,4,2,3501226,6,1,20.0,109,true
2026-05-26,4,2,3501226,7,1,12.0,65,true
2026-05-26,4,2,3501226,8,1,12.0,65,true
2026-05-26,4,2,3501226,9,1,18.0,98,true
2026-05-26,4,2,3501226,10,1,12.0,65,true
2026-05-26,4,2,3501226,11,1,14.0,76,true
2026-05-26,4,2,3501226,12,1,22.0,119,true
2026-05-26,4,2,3501226,13,1,34.0,184,true
2026-05-26,6,2,3500888,1,1,24.0,39,true
2026-05-26,6,2,3500888,2,1,30.0,49,true
2026-05-26,6,2,3500888,3,1,26.0,42,true
2026-05-26,6,2,3500888,4,1,18.0,30,true
2026-05-26,6,2,3500888,5,1,16.0,26,true
2026-05-26,6,2,3500888,6,1,28.0,46,true
2026-05-26,6,2,3500888,7,1,22.0,36,true
2026-05-26,6,2,3500888,8,1,12.0,20,true
2026-05-26,6,2,3500888,9,1,10.0,17,true
2026-05-26,6,2,3500888,10,1,7.0,12,true
2026-05-26,6,2,3500888,11,1,12.0,20,true
2026-05-26,6,2,3500888,12,1,16.0,26,true
2026-05-26,6,2,3500888,13,1,24.0,39,true
2026-05-27,1,3,3500005,1,1,13.0,74,true
2026-05-27,1,3,3500005,2,1,11.0,63,true
2026-05-27,1,3,3500005,3,1,10.0,57,true
2026-05-27,1,3,3500005,4,1,22.0,125,true
2026-05-27,1,3,3500005,5,1,15.0,85,true
2026-05-27,1,3,3500005,6,1,19.0,108,true
2026-05-27,1,3,3500005,7,1,10.0,57,true
2026-05-27,1,3,3500005,8,1,12.0,68,true
2026-05-27,1,3,3500005,9,1,16.0,91,true
2026-05-27,1,3,3500005,10,1,19.0,108,true
2026-05-27,1,3,3500005,11,1,10.0,57,true
2026-05-27,1,3,3500005,12,1,12.0,68,true
2026-05-27,1,3,3500005,13,1,21.0,119,true
2026-05-27,2,3,3500162,1,1,24.0,115,true
2026-05-27,2,3,3500162,2,1,20.0,96,true
2026-05-27,2,3,3500162,3,1,19.0,91,true
2026-05-27,2,3,3500162,4,1,15.0,72,true
2026-05-27,2,3,3500162,5,1,20.0,96,true
2026-05-27,2,3,3500162,6,1,32.0,153,true
2026-05-27,2,3,3500162,7,1,0.0,0,true
2026-05-27,2,3,3500162,8,1,0.0,0,true
2026-05-27,2,3,3500162,9,1,0.0,0,true
2026-05-27,2,3,3500162,10,1,0.0,0,true
2026-05-27,2,3,3500162,11,1,0.0,0,true
2026-05-27,2,3,3500162,12,1,0.0,0,true
2026-05-27,2,3,3500162,13,1,0.0,0,true
2026-05-27,4,3,3501225,1,1,30.0,182,true
2026-05-27,4,3,3501225,2,1,22.0,134,true
2026-05-27,4,3,3501225,3,1,18.0,110,true
2026-05-27,4,3,3501225,4,1,15.0,91,true
2026-05-27,4,3,3501225,5,1,10.0,61,true
2026-05-27,4,3,3501225,6,1,19.0,116,true
2026-05-27,4,3,3501225,7,1,24.0,146,true
2026-05-27,4,3,3501225,8,1,20.0,122,true
2026-05-27,4,3,3501225,9,1,15.0,91,true
2026-05-27,4,3,3501225,10,1,12.0,73,true
2026-05-27,4,3,3501225,11,1,22.0,134,true
2026-05-27,4,3,3501225,12,1,15.0,91,true
2026-05-27,4,3,3501225,13,1,22.0,134,true
2026-05-27,1,1,3500005,1,1,10.0,57,true
2026-05-27,1,1,3500005,2,1,11.0,63,true
2026-05-27,1,1,3500005,3,1,12.0,68,true
2026-05-27,1,1,3500005,4,1,9.0,51,true
2026-05-27,1,1,3500005,5,1,7.0,40,true
2026-05-27,1,1,3500005,6,1,12.0,68,true
2026-05-27,1,1,3500005,7,1,10.0,57,true
2026-05-27,1,1,3500005,8,1,11.0,63,true
2026-05-27,1,1,3500005,9,1,9.0,51,true
2026-05-27,1,1,3500005,10,1,10.0,57,true
2026-05-27,1,1,3500005,11,1,8.0,46,true
2026-05-27,1,1,3500005,12,1,0.0,0,true
2026-05-27,1,1,3500005,13,1,10.0,57,true
2026-05-27,2,1,3500162,1,1,20.0,96,true
2026-05-27,2,1,3500162,2,1,18.0,86,true
2026-05-27,2,1,3500162,3,1,15.0,72,true
2026-05-27,2,1,3500162,4,1,12.0,58,true
2026-05-27,2,1,3500162,5,1,13.0,62,true
2026-05-27,2,1,3500162,6,1,15.0,72,true
2026-05-27,2,1,3500162,7,1,13.0,62,true
2026-05-27,2,1,3500162,8,1,10.0,48,true
2026-05-27,2,1,3500162,9,1,13.0,62,true
2026-05-27,2,1,3500162,10,1,17.0,81,true
2026-05-27,2,1,3500162,11,1,12.0,58,true
2026-05-27,2,1,3500162,12,1,15.0,72,true
2026-05-27,2,1,3500162,13,1,14.0,67,true
2026-05-27,4,1,3501225,1,1,18.0,110,true
2026-05-27,4,1,3501225,2,1,15.0,91,true
2026-05-27,4,1,3501225,3,1,12.0,73,true
2026-05-27,4,1,3501225,4,1,15.0,91,true
2026-05-27,4,1,3501225,5,1,10.0,61,true
2026-05-27,4,1,3501225,6,1,13.0,79,true
2026-05-27,4,1,3501225,7,1,12.0,73,true
2026-05-27,4,1,3501225,8,1,10.0,61,true
2026-05-27,4,1,3501225,9,1,11.0,67,true
2026-05-27,4,1,3501225,10,1,10.0,61,true
2026-05-27,4,1,3501225,11,1,12.0,73,true
2026-05-27,4,1,3501225,12,1,9.0,55,true
2026-05-27,4,1,3501225,13,1,10.0,61,true
2026-05-27,1,2,3500005,1,1,5.0,29,true
2026-05-27,1,2,3500005,2,1,7.0,40,true
2026-05-27,1,2,3500005,3,1,6.0,34,true
2026-05-27,1,2,3500005,4,1,4.0,23,true
2026-05-27,1,2,3500005,5,1,6.0,34,true
2026-05-27,1,2,3500005,6,1,9.0,51,true
2026-05-27,1,2,3500005,7,1,4.0,23,true
2026-05-27,1,2,3500005,8,1,9.0,51,true
2026-05-27,1,2,3500005,9,1,3.0,17,true
2026-05-27,1,2,3500005,10,1,4.0,23,true
2026-05-27,1,2,3500005,11,1,6.0,34,true
2026-05-27,1,2,3500005,12,1,7.0,40,true
2026-05-27,1,2,3500005,13,1,9.0,51,true
2026-05-27,2,2,3500162,1,1,16.0,77,true
2026-05-27,2,2,3500162,2,1,12.0,58,true
2026-05-27,2,2,3500162,3,1,14.0,67,true
2026-05-27,2,2,3500162,4,1,10.0,48,true
2026-05-27,2,2,3500162,5,1,10.0,48,true
2026-05-27,2,2,3500162,6,1,23.0,110,true
2026-05-27,2,2,3500162,7,1,10.0,48,true
2026-05-27,2,2,3500162,8,1,11.0,53,true
2026-05-27,2,2,3500162,9,1,16.0,77,true
2026-05-27,2,2,3500162,10,1,10.0,48,true
2026-05-27,2,2,3500162,11,1,12.0,58,true
2026-05-27,2,2,3500162,12,1,16.0,77,true
2026-05-27,2,2,3500162,13,1,14.0,67,true
2026-05-27,4,2,3501225,1,1,32.0,194,true
2026-05-27,4,2,3501225,2,1,28.0,170,true
2026-05-27,4,2,3501225,3,1,44.0,267,true
2026-05-27,4,2,3501225,4,1,42.0,255,true
2026-05-27,4,2,3501225,5,1,30.0,182,true
2026-05-27,4,2,3501225,6,1,32.0,194,true
2026-05-27,4,2,3501225,7,1,20.0,122,true
2026-05-27,4,2,3501225,8,1,14.0,85,true
2026-05-27,4,2,3501225,9,1,16.0,97,true
2026-05-27,4,2,3501225,10,1,10.0,61,true
2026-05-27,4,2,3501225,11,1,14.0,85,true
2026-05-27,4,2,3501225,12,1,18.0,110,true
2026-05-27,4,2,3501225,13,1,29.0,176,true
2026-05-28,1,3,3500005,1,1,12.0,68,true
2026-05-28,1,3,3500005,2,1,10.0,57,true
2026-05-28,1,3,3500005,3,1,10.0,57,true
2026-05-28,1,3,3500005,4,1,12.0,68,true
2026-05-28,1,3,3500005,5,1,15.0,85,true
2026-05-28,1,3,3500005,6,1,16.0,91,true
2026-05-28,1,3,3500005,7,1,10.0,57,true
2026-05-28,1,3,3500005,8,1,12.0,68,true
2026-05-28,1,3,3500005,9,1,11.0,63,true
2026-05-28,1,3,3500005,10,1,13.0,74,true
2026-05-28,1,3,3500005,11,1,11.0,63,true
2026-05-28,1,3,3500005,12,1,8.0,46,true
2026-05-28,1,3,3500005,13,1,19.0,108,true
2026-05-28,2,3,3500162,1,1,20.0,96,true
2026-05-28,2,3,3500162,2,1,15.0,72,true
2026-05-28,2,3,3500162,3,1,18.0,86,true
2026-05-28,2,3,3500162,4,1,20.0,96,true
2026-05-28,2,3,3500162,5,1,12.0,58,true
2026-05-28,2,3,3500162,6,1,17.0,81,true
2026-05-28,2,3,3500162,7,1,15.0,72,true
2026-05-28,2,3,3500162,8,1,20.0,96,true
2026-05-28,2,3,3500162,9,1,15.0,72,true
2026-05-28,2,3,3500162,10,1,13.0,62,true
2026-05-28,2,3,3500162,11,1,10.0,48,true
2026-05-28,2,3,3500162,12,1,12.0,58,true
2026-05-28,2,3,3500162,13,1,16.0,77,true
2026-05-28,4,3,3501225,1,1,30.0,182,true
2026-05-28,4,3,3501225,2,1,24.0,146,true
2026-05-28,4,3,3501225,3,1,15.0,91,true
2026-05-28,4,3,3501225,4,1,20.0,122,true
2026-05-28,4,3,3501225,5,1,12.0,73,true
2026-05-28,4,3,3501225,6,1,20.0,122,true
2026-05-28,4,3,3501225,7,1,22.0,134,true
2026-05-28,4,3,3501225,8,1,18.0,110,true
2026-05-28,4,3,3501225,9,1,15.0,91,true
2026-05-28,4,3,3501225,10,1,20.0,122,true
2026-05-28,4,3,3501225,11,1,22.0,134,true
2026-05-28,4,3,3501225,12,1,10.0,61,true
2026-05-28,4,3,3501225,13,1,20.0,122,true
2026-05-28,1,2,3500005,1,1,10.0,57,true
2026-05-28,1,2,3500005,2,1,14.0,80,true
2026-05-28,1,2,3500005,3,1,16.0,91,true
2026-05-28,1,2,3500005,4,1,14.0,80,true
2026-05-28,1,2,3500005,5,1,20.0,113,true
2026-05-28,1,2,3500005,6,1,19.0,108,true
2026-05-28,1,2,3500005,7,1,14.0,80,true
2026-05-28,1,2,3500005,8,1,12.0,68,true
2026-05-28,1,2,3500005,9,1,7.0,40,true
2026-05-28,1,2,3500005,10,1,10.0,57,true
2026-05-28,1,2,3500005,11,1,14.0,80,true
2026-05-28,1,2,3500005,12,1,18.0,102,true
2026-05-28,1,2,3500005,13,1,28.0,159,true
2026-05-28,2,2,3501430,1,1,28.0,88,true
2026-05-28,2,2,3501430,2,1,20.0,63,true
2026-05-28,2,2,3501430,3,1,14.0,44,true
2026-05-28,2,2,3501430,4,1,16.0,50,true
2026-05-28,2,2,3501430,5,1,12.0,38,true
2026-05-28,2,2,3501430,6,1,25.0,78,true
2026-05-28,2,2,3501430,7,1,12.0,38,true
2026-05-28,2,2,3501430,8,1,12.0,38,true
2026-05-28,2,2,3501430,9,1,20.0,63,true
2026-05-28,2,2,3501430,10,1,10.0,32,true
2026-05-28,2,2,3501430,11,1,14.0,44,true
2026-05-28,2,2,3501430,12,1,22.0,69,true
2026-05-28,2,2,3501430,13,1,17.0,53,true
2026-05-28,4,2,3501225,1,1,22.0,134,true
2026-05-28,4,2,3501225,2,1,18.0,110,true
2026-05-28,4,2,3501225,3,1,14.0,85,true
2026-05-28,4,2,3501225,4,1,16.0,97,true
2026-05-28,4,2,3501225,5,1,20.0,122,true
2026-05-28,4,2,3501225,6,1,26.0,158,true
2026-05-28,4,2,3501225,7,1,22.0,134,true
2026-05-28,4,2,3501225,8,1,12.0,73,true
2026-05-28,4,2,3501225,9,1,18.0,110,true
2026-05-28,4,2,3501225,10,1,10.0,61,true
2026-05-28,4,2,3501225,11,1,14.0,85,true
2026-05-28,4,2,3501225,12,1,18.0,110,true
2026-05-28,4,2,3501225,13,1,27.0,164,true
2026-05-29,1,3,3500005,1,1,15.0,85,true
2026-05-29,1,3,3500005,2,1,12.0,68,true
2026-05-29,1,3,3500005,3,1,10.0,57,true
2026-05-29,1,3,3500005,4,1,22.0,125,true
2026-05-29,1,3,3500005,5,1,14.0,80,true
2026-05-29,1,3,3500005,6,1,17.0,97,true
2026-05-29,1,3,3500005,7,1,17.0,97,true
2026-05-29,1,3,3500005,8,1,13.0,74,true
2026-05-29,1,3,3500005,9,1,10.0,57,true
2026-05-29,1,3,3500005,10,1,12.0,68,true
2026-05-29,1,3,3500005,11,1,14.0,80,true
2026-05-29,1,3,3500005,12,1,20.0,113,true
2026-05-29,1,3,3500005,13,1,19.0,108,true
2026-05-29,2,3,3500162,1,1,20.0,96,true
2026-05-29,2,3,3500162,2,1,15.0,72,true
2026-05-29,2,3,3500162,3,1,10.0,48,true
2026-05-29,2,3,3500162,4,1,22.0,105,true
2026-05-29,2,3,3500162,5,1,10.0,48,true
2026-05-29,2,3,3500162,6,1,19.0,91,true
2026-05-29,2,3,3500162,7,1,15.0,72,true
2026-05-29,2,3,3500162,8,1,13.0,62,true
2026-05-29,2,3,3500162,9,1,17.0,81,true
2026-05-29,2,3,3500162,10,1,12.0,58,true
2026-05-29,2,3,3500162,11,1,10.0,48,true
2026-05-29,2,3,3500162,12,1,11.0,53,true
2026-05-29,2,3,3500162,13,1,17.0,81,true
2026-05-29,4,3,3500446,1,1,24.0,104,true
2026-05-29,4,3,3500446,2,1,20.0,87,true
2026-05-29,4,3,3500446,3,1,15.0,65,true
2026-05-29,4,3,3500446,4,1,20.0,87,true
2026-05-29,4,3,3500446,5,1,12.0,52,true
2026-05-29,4,3,3500446,6,1,26.0,113,true
2026-05-29,4,3,3500446,7,1,22.0,95,true
2026-05-29,4,3,3500446,8,1,30.0,130,true
2026-05-29,4,3,3500446,9,1,10.0,44,true
2026-05-29,4,3,3500446,10,1,15.0,65,true
2026-05-29,4,3,3500446,11,1,22.0,95,true
2026-05-29,4,3,3500446,12,1,24.0,104,true
2026-05-29,4,3,3500446,13,1,21.0,91,true
2026-05-28,1,1,3500005,1,1,18.0,102,true
2026-05-28,1,1,3500005,2,1,17.0,97,true
2026-05-28,1,1,3500005,3,1,15.0,85,true
2026-05-28,1,1,3500005,4,1,14.0,80,true
2026-05-28,1,1,3500005,5,1,12.0,68,true
2026-05-28,1,1,3500005,6,1,10.0,57,true
2026-05-28,1,1,3500005,7,1,12.0,68,true
2026-05-28,1,1,3500005,8,1,13.0,74,true
2026-05-28,1,1,3500005,9,1,10.0,57,true
2026-05-28,1,1,3500005,10,1,11.0,63,true
2026-05-28,1,1,3500005,11,1,12.0,68,true
2026-05-28,1,1,3500005,12,1,10.0,57,true
2026-05-28,1,1,3500005,13,1,11.0,63,true
2026-05-28,2,1,3501430,1,1,20.0,63,true
2026-05-28,2,1,3501430,2,1,15.0,47,true
2026-05-28,2,1,3501430,3,1,15.0,47,true
2026-05-28,2,1,3501430,4,1,10.0,32,true
2026-05-28,2,1,3501430,5,1,10.0,32,true
2026-05-28,2,1,3501430,6,1,12.0,38,true
2026-05-28,2,1,3501430,7,1,13.0,41,true
2026-05-28,2,1,3501430,8,1,15.0,47,true
2026-05-28,2,1,3501430,9,1,10.0,32,true
2026-05-28,2,1,3501430,10,1,10.0,32,true
2026-05-28,2,1,3501430,11,1,12.0,38,true
2026-05-28,2,1,3501430,12,1,11.0,35,true
2026-05-28,2,1,3501430,13,1,12.0,38,true
2026-05-28,4,1,3501225,1,1,20.0,122,true
2026-05-28,4,1,3501225,2,1,19.0,116,true
2026-05-28,4,1,3501225,3,1,15.0,91,true
2026-05-28,4,1,3501225,4,1,14.0,85,true
2026-05-28,4,1,3501225,5,1,12.0,73,true
2026-05-28,4,1,3501225,6,1,15.0,91,true
2026-05-28,4,1,3501225,7,1,12.0,73,true
2026-05-28,4,1,3501225,8,1,10.0,61,true
2026-05-28,4,1,3501225,9,1,11.0,67,true
2026-05-28,4,1,3501225,10,1,10.0,61,true
2026-05-28,4,1,3501225,11,1,9.0,55,true
2026-05-28,4,1,3501225,12,1,12.0,73,true
2026-05-28,4,1,3501225,13,1,11.0,67,true
2026-05-29,1,1,3500005,1,1,18.0,102,true
2026-05-29,1,1,3500005,2,1,17.0,97,true
2026-05-29,1,1,3500005,3,1,16.0,91,true
2026-05-29,1,1,3500005,4,1,15.0,85,true
2026-05-29,1,1,3500005,5,1,15.0,85,true
2026-05-29,1,1,3500005,6,1,14.0,80,true
2026-05-29,1,1,3500005,7,1,15.0,85,true
2026-05-29,1,1,3500005,8,1,12.0,68,true
2026-05-29,1,1,3500005,9,1,13.0,74,true
2026-05-29,1,1,3500005,10,1,10.0,57,true
2026-05-29,1,1,3500005,11,1,9.0,51,true
2026-05-29,1,1,3500005,12,1,10.0,57,true
2026-05-29,1,1,3500005,13,1,11.0,63,true
2026-05-29,2,1,3501430,1,1,20.0,63,true
2026-05-29,2,1,3501430,2,1,21.0,66,true
2026-05-29,2,1,3501430,3,1,20.0,63,true
2026-05-29,2,1,3501430,4,1,20.0,63,true
2026-05-29,2,1,3501430,5,1,19.0,60,true
2026-05-29,2,1,3501430,6,1,20.0,63,true
2026-05-29,2,1,3501430,7,1,12.0,38,true
2026-05-29,2,1,3501430,8,1,15.0,47,true
2026-05-29,2,1,3501430,9,1,13.0,41,true
2026-05-29,2,1,3501430,10,1,10.0,32,true
2026-05-29,2,1,3501430,11,1,10.0,32,true
2026-05-29,2,1,3501430,12,1,9.0,29,true
2026-05-29,2,1,3501430,13,1,15.0,47,true
2026-05-29,4,1,3500446,1,1,25.0,108,true
2026-05-29,4,1,3500446,2,1,20.0,87,true
2026-05-29,4,1,3500446,3,1,22.0,95,true
2026-05-29,4,1,3500446,4,1,19.0,82,true
2026-05-29,4,1,3500446,5,1,18.0,78,true
2026-05-29,4,1,3500446,6,1,19.0,82,true
2026-05-29,4,1,3500446,7,1,20.0,87,true
2026-05-29,4,1,3500446,8,1,19.0,82,true
2026-05-29,4,1,3500446,9,1,15.0,65,true
2026-05-29,4,1,3500446,10,1,13.0,57,true
2026-05-29,4,1,3500446,11,1,10.0,44,true
2026-05-29,4,1,3500446,12,1,12.0,52,true
2026-05-29,4,1,3500446,13,1,15.0,65,true
2026-05-29,1,2,3500005,1,1,10.0,57,true
2026-05-29,1,2,3500005,2,1,12.0,68,true
2026-05-29,1,2,3500005,3,1,14.0,80,true
2026-05-29,1,2,3500005,4,1,10.0,57,true
2026-05-29,1,2,3500005,5,1,16.0,91,true
2026-05-29,1,2,3500005,6,1,23.0,130,true
2026-05-29,1,2,3500005,7,1,12.0,68,true
2026-05-29,1,2,3500005,8,1,10.0,57,true
2026-05-29,1,2,3500005,9,1,7.0,40,true
2026-05-29,1,2,3500005,10,1,12.0,68,true
2026-05-29,1,2,3500005,11,1,10.0,57,true
2026-05-29,1,2,3500005,12,1,12.0,68,true
2026-05-29,1,2,3500005,13,1,16.0,91,true
2026-05-29,2,2,3501430,1,1,26.0,82,true
2026-05-29,2,2,3501430,2,1,22.0,69,true
2026-05-29,2,2,3501430,3,1,18.0,57,true
2026-05-29,2,2,3501430,4,1,14.0,44,true
2026-05-29,2,2,3501430,5,1,12.0,38,true
2026-05-29,2,2,3501430,6,1,29.0,91,true
2026-05-29,2,2,3501430,7,1,14.0,44,true
2026-05-29,2,2,3501430,8,1,12.0,38,true
2026-05-29,2,2,3501430,9,1,20.0,63,true
2026-05-29,2,2,3501430,10,1,10.0,32,true
2026-05-29,2,2,3501430,11,1,20.0,63,true
2026-05-29,2,2,3501430,12,1,16.0,50,true
2026-05-29,2,2,3501430,13,1,16.0,50,true
2026-05-29,4,2,3500446,1,1,56.0,242,true
2026-05-29,4,2,3500446,2,1,30.0,130,true
2026-05-29,4,2,3500446,3,1,26.0,113,true
2026-05-29,4,2,3500446,4,1,34.0,147,true
2026-05-29,4,2,3500446,5,1,22.0,95,true
2026-05-29,4,2,3500446,6,1,38.0,164,true
2026-05-29,4,2,3500446,7,1,23.0,100,true
2026-05-29,4,2,3500446,8,1,14.0,61,true
2026-05-29,4,2,3500446,9,1,30.0,130,true
2026-05-29,4,2,3500446,10,1,16.0,69,true
2026-05-29,4,2,3500446,11,1,22.0,95,true
2026-05-29,4,2,3500446,12,1,26.0,113,true
2026-05-29,4,2,3500446,13,1,46.0,199,true
2026-05-30,1,3,3500005,1,1,15.0,85,true
2026-05-30,1,3,3500005,2,1,20.0,113,true
2026-05-30,1,3,3500005,3,1,12.0,68,true
2026-05-30,1,3,3500005,4,1,10.0,57,true
2026-05-30,1,3,3500005,5,1,9.0,51,true
2026-05-30,1,3,3500005,6,1,12.0,68,true
2026-05-30,1,3,3500005,7,1,20.0,113,true
2026-05-30,1,3,3500005,8,1,14.0,80,true
2026-05-30,1,3,3500005,9,1,13.0,74,true
2026-05-30,1,3,3500005,10,1,12.0,68,true
2026-05-30,1,3,3500005,11,1,15.0,85,true
2026-05-30,1,3,3500005,12,1,17.0,97,true
2026-05-30,1,3,3500005,13,1,23.0,130,true
2026-05-30,2,3,3501430,1,1,17.0,53,true
2026-05-30,2,3,3501430,2,1,20.0,63,true
2026-05-30,2,3,3501430,3,1,15.0,47,true
2026-05-30,2,3,3501430,4,1,12.0,38,true
2026-05-30,2,3,3501430,5,1,20.0,63,true
2026-05-30,2,3,3501430,6,1,17.0,53,true
2026-05-30,2,3,3501430,7,1,13.0,41,true
2026-05-30,2,3,3501430,8,1,15.0,47,true
2026-05-30,2,3,3501430,9,1,10.0,32,true
2026-05-30,2,3,3501430,10,1,20.0,63,true
2026-05-30,2,3,3501430,11,1,12.0,38,true
2026-05-30,2,3,3501430,12,1,22.0,69,true
2026-05-30,2,3,3501430,13,1,25.0,78,true
2026-05-30,4,3,3500446,1,1,30.0,130,true
2026-05-30,4,3,3500446,2,1,24.0,104,true
2026-05-30,4,3,3500446,3,1,20.0,87,true
2026-05-30,4,3,3500446,4,1,22.0,95,true
2026-05-30,4,3,3500446,5,1,15.0,65,true
2026-05-30,4,3,3500446,6,1,19.0,82,true
2026-05-30,4,3,3500446,7,1,24.0,104,true
2026-05-30,4,3,3500446,8,1,13.0,57,true
2026-05-30,4,3,3500446,9,1,20.0,87,true
2026-05-30,4,3,3500446,10,1,22.0,95,true
2026-05-30,4,3,3500446,11,1,19.0,82,true
2026-05-30,4,3,3500446,12,1,10.0,44,true
2026-05-30,4,3,3500446,13,1,22.0,95,true
2026-05-30,1,1,3500005,1,1,18.0,102,true
2026-05-30,1,1,3500005,2,1,15.0,85,true
2026-05-30,1,1,3500005,3,1,12.0,68,true
2026-05-30,1,1,3500005,4,1,13.0,74,true
2026-05-30,1,1,3500005,5,1,10.0,57,true
2026-05-30,1,1,3500005,6,1,12.0,68,true
2026-05-30,1,1,3500005,7,1,13.0,74,true
2026-05-30,1,1,3500005,8,1,10.0,57,true
2026-05-30,1,1,3500005,9,1,11.0,63,true
2026-05-30,1,1,3500005,10,1,11.0,63,true
2026-05-30,1,1,3500005,11,1,10.0,57,true
2026-05-30,1,1,3500005,12,1,12.0,68,true
2026-05-30,1,1,3500005,13,1,11.0,63,true
2026-05-30,2,1,3501430,1,1,19.0,60,true
2026-05-30,2,1,3501430,2,1,18.0,57,true
2026-05-30,2,1,3501430,3,1,15.0,47,true
2026-05-30,2,1,3501430,4,1,12.0,38,true
2026-05-30,2,1,3501430,5,1,13.0,41,true
2026-05-30,2,1,3501430,6,1,12.0,38,true
2026-05-30,2,1,3501430,7,1,185.0,577,true
2026-05-30,2,1,3501430,8,1,16.0,50,true
2026-05-30,2,1,3501430,9,1,14.0,44,true
2026-05-30,2,1,3501430,10,1,12.0,38,true
2026-05-30,2,1,3501430,11,1,11.0,35,true
2026-05-30,2,1,3501430,12,1,10.0,32,true
2026-05-30,2,1,3501430,13,1,12.0,38,true
2026-05-30,4,1,3500446,1,1,18.0,78,true
2026-05-30,4,1,3500446,2,1,15.0,65,true
2026-05-30,4,1,3500446,3,1,16.0,69,true
2026-05-30,4,1,3500446,4,1,12.0,52,true
2026-05-30,4,1,3500446,5,1,13.0,57,true
2026-05-30,4,1,3500446,6,1,14.0,61,true
2026-05-30,4,1,3500446,7,1,10.0,44,true
2026-05-30,4,1,3500446,8,1,10.0,44,true
2026-05-30,4,1,3500446,9,1,12.0,52,true
2026-05-30,4,1,3500446,10,1,11.0,48,true
2026-05-30,4,1,3500446,11,1,9.0,39,true
2026-05-30,4,1,3500446,12,1,10.0,44,true
2026-05-30,4,1,3500446,13,1,0.0,0,true
2026-05-30,1,2,3500005,1,1,10.0,57,true
2026-05-30,1,2,3500005,2,1,16.0,91,true
2026-05-30,1,2,3500005,3,1,14.0,80,true
2026-05-30,1,2,3500005,4,1,12.0,68,true
2026-05-30,1,2,3500005,5,1,10.0,57,true
2026-05-30,1,2,3500005,6,1,16.0,91,true
2026-05-30,1,2,3500005,7,1,9.0,51,true
2026-05-30,1,2,3500005,8,1,10.0,57,true
2026-05-30,1,2,3500005,9,1,7.0,40,true
2026-05-30,1,2,3500005,10,1,9.0,51,true
2026-05-30,1,2,3500005,11,1,12.0,68,true
2026-05-30,1,2,3500005,12,1,14.0,80,true
2026-05-30,1,2,3500005,13,1,14.0,80,true
2026-05-30,2,2,3501430,1,1,36.0,113,true
2026-05-30,2,2,3501430,2,1,26.0,82,true
2026-05-30,2,2,3501430,3,1,20.0,63,true
2026-05-30,2,2,3501430,4,1,12.0,38,true
2026-05-30,2,2,3501430,5,1,10.0,32,true
2026-05-30,2,2,3501430,6,1,28.0,88,true
2026-05-30,2,2,3501430,7,1,10.0,32,true
2026-05-30,2,2,3501430,8,1,11.0,35,true
2026-05-30,2,2,3501430,9,1,18.0,57,true
2026-05-30,2,2,3501430,10,1,7.0,22,true
2026-05-30,2,2,3501430,11,1,14.0,44,true
2026-05-30,2,2,3501430,12,1,16.0,50,true
2026-05-30,2,2,3501430,13,1,16.0,50,true
2026-05-30,4,2,3501430,1,1,14.0,44,true
2026-05-30,4,2,3501430,2,1,16.0,50,true
2026-05-30,4,2,3501430,3,1,12.0,38,true
2026-05-30,4,2,3501430,4,1,10.0,32,true
2026-05-30,4,2,3501430,5,1,7.0,22,true
2026-05-30,4,2,3501430,6,1,18.0,57,true
2026-05-30,4,2,3501430,7,1,8.0,25,true
2026-05-30,4,2,3501430,8,1,7.0,22,true
2026-05-30,4,2,3501430,9,1,14.0,44,true
2026-05-30,4,2,3501430,10,1,7.0,22,true
2026-05-30,4,2,3501430,11,1,12.0,38,true
2026-05-30,4,2,3501430,12,1,16.0,50,true
2026-05-30,4,2,3501430,13,1,16.0,50,true
2026-05-31,1,3,3500005,1,1,12.0,68,true
2026-05-31,1,3,3500005,2,1,13.0,74,true
2026-05-31,1,3,3500005,3,1,10.0,57,true
2026-05-31,1,3,3500005,4,1,11.0,63,true
2026-05-31,1,3,3500005,5,1,9.0,51,true
2026-05-31,1,3,3500005,6,1,22.0,125,true
2026-05-31,1,3,3500005,7,1,11.0,63,true
2026-05-31,1,3,3500005,8,1,8.0,46,true
2026-05-31,1,3,3500005,9,1,7.0,40,true
2026-05-31,1,3,3500005,10,1,11.0,63,true
2026-05-31,1,3,3500005,11,1,10.0,57,true
2026-05-31,1,3,3500005,12,1,12.0,68,true
2026-05-31,1,3,3500005,13,1,16.0,91,true
2026-05-31,1,1,3500005,1,1,14.0,80,true
2026-05-31,1,1,3500005,2,1,14.0,80,true
2026-05-31,1,1,3500005,3,1,10.0,57,true
2026-05-31,1,1,3500005,4,1,11.0,63,true
2026-05-31,1,1,3500005,5,1,9.0,51,true
2026-05-31,1,1,3500005,6,1,28.0,159,true
2026-05-31,1,1,3500005,7,1,11.0,63,true
2026-05-31,1,1,3500005,8,1,8.0,46,true
2026-05-31,1,1,3500005,9,1,6.0,34,true
2026-05-31,1,1,3500005,10,1,12.0,68,true
2026-05-31,1,1,3500005,11,1,9.0,51,true
2026-05-31,1,1,3500005,12,1,12.0,68,true
2026-05-31,1,1,3500005,13,1,16.0,91,true
2026-06-01,1,3,3500005,1,1,15.0,85,true
2026-06-01,1,3,3500005,2,1,18.0,102,true
2026-06-01,1,3,3500005,3,1,25.0,142,true
2026-06-01,1,3,3500005,4,1,15.0,85,true
2026-06-01,1,3,3500005,5,1,12.0,68,true
2026-06-01,1,3,3500005,6,1,15.0,85,true
2026-06-01,1,3,3500005,7,1,15.0,85,true
2026-06-01,1,3,3500005,8,1,19.0,108,true
2026-06-01,1,3,3500005,9,1,10.0,57,true
2026-06-01,1,3,3500005,10,1,10.0,57,true
2026-06-01,1,3,3500005,11,1,11.0,63,true
2026-06-01,1,3,3500005,12,1,12.0,68,true
2026-06-01,1,3,3500005,13,1,11.0,63,true
2026-06-01,2,3,3500162,1,1,10.0,48,true
2026-06-01,2,3,3500162,2,1,12.0,58,true
2026-06-01,2,3,3500162,3,1,15.0,72,true
2026-06-01,2,3,3500162,4,1,10.0,48,true
2026-06-01,2,3,3500162,5,1,11.0,53,true
2026-06-01,2,3,3500162,6,1,10.0,48,true
2026-06-01,2,3,3500162,7,1,10.0,48,true
2026-06-01,2,3,3500162,8,1,12.0,58,true
2026-06-01,2,3,3500162,9,1,60.0,286,true
2026-06-01,2,3,3500162,10,1,11.0,53,true
2026-06-01,2,3,3500162,11,1,15.0,72,true
2026-06-01,2,3,3500162,12,1,12.0,58,true
2026-06-01,2,3,3500162,13,1,11.0,53,true
2026-06-01,1,1,3500005,1,1,10.0,57,true
2026-06-01,1,1,3500005,2,1,14.0,80,true
2026-06-01,1,1,3500005,3,1,12.0,68,true
2026-06-01,1,1,3500005,4,1,11.0,63,true
2026-06-01,1,1,3500005,5,1,10.0,57,true
2026-06-01,1,1,3500005,6,1,21.0,119,true
2026-06-01,1,1,3500005,7,1,12.0,68,true
2026-06-01,1,1,3500005,8,1,10.0,57,true
2026-06-01,1,1,3500005,9,1,7.0,40,true
2026-06-01,1,1,3500005,10,1,12.0,68,true
2026-06-01,1,1,3500005,11,1,14.0,80,true
2026-06-01,1,1,3500005,12,1,10.0,57,true
2026-06-01,1,1,3500005,13,1,18.0,102,true
2026-06-01,2,1,3500162,1,1,12.0,58,true
2026-06-01,2,1,3500162,2,1,10.0,48,true
2026-06-01,2,1,3500162,3,1,11.0,53,true
2026-06-01,2,1,3500162,4,1,9.0,43,true
2026-06-01,2,1,3500162,5,1,7.0,34,true
2026-06-01,2,1,3500162,6,1,16.0,77,true
2026-06-01,2,1,3500162,7,1,11.0,53,true
2026-06-01,2,1,3500162,8,1,9.0,43,true
2026-06-01,2,1,3500162,9,1,12.0,58,true
2026-06-01,2,1,3500162,10,1,7.0,34,true
2026-06-01,2,1,3500162,11,1,8.0,39,true
2026-06-01,2,1,3500162,12,1,10.0,48,true
2026-06-01,2,1,3500162,13,1,11.0,53,true
2026-06-01,4,1,3501226,1,1,0.0,0,true
2026-06-01,4,1,3501226,2,1,0.0,0,true
2026-06-01,4,1,3501226,3,1,0.0,0,true
2026-06-01,4,1,3501226,4,1,0.0,0,true
2026-06-01,4,1,3501226,5,1,10.0,55,true
2026-06-01,4,1,3501226,6,1,0.0,0,true
2026-06-01,4,1,3501226,7,1,0.0,0,true
2026-06-01,4,1,3501226,8,1,0.0,0,true
2026-06-01,4,1,3501226,9,1,0.0,0,true
2026-06-01,4,1,3501226,10,1,7.0,38,true
2026-06-01,4,1,3501226,11,1,0.0,0,true
2026-06-01,4,1,3501226,12,1,0.0,0,true
2026-06-01,4,1,3501226,13,1,0.0,0,true
2026-06-01,1,2,3500005,1,1,30.0,170,true
2026-06-01,1,2,3500005,2,1,24.0,136,true
2026-06-01,1,2,3500005,3,1,20.0,113,true
2026-06-01,1,2,3500005,4,1,30.0,170,true
2026-06-01,1,2,3500005,5,1,22.0,125,true
2026-06-01,1,2,3500005,6,1,27.0,153,true
2026-06-01,1,2,3500005,7,1,24.0,136,true
2026-06-01,1,2,3500005,8,1,30.0,170,true
2026-06-01,1,2,3500005,9,1,15.0,85,true
2026-06-01,1,2,3500005,10,1,19.0,108,true
2026-06-01,1,2,3500005,11,1,17.0,97,true
2026-06-01,1,2,3500005,12,1,13.0,74,true
2026-06-01,1,2,3500005,13,1,21.0,119,true
2026-06-01,2,2,3500162,1,1,40.0,191,true
2026-06-01,2,2,3500162,2,1,30.0,143,true
2026-06-01,2,2,3500162,3,1,22.0,105,true
2026-06-01,2,2,3500162,4,1,20.0,96,true
2026-06-01,2,2,3500162,5,1,18.0,86,true
2026-06-01,2,2,3500162,6,1,27.0,129,true
2026-06-01,2,2,3500162,7,1,24.0,115,true
2026-06-01,2,2,3500162,8,1,30.0,143,true
2026-06-01,2,2,3500162,9,1,20.0,96,true
2026-06-01,2,2,3500162,10,1,10.0,48,true
2026-06-01,2,2,3500162,11,1,15.0,72,true
2026-06-01,2,2,3500162,12,1,25.0,120,true
2026-06-01,2,2,3500162,13,1,31.0,148,true
2026-06-01,4,2,3501226,1,1,35.0,190,true
2026-06-01,4,2,3501226,2,1,30.0,163,true
2026-06-01,4,2,3501226,3,1,20.0,109,true
2026-06-01,4,2,3501226,4,1,18.0,98,true
2026-06-01,4,2,3501226,5,1,15.0,82,true
2026-06-01,4,2,3501226,6,1,22.0,119,true
2026-06-01,4,2,3501226,7,1,24.0,130,true
2026-06-01,4,2,3501226,8,1,20.0,109,true
2026-06-01,4,2,3501226,9,1,19.0,103,true
2026-06-01,4,2,3501226,10,1,17.0,92,true
2026-06-01,4,2,3501226,11,1,20.0,109,true
2026-06-01,4,2,3501226,12,1,24.0,130,true
2026-06-01,4,2,3501226,13,1,32.0,173,true
2026-06-01,6,2,3500887,1,1,15.0,25,true
2026-06-01,6,2,3500887,2,1,20.0,33,true
2026-06-01,6,2,3500887,3,1,12.0,20,true
2026-06-01,6,2,3500887,4,1,23.0,38,true
2026-06-01,6,2,3500887,5,1,14.0,23,true
2026-06-01,6,2,3500887,6,1,33.0,54,true
2026-06-01,6,2,3500887,7,1,20.0,33,true
2026-06-01,6,2,3500887,8,1,15.0,25,true
2026-06-01,6,2,3500887,9,1,10.0,17,true
2026-06-01,6,2,3500887,10,1,22.0,36,true
2026-06-01,6,2,3500887,11,1,20.0,33,true
2026-06-01,6,2,3500887,12,1,18.0,30,true
2026-06-01,6,2,3500887,13,1,31.0,50,true
2026-06-02,1,3,3500005,1,1,18.0,102,true
2026-06-02,1,3,3500005,2,1,15.0,85,true
2026-06-02,1,3,3500005,3,1,17.0,97,true
2026-06-02,1,3,3500005,4,1,12.0,68,true
2026-06-02,1,3,3500005,5,1,11.0,63,true
2026-06-02,1,3,3500005,6,1,10.0,57,true
2026-06-02,1,3,3500005,7,1,12.0,68,true
2026-06-02,1,3,3500005,8,1,10.0,57,true
2026-06-02,1,3,3500005,9,1,12.0,68,true
2026-06-02,1,3,3500005,10,1,11.0,63,true
2026-06-02,1,3,3500005,11,1,10.0,57,true
2026-06-02,1,3,3500005,12,1,9.0,51,true
2026-06-02,1,3,3500005,13,1,10.0,57,true
2026-06-02,2,3,3500162,1,1,25.0,120,true
2026-06-02,2,3,3500162,2,1,22.0,105,true
2026-06-02,2,3,3500162,3,1,20.0,96,true
2026-06-02,2,3,3500162,4,1,19.0,91,true
2026-06-02,2,3,3500162,5,1,15.0,72,true
2026-06-02,2,3,3500162,6,1,18.0,86,true
2026-06-02,2,3,3500162,7,1,15.0,72,true
2026-06-02,2,3,3500162,8,1,12.0,58,true
2026-06-02,2,3,3500162,9,1,14.0,67,true
2026-06-02,2,3,3500162,10,1,11.0,53,true
2026-06-02,2,3,3500162,11,1,10.0,48,true
2026-06-02,2,3,3500162,12,1,12.0,58,true
2026-06-02,2,3,3500162,13,1,11.0,53,true
2026-06-02,4,3,3501226,1,1,22.0,119,true
2026-06-02,4,3,3501226,2,1,19.0,103,true
2026-06-02,4,3,3501226,3,1,15.0,82,true
2026-06-02,4,3,3501226,4,1,17.0,92,true
2026-06-02,4,3,3501226,5,1,16.0,87,true
2026-06-02,4,3,3501226,6,1,20.0,109,true
2026-06-02,4,3,3501226,7,1,12.0,65,true
2026-06-02,4,3,3501226,8,1,13.0,71,true
2026-06-02,4,3,3501226,9,1,10.0,55,true
2026-06-02,4,3,3501226,10,1,10.0,55,true
2026-06-02,4,3,3501226,11,1,11.0,60,true
2026-06-02,4,3,3501226,12,1,15.0,82,true
2026-06-02,4,3,3501226,13,1,12.0,65,true
2026-06-02,6,3,3500887,1,1,27.0,44,true
2026-06-02,6,3,3500887,2,1,25.0,41,true
2026-06-02,6,3,3500887,3,1,22.0,36,true
2026-06-02,6,3,3500887,4,1,20.0,33,true
2026-06-02,6,3,3500887,5,1,19.0,31,true
2026-06-02,6,3,3500887,6,1,15.0,25,true
2026-06-02,6,3,3500887,7,1,15.0,25,true
2026-06-02,6,3,3500887,8,1,13.0,21,true
2026-06-02,6,3,3500887,9,1,12.0,20,true
2026-06-02,6,3,3500887,10,1,10.0,17,true
2026-06-02,6,3,3500887,11,1,11.0,18,true
2026-06-02,6,3,3500887,12,1,12.0,20,true
2026-06-02,6,3,3500887,13,1,11.0,18,true
2026-06-02,1,1,3500005,1,1,11.0,63,true
2026-06-02,1,1,3500005,2,1,12.0,68,true
2026-06-02,1,1,3500005,3,1,16.0,91,true
2026-06-02,1,1,3500005,4,1,10.0,57,true
2026-06-02,1,1,3500005,5,1,11.0,63,true
2026-06-02,1,1,3500005,6,1,24.0,136,true
2026-06-02,1,1,3500005,7,1,10.0,57,true
2026-06-02,1,1,3500005,8,1,10.0,57,true
2026-06-02,1,1,3500005,9,1,7.0,40,true
2026-06-02,1,1,3500005,10,1,10.0,57,true
2026-06-02,1,1,3500005,11,1,14.0,80,true
2026-06-02,1,1,3500005,12,1,20.0,113,true
2026-06-02,1,1,3500005,13,1,14.0,80,true
2026-06-02,2,1,3500162,1,1,20.0,96,true
2026-06-02,2,1,3500162,2,1,18.0,86,true
2026-06-02,2,1,3500162,3,1,18.0,86,true
2026-06-02,2,1,3500162,4,1,10.0,48,true
2026-06-02,2,1,3500162,5,1,12.0,58,true
2026-06-02,2,1,3500162,6,1,24.0,115,true
2026-06-02,2,1,3500162,7,1,10.0,48,true
2026-06-02,2,1,3500162,8,1,10.0,48,true
2026-06-02,2,1,3500162,9,1,20.0,96,true
2026-06-02,2,1,3500162,10,1,10.0,48,true
2026-06-02,2,1,3500162,11,1,14.0,67,true
2026-06-02,2,1,3500162,12,1,16.0,77,true
2026-06-02,2,1,3500162,13,1,12.0,58,true
2026-06-02,4,1,3501226,1,1,30.0,163,true
2026-06-02,4,1,3501226,2,1,24.0,130,true
2026-06-02,4,1,3501226,3,1,18.0,98,true
2026-06-02,4,1,3501226,4,1,26.0,141,true
2026-06-02,4,1,3501226,5,1,14.0,76,true
2026-06-02,4,1,3501226,6,1,32.0,173,true
2026-06-02,4,1,3501226,7,1,16.0,87,true
2026-06-02,4,1,3501226,8,1,12.0,65,true
2026-06-02,4,1,3501226,9,1,16.0,87,true
2026-06-02,4,1,3501226,10,1,8.0,44,true
2026-06-02,4,1,3501226,11,1,20.0,109,true
2026-06-02,4,1,3501226,12,1,22.0,119,true
2026-06-02,4,1,3501226,13,1,28.0,152,true
2026-06-02,6,1,3500887,1,1,64.0,104,true
2026-06-02,6,1,3500887,2,1,24.0,39,true
2026-06-02,6,1,3500887,3,1,20.0,33,true
2026-06-02,6,1,3500887,4,1,16.0,26,true
2026-06-02,6,1,3500887,5,1,14.0,23,true
2026-06-02,6,1,3500887,6,1,20.0,33,true
2026-06-02,6,1,3500887,7,1,14.0,23,true
2026-06-02,6,1,3500887,8,1,12.0,20,true
2026-06-02,6,1,3500887,9,1,9.0,15,true
2026-06-02,6,1,3500887,10,1,10.0,17,true
2026-06-02,6,1,3500887,11,1,14.0,23,true
2026-06-02,6,1,3500887,12,1,18.0,30,true
2026-06-02,6,1,3500887,13,1,23.0,38,true
2026-06-02,1,2,3500005,1,1,20.0,113,true
2026-06-02,1,2,3500005,2,1,15.0,85,true
2026-06-02,1,2,3500005,3,1,13.0,74,true
2026-06-02,1,2,3500005,4,1,15.0,85,true
2026-06-02,1,2,3500005,5,1,10.0,57,true
2026-06-02,1,2,3500005,6,1,19.0,108,true
2026-06-02,1,2,3500005,7,1,15.0,85,true
2026-06-02,1,2,3500005,8,1,22.0,125,true
2026-06-02,1,2,3500005,9,1,10.0,57,true
2026-06-02,1,2,3500005,10,1,12.0,68,true
2026-06-02,1,2,3500005,11,1,13.0,74,true
2026-06-02,1,2,3500005,12,1,9.0,51,true
2026-06-02,1,2,3500005,13,1,23.0,130,true
2026-06-02,2,2,3500162,1,1,35.0,167,true
2026-06-02,2,2,3500162,2,1,24.0,115,true
2026-06-02,2,2,3500162,3,1,20.0,96,true
2026-06-02,2,2,3500162,4,1,30.0,143,true
2026-06-02,2,2,3500162,5,1,18.0,86,true
2026-06-02,2,2,3500162,6,1,25.0,120,true
2026-06-02,2,2,3500162,7,1,24.0,115,true
2026-06-02,2,2,3500162,8,1,17.0,81,true
2026-06-02,2,2,3500162,9,1,19.0,91,true
2026-06-02,2,2,3500162,10,1,33.0,158,true
2026-06-02,2,2,3500162,11,1,24.0,115,true
2026-06-02,2,2,3500162,12,1,12.0,58,true
2026-06-02,2,2,3500162,13,1,23.0,110,true
2026-06-02,4,2,3501226,1,1,40.0,217,true
2026-06-02,4,2,3501226,2,1,30.0,163,true
2026-06-02,4,2,3501226,3,1,35.0,190,true
2026-06-02,4,2,3501226,4,1,24.0,130,true
2026-06-02,4,2,3501226,5,1,22.0,119,true
2026-06-02,4,2,3501226,6,1,25.0,136,true
2026-06-02,4,2,3501226,7,1,35.0,190,true
2026-06-02,4,2,3501226,8,1,22.0,119,true
2026-06-02,4,2,3501226,9,1,22.0,119,true
2026-06-02,4,2,3501226,10,1,15.0,82,true
2026-06-02,4,2,3501226,11,1,20.0,109,true
2026-06-02,4,2,3501226,12,1,17.0,92,true
2026-06-02,4,2,3501226,13,1,26.0,141,true
2026-06-02,6,2,3500888,1,1,22.0,36,true
2026-06-02,6,2,3500888,2,1,15.0,25,true
2026-06-02,6,2,3500888,3,1,20.0,33,true
2026-06-02,6,2,3500888,4,1,12.0,20,true
2026-06-02,6,2,3500888,5,1,14.0,23,true
2026-06-02,6,2,3500888,6,1,27.0,44,true
2026-06-02,6,2,3500888,7,1,30.0,49,true
2026-06-02,6,2,3500888,8,1,17.0,28,true
2026-06-02,6,2,3500888,9,1,19.0,31,true
2026-06-02,6,2,3500888,10,1,22.0,36,true
2026-06-02,6,2,3500888,11,1,33.0,54,true
2026-06-02,6,2,3500888,12,1,12.0,20,true
2026-06-02,6,2,3500888,13,1,20.0,33,true
2026-06-03,1,3,3500005,1,1,19.0,108,true
2026-06-03,1,3,3500005,2,1,18.0,102,true
2026-06-03,1,3,3500005,3,1,15.0,85,true
2026-06-03,1,3,3500005,4,1,12.0,68,true
2026-06-03,1,3,3500005,5,1,10.0,57,true
2026-06-03,1,3,3500005,6,1,13.0,74,true
2026-06-03,1,3,3500005,7,1,15.0,85,true
2026-06-03,1,3,3500005,8,1,10.0,57,true
2026-06-03,1,3,3500005,9,1,10.0,57,true
2026-06-03,1,3,3500005,10,1,8.0,46,true
2026-06-03,1,3,3500005,11,1,10.0,57,true
2026-06-03,1,3,3500005,12,1,10.0,57,true
2026-06-03,1,3,3500005,13,1,12.0,68,true
2026-06-03,2,3,3500162,1,1,25.0,120,true
2026-06-03,2,3,3500162,2,1,22.0,105,true
2026-06-03,2,3,3500162,3,1,18.0,86,true
2026-06-03,2,3,3500162,4,1,15.0,72,true
2026-06-03,2,3,3500162,5,1,17.0,81,true
2026-06-03,2,3,3500162,6,1,28.0,134,true
2026-06-03,2,3,3500162,7,1,20.0,96,true
2026-06-03,2,3,3500162,8,1,21.0,100,true
2026-06-03,2,3,3500162,9,1,10.0,48,true
2026-06-03,2,3,3500162,10,1,12.0,58,true
2026-06-03,2,3,3500162,11,1,13.0,62,true
2026-06-03,2,3,3500162,12,1,21.0,100,true
2026-06-03,2,3,3500162,13,1,15.0,72,true
2026-06-03,4,3,3501226,1,1,18.0,98,true
2026-06-03,4,3,3501226,2,1,15.0,82,true
2026-06-03,4,3,3501226,3,1,17.0,92,true
2026-06-03,4,3,3501226,4,1,12.0,65,true
2026-06-03,4,3,3501226,5,1,10.0,55,true
2026-06-03,4,3,3501226,6,1,12.0,65,true
2026-06-03,4,3,3501226,7,1,15.0,82,true
2026-06-03,4,3,3501226,8,1,12.0,65,true
2026-06-03,4,3,3501226,9,1,10.0,55,true
2026-06-03,4,3,3501226,10,1,12.0,65,true
2026-06-03,4,3,3501226,11,1,11.0,60,true
2026-06-03,4,3,3501226,12,1,10.0,55,true
2026-06-03,4,3,3501226,13,1,12.0,65,true
2026-06-03,6,3,3500888,1,1,30.0,49,true
2026-06-03,6,3,3500888,2,1,28.0,46,true
2026-06-03,6,3,3500888,3,1,25.0,41,true
2026-06-03,6,3,3500888,4,1,22.0,36,true
2026-06-03,6,3,3500888,5,1,19.0,31,true
2026-06-03,6,3,3500888,6,1,28.0,46,true
2026-06-03,6,3,3500888,7,1,20.0,33,true
2026-06-03,6,3,3500888,8,1,18.0,30,true
2026-06-03,6,3,3500888,9,1,15.0,25,true
2026-06-03,6,3,3500888,10,1,12.0,20,true
2026-06-03,6,3,3500888,11,1,10.0,17,true
2026-06-03,6,3,3500888,12,1,12.0,20,true
2026-06-03,6,3,3500888,13,1,15.0,25,true
2026-06-03,1,1,3500005,1,1,10.0,57,true
2026-06-03,1,1,3500005,2,1,14.0,80,true
2026-06-03,1,1,3500005,3,1,12.0,68,true
2026-06-03,1,1,3500005,4,1,14.0,80,true
2026-06-03,1,1,3500005,5,1,12.0,68,true
2026-06-03,1,1,3500005,6,1,21.0,119,true
2026-06-03,1,1,3500005,7,1,8.0,46,true
2026-06-03,1,1,3500005,8,1,10.0,57,true
2026-06-03,1,1,3500005,9,1,9.0,51,true
2026-06-03,1,1,3500005,10,1,8.0,46,true
2026-06-03,1,1,3500005,11,1,12.0,68,true
2026-06-03,1,1,3500005,12,1,11.0,63,true
2026-06-03,1,1,3500005,13,1,16.0,91,true
2026-06-03,2,1,3500162,1,1,22.0,105,true
2026-06-03,2,1,3500162,2,1,16.0,77,true
2026-06-03,2,1,3500162,3,1,12.0,58,true
2026-06-03,2,1,3500162,4,1,12.0,58,true
2026-06-03,2,1,3500162,5,1,10.0,48,true
2026-06-03,2,1,3500162,6,1,27.0,129,true
2026-06-03,2,1,3500162,7,1,12.0,58,true
2026-06-03,2,1,3500162,8,1,10.0,48,true
2026-06-03,2,1,3500162,9,1,20.0,96,true
2026-06-03,2,1,3500162,10,1,12.0,58,true
2026-06-03,2,1,3500162,11,1,16.0,77,true
2026-06-03,2,1,3500162,12,1,18.0,86,true
2026-06-03,2,1,3500162,13,1,17.0,81,true
2026-06-03,4,1,3501225,1,1,32.0,194,true
2026-06-03,4,1,3501225,2,1,20.0,122,true
2026-06-03,4,1,3501225,3,1,22.0,134,true
2026-06-03,4,1,3501225,4,1,24.0,146,true
2026-06-03,4,1,3501225,5,1,16.0,97,true
2026-06-03,4,1,3501225,6,1,26.0,158,true
2026-06-03,4,1,3501225,7,1,20.0,122,true
2026-06-03,4,1,3501225,8,1,14.0,85,true
2026-06-03,4,1,3501225,9,1,20.0,122,true
2026-06-03,4,1,3501225,10,1,10.0,61,true
2026-06-03,4,1,3501225,11,1,18.0,110,true
2026-06-03,4,1,3501225,12,1,22.0,134,true
2026-06-03,4,1,3501225,13,1,26.0,158,true
2026-06-03,6,1,3500888,1,1,44.0,71,true
2026-06-03,6,1,3500888,2,1,26.0,42,true
2026-06-03,6,1,3500888,3,1,42.0,68,true
2026-06-03,6,1,3500888,4,1,28.0,46,true
2026-06-03,6,1,3500888,5,1,18.0,30,true
2026-06-03,6,1,3500888,6,1,32.0,52,true
2026-06-03,6,1,3500888,7,1,19.0,31,true
2026-06-03,6,1,3500888,8,1,22.0,36,true
2026-06-03,6,1,3500888,9,1,40.0,65,true
2026-06-03,6,1,3500888,10,1,20.0,33,true
2026-06-03,6,1,3500888,11,1,32.0,52,true
2026-06-03,6,1,3500888,12,1,20.0,33,true
2026-06-03,6,1,3500888,13,1,28.0,46,true
2026-06-03,1,2,3500005,1,1,12.0,68,true
2026-06-03,1,2,3500005,2,1,11.0,63,true
2026-06-03,1,2,3500005,3,1,13.0,74,true
2026-06-03,1,2,3500005,4,1,15.0,85,true
2026-06-03,1,2,3500005,5,1,11.0,63,true
2026-06-03,1,2,3500005,6,1,19.0,108,true
2026-06-03,1,2,3500005,7,1,15.0,85,true
2026-06-03,1,2,3500005,8,1,12.0,68,true
2026-06-03,1,2,3500005,9,1,14.0,80,true
2026-06-03,1,2,3500005,10,1,16.0,91,true
2026-06-03,1,2,3500005,11,1,17.0,97,true
2026-06-03,1,2,3500005,12,1,20.0,113,true
2026-06-03,1,2,3500005,13,1,22.0,125,true
2026-06-03,2,2,3500162,1,1,35.0,167,true
2026-06-03,2,2,3500162,2,1,24.0,115,true
2026-06-03,2,2,3500162,3,1,26.0,124,true
2026-06-03,2,2,3500162,4,1,18.0,86,true
2026-06-03,2,2,3500162,5,1,22.0,105,true
2026-06-03,2,2,3500162,6,1,27.0,129,true
2026-06-03,2,2,3500162,7,1,24.0,115,true
2026-06-03,2,2,3500162,8,1,30.0,143,true
2026-06-03,2,2,3500162,9,1,20.0,96,true
2026-06-03,2,2,3500162,10,1,15.0,72,true
2026-06-03,2,2,3500162,11,1,17.0,81,true
2026-06-03,2,2,3500162,12,1,33.0,158,true
2026-06-03,2,2,3500162,13,1,25.0,120,true
2026-06-03,4,2,3501225,1,1,20.0,122,true
2026-06-03,4,2,3501225,2,1,15.0,91,true
2026-06-03,4,2,3501225,3,1,16.0,97,true
2026-06-03,4,2,3501225,4,1,14.0,85,true
2026-06-03,4,2,3501225,5,1,20.0,122,true
2026-06-03,4,2,3501225,6,1,32.0,194,true
2026-06-03,4,2,3501225,7,1,20.0,122,true
2026-06-03,4,2,3501225,8,1,15.0,91,true
2026-06-03,4,2,3501225,9,1,19.0,116,true
2026-06-03,4,2,3501225,10,1,13.0,79,true
2026-06-03,4,2,3501225,11,1,19.0,116,true
2026-06-03,4,2,3501225,12,1,12.0,73,true
2026-06-03,4,2,3501225,13,1,21.0,128,true
2026-06-03,6,2,3500888,1,1,30.0,49,true
2026-06-03,6,2,3500888,2,1,24.0,39,true
2026-06-03,6,2,3500888,3,1,20.0,33,true
2026-06-03,6,2,3500888,4,1,17.0,28,true
2026-06-03,6,2,3500888,5,1,15.0,25,true
2026-06-03,6,2,3500888,6,1,22.0,36,true
2026-06-03,6,2,3500888,7,1,24.0,39,true
2026-06-03,6,2,3500888,8,1,22.0,36,true
2026-06-03,6,2,3500888,9,1,13.0,21,true
2026-06-03,6,2,3500888,10,1,15.0,25,true
2026-06-03,6,2,3500888,11,1,20.0,33,true
2026-06-03,6,2,3500888,12,1,12.0,20,true
2026-06-03,6,2,3500888,13,1,17.0,28,true
2026-06-04,1,3,3500005,1,1,18.0,102,true
2026-06-04,1,3,3500005,2,1,15.0,85,true
2026-06-04,1,3,3500005,3,1,17.0,97,true
2026-06-04,1,3,3500005,4,1,12.0,68,true
2026-06-04,1,3,3500005,5,1,13.0,74,true
2026-06-04,1,3,3500005,6,1,14.0,80,true
2026-06-04,1,3,3500005,7,1,12.0,68,true
2026-06-04,1,3,3500005,8,1,11.0,63,true
2026-06-04,1,3,3500005,9,1,10.0,57,true
2026-06-04,1,3,3500005,10,1,11.0,63,true
2026-06-04,1,3,3500005,11,1,12.0,68,true
2026-06-04,1,3,3500005,12,1,11.0,63,true
2026-06-04,1,3,3500005,13,1,10.0,57,true
2026-06-04,2,3,3500162,1,1,25.0,120,true
2026-06-04,2,3,3500162,2,1,23.0,110,true
2026-06-04,2,3,3500162,3,1,20.0,96,true
2026-06-04,2,3,3500162,4,1,22.0,105,true
2026-06-04,2,3,3500162,5,1,19.0,91,true
2026-06-04,2,3,3500162,6,1,22.0,105,true
2026-06-04,2,3,3500162,7,1,12.0,58,true
2026-06-04,2,3,3500162,8,1,10.0,48,true
2026-06-04,2,3,3500162,9,1,12.0,58,true
2026-06-04,2,3,3500162,10,1,15.0,72,true
2026-06-04,2,3,3500162,11,1,12.0,58,true
2026-06-04,2,3,3500162,12,1,10.0,48,true
2026-06-04,2,3,3500162,13,1,12.0,58,true
2026-06-04,4,3,3501226,1,1,28.0,152,true
2026-06-04,4,3,3501226,2,1,25.0,136,true
2026-06-04,4,3,3501226,3,1,27.0,146,true
2026-06-04,4,3,3501226,4,1,12.0,65,true
2026-06-04,4,3,3501226,5,1,13.0,71,true
2026-06-04,4,3,3501226,6,1,18.0,98,true
2026-06-04,4,3,3501226,7,1,13.0,71,true
2026-06-04,4,3,3501226,8,1,12.0,65,true
2026-06-04,4,3,3501226,9,1,11.0,60,true
2026-06-04,4,3,3501226,10,1,10.0,55,true
2026-06-04,4,3,3501226,11,1,11.0,60,true
2026-06-04,4,3,3501226,12,1,12.0,65,true
2026-06-04,4,3,3501226,13,1,10.0,55,true
2026-06-04,6,3,3500888,1,1,32.0,52,true
2026-06-04,6,3,3500888,2,1,30.0,49,true
2026-06-04,6,3,3500888,3,1,25.0,41,true
2026-06-04,6,3,3500888,4,1,22.0,36,true
2026-06-04,6,3,3500888,5,1,18.0,30,true
2026-06-04,6,3,3500888,6,1,25.0,41,true
2026-06-04,6,3,3500888,7,1,20.0,33,true
2026-06-04,6,3,3500888,8,1,19.0,31,true
2026-06-04,6,3,3500888,9,1,15.0,25,true
2026-06-04,6,3,3500888,10,1,12.0,20,true
2026-06-04,6,3,3500888,11,1,13.0,21,true
2026-06-04,6,3,3500888,12,1,10.0,17,true
2026-06-04,6,3,3500888,13,1,11.0,18,true
2026-06-04,1,1,3500005,1,1,10.0,57,true
2026-06-04,1,1,3500005,2,1,12.0,68,true
2026-06-04,1,1,3500005,3,1,11.0,63,true
2026-06-04,1,1,3500005,4,1,10.0,57,true
2026-06-04,1,1,3500005,5,1,14.0,80,true
2026-06-04,1,1,3500005,6,1,16.0,91,true
2026-06-04,1,1,3500005,7,1,12.0,68,true
2026-06-04,1,1,3500005,8,1,10.0,57,true
2026-06-04,1,1,3500005,9,1,8.0,46,true
2026-06-04,1,1,3500005,10,1,10.0,57,true
2026-06-04,1,1,3500005,11,1,14.0,80,true
2026-06-04,1,1,3500005,12,1,12.0,68,true
2026-06-04,1,1,3500005,13,1,14.0,80,true
2026-06-04,2,1,3500162,1,1,18.0,86,true
2026-06-04,2,1,3500162,2,1,14.0,67,true
2026-06-04,2,1,3500162,3,1,14.0,67,true
2026-06-04,2,1,3500162,4,1,12.0,58,true
2026-06-04,2,1,3500162,5,1,10.0,48,true
2026-06-04,2,1,3500162,6,1,23.0,110,true
2026-06-04,2,1,3500162,7,1,12.0,58,true
2026-06-04,2,1,3500162,8,1,10.0,48,true
2026-06-04,2,1,3500162,9,1,16.0,77,true
2026-06-04,2,1,3500162,10,1,10.0,48,true
2026-06-04,2,1,3500162,11,1,14.0,67,true
2026-06-04,2,1,3500162,12,1,18.0,86,true
2026-06-04,2,1,3500162,13,1,18.0,86,true
2026-06-04,4,1,3501226,1,1,30.0,163,true
2026-06-04,4,1,3501226,2,1,14.0,76,true
2026-06-04,4,1,3501226,3,1,12.0,65,true
2026-06-04,4,1,3501226,4,1,13.0,71,true
2026-06-04,4,1,3501226,5,1,10.0,55,true
2026-06-04,4,1,3501226,6,1,25.0,136,true
2026-06-04,4,1,3501226,7,1,22.0,119,true
2026-06-04,4,1,3501226,8,1,12.0,65,true
2026-06-04,4,1,3501226,9,1,18.0,98,true
2026-06-04,4,1,3501226,10,1,10.0,55,true
2026-06-04,4,1,3501226,11,1,22.0,119,true
2026-06-04,4,1,3501226,12,1,18.0,98,true
2026-06-04,4,1,3501226,13,1,20.0,109,true
2026-06-04,6,1,3500888,1,1,0.0,0,true
2026-06-04,6,1,3500888,2,1,0.0,0,true
2026-06-04,6,1,3500888,3,1,24.0,39,true
2026-06-04,6,1,3500888,4,1,0.0,0,true
2026-06-04,6,1,3500888,5,1,0.0,0,true
2026-06-04,6,1,3500888,6,1,0.0,0,true
2026-06-04,6,1,3500888,7,1,12.0,20,true
2026-06-04,6,1,3500888,8,1,0.0,0,true
2026-06-04,6,1,3500888,9,1,0.0,0,true
2026-06-04,6,1,3500888,10,1,0.0,0,true
2026-06-04,6,1,3500888,11,1,18.0,30,true
2026-06-04,6,1,3500888,12,1,0.0,0,true
2026-06-04,6,1,3500888,13,1,0.0,0,true
2026-06-05,1,3,3500005,1,1,15.0,85,true
2026-06-05,1,3,3500005,2,1,12.0,68,true
2026-06-05,1,3,3500005,3,1,13.0,74,true
2026-06-05,1,3,3500005,4,1,10.0,57,true
2026-06-05,1,3,3500005,5,1,12.0,68,true
2026-06-05,1,3,3500005,6,1,11.0,63,true
2026-06-05,1,3,3500005,7,1,12.0,68,true
2026-06-05,1,3,3500005,8,1,10.0,57,true
2026-06-05,1,3,3500005,9,1,11.0,63,true
2026-06-05,1,3,3500005,10,1,12.0,68,true
2026-06-05,1,3,3500005,11,1,10.0,57,true
2026-06-05,1,3,3500005,12,1,9.0,51,true
2026-06-05,1,3,3500005,13,1,10.0,57,true
2026-06-05,2,3,3500162,1,1,22.0,105,true
2026-06-05,2,3,3500162,2,1,20.0,96,true
2026-06-05,2,3,3500162,3,1,21.0,100,true
2026-06-05,2,3,3500162,4,1,19.0,91,true
2026-06-05,2,3,3500162,5,1,15.0,72,true
2026-06-05,2,3,3500162,6,1,22.0,105,true
2026-06-05,2,3,3500162,7,1,18.0,86,true
2026-06-05,2,3,3500162,8,1,15.0,72,true
2026-06-05,2,3,3500162,9,1,12.0,58,true
2026-06-05,2,3,3500162,10,1,13.0,62,true
2026-06-05,2,3,3500162,11,1,10.0,48,true
2026-06-05,2,3,3500162,12,1,10.0,48,true
2026-06-05,2,3,3500162,13,1,12.0,58,true
2026-06-05,4,3,3501225,1,1,25.0,152,true
2026-06-05,4,3,3501225,2,1,18.0,110,true
2026-06-05,4,3,3501225,3,1,17.0,104,true
2026-06-05,4,3,3501225,4,1,12.0,73,true
2026-06-05,4,3,3501225,5,1,15.0,91,true
2026-06-05,4,3,3501225,6,1,17.0,104,true
2026-06-05,4,3,3501225,7,1,20.0,122,true
2026-06-05,4,3,3501225,8,1,21.0,128,true
2026-06-05,4,3,3501225,9,1,18.0,110,true
2026-06-05,4,3,3501225,10,1,15.0,91,true
2026-06-05,4,3,3501225,11,1,12.0,73,true
2026-06-05,4,3,3501225,12,1,13.0,79,true
2026-06-05,4,3,3501225,13,1,11.0,67,true
2026-06-05,1,2,3500005,1,1,17.0,97,true
2026-06-05,1,2,3500005,2,1,12.0,68,true
2026-06-05,1,2,3500005,3,1,19.0,108,true
2026-06-05,1,2,3500005,4,1,12.0,68,true
2026-06-05,1,2,3500005,5,1,10.0,57,true
2026-06-05,1,2,3500005,6,1,20.0,113,true
2026-06-05,1,2,3500005,7,1,18.0,102,true
2026-06-05,1,2,3500005,8,1,12.0,68,true
2026-06-05,1,2,3500005,9,1,14.0,80,true
2026-06-05,1,2,3500005,10,1,16.0,91,true
2026-06-05,1,2,3500005,11,1,12.0,68,true
2026-06-05,1,2,3500005,12,1,10.0,57,true
2026-06-05,1,2,3500005,13,1,20.0,113,true
2026-06-05,4,2,3501225,1,1,40.0,243,true
2026-06-05,4,2,3501225,2,1,20.0,122,true
2026-06-05,4,2,3501225,3,1,30.0,182,true
2026-06-05,4,2,3501225,4,1,19.0,116,true
2026-06-05,4,2,3501225,5,1,12.0,73,true
2026-06-05,4,2,3501225,6,1,18.0,110,true
2026-06-05,4,2,3501225,7,1,15.0,91,true
2026-06-05,4,2,3501225,8,1,20.0,122,true
2026-06-05,4,2,3501225,9,1,15.0,91,true
2026-06-05,4,2,3501225,10,1,30.0,182,true
2026-06-05,4,2,3501225,11,1,12.0,73,true
2026-06-05,4,2,3501225,12,1,10.0,61,true
2026-06-05,4,2,3501225,13,1,22.0,134,true
2026-06-05,1,1,3500005,1,1,10.0,57,true
2026-06-05,1,1,3500005,2,1,14.0,80,true
2026-06-05,1,1,3500005,3,1,12.0,68,true
2026-06-05,1,1,3500005,4,1,10.0,57,true
2026-06-05,1,1,3500005,5,1,12.0,68,true
2026-06-05,1,1,3500005,6,1,21.0,119,true
2026-06-05,1,1,3500005,7,1,10.0,57,true
2026-06-05,1,1,3500005,8,1,8.0,46,true
2026-06-05,1,1,3500005,9,1,7.0,40,true
2026-06-05,1,1,3500005,10,1,10.0,57,true
2026-06-05,1,1,3500005,11,1,12.0,68,true
2026-06-05,1,1,3500005,12,1,14.0,80,true
2026-06-05,1,1,3500005,13,1,16.0,91,true
2026-06-05,2,1,3500162,1,1,16.0,77,true
2026-06-05,2,1,3500162,2,1,20.0,96,true
2026-06-05,2,1,3500162,3,1,14.0,67,true
2026-06-05,2,1,3500162,4,1,12.0,58,true
2026-06-05,2,1,3500162,5,1,10.0,48,true
2026-06-05,2,1,3500162,6,1,20.0,96,true
2026-06-05,2,1,3500162,7,1,10.0,48,true
2026-06-05,2,1,3500162,8,1,11.0,53,true
2026-06-05,2,1,3500162,9,1,14.0,67,true
2026-06-05,2,1,3500162,10,1,10.0,48,true
2026-06-05,2,1,3500162,11,1,12.0,58,true
2026-06-05,2,1,3500162,12,1,18.0,86,true
2026-06-05,2,1,3500162,13,1,17.0,81,true
2026-06-05,4,1,3501225,1,1,20.0,122,true
2026-06-05,4,1,3501225,2,1,12.0,73,true
2026-06-05,4,1,3501225,3,1,14.0,85,true
2026-06-05,4,1,3501225,4,1,12.0,73,true
2026-06-05,4,1,3501225,5,1,11.0,67,true
2026-06-05,4,1,3501225,6,1,21.0,128,true
2026-06-05,4,1,3501225,7,1,18.0,110,true
2026-06-05,4,1,3501225,8,1,12.0,73,true
2026-06-05,4,1,3501225,9,1,22.0,134,true
2026-06-05,4,1,3501225,10,1,12.0,73,true
2026-06-05,4,1,3501225,11,1,14.0,85,true
2026-06-05,4,1,3501225,12,1,16.0,97,true
2026-06-05,4,1,3501225,13,1,21.0,128,true
2026-06-06,1,3,3500005,1,1,15.0,85,true
2026-06-06,1,3,3500005,2,1,12.0,68,true
2026-06-06,1,3,3500005,3,1,13.0,74,true
2026-06-06,1,3,3500005,4,1,10.0,57,true
2026-06-06,1,3,3500005,5,1,11.0,63,true
2026-06-06,1,3,3500005,6,1,22.0,125,true
2026-06-06,1,3,3500005,7,1,13.0,74,true
2026-06-06,1,3,3500005,8,1,14.0,80,true
2026-06-06,1,3,3500005,9,1,10.0,57,true
2026-06-06,1,3,3500005,10,1,12.0,68,true
2026-06-06,1,3,3500005,11,1,11.0,63,true
2026-06-06,1,3,3500005,12,1,9.0,51,true
2026-06-06,1,3,3500005,13,1,10.0,57,true
2026-06-06,2,3,3501430,1,1,20.0,63,true
2026-06-06,2,3,3501430,2,1,20.0,63,true
2026-06-06,2,3,3501430,3,1,17.0,53,true
2026-06-06,2,3,3501430,4,1,18.0,57,true
2026-06-06,2,3,3501430,5,1,15.0,47,true
2026-06-06,2,3,3501430,6,1,14.0,44,true
2026-06-06,2,3,3501430,7,1,14.0,44,true
2026-06-06,2,3,3501430,8,1,13.0,41,true
2026-06-06,2,3,3501430,9,1,11.0,35,true
2026-06-06,2,3,3501430,10,1,10.0,32,true
2026-06-06,2,3,3501430,11,1,12.0,38,true
2026-06-06,2,3,3501430,12,1,10.0,32,true
2026-06-06,2,3,3501430,13,1,11.0,35,true
2026-06-06,4,3,3500213,1,1,22.0,105,true
2026-06-06,4,3,3500213,2,1,18.0,86,true
2026-06-06,4,3,3500213,3,1,15.0,72,true
2026-06-06,4,3,3500213,4,1,14.0,67,true
2026-06-06,4,3,3500213,5,1,12.0,58,true
2026-06-06,4,3,3500213,6,1,22.0,105,true
2026-06-06,4,3,3500213,7,1,12.0,58,true
2026-06-06,4,3,3500213,8,1,15.0,72,true
2026-06-06,4,3,3500213,9,1,10.0,48,true
2026-06-06,4,3,3500213,10,1,10.0,48,true
2026-06-06,4,3,3500213,11,1,11.0,53,true
2026-06-06,4,3,3500213,12,1,10.0,48,true
2026-06-06,4,3,3500213,13,1,10.0,48,true
2026-06-06,1,1,3500005,1,1,8.0,46,true
2026-06-06,1,1,3500005,2,1,12.0,68,true
2026-06-06,1,1,3500005,3,1,18.0,102,true
2026-06-06,1,1,3500005,4,1,14.0,80,true
2026-06-06,1,1,3500005,5,1,10.0,57,true
2026-06-06,1,1,3500005,6,1,22.0,125,true
2026-06-06,1,1,3500005,7,1,12.0,68,true
2026-06-06,1,1,3500005,8,1,10.0,57,true
2026-06-06,1,1,3500005,9,1,7.0,40,true
2026-06-06,1,1,3500005,10,1,10.0,57,true
2026-06-06,1,1,3500005,11,1,19.0,108,true
2026-06-06,1,1,3500005,12,1,14.0,80,true
2026-06-06,1,1,3500005,13,1,19.0,108,true
2026-06-06,2,1,3501430,1,1,16.0,50,true
2026-06-06,2,1,3501430,2,1,14.0,44,true
2026-06-06,2,1,3501430,3,1,18.0,57,true
2026-06-06,2,1,3501430,4,1,12.0,38,true
2026-06-06,2,1,3501430,5,1,10.0,32,true
2026-06-06,2,1,3501430,6,1,21.0,66,true
2026-06-06,2,1,3501430,7,1,12.0,38,true
2026-06-06,2,1,3501430,8,1,10.0,32,true
2026-06-06,2,1,3501430,9,1,16.0,50,true
2026-06-06,2,1,3501430,10,1,10.0,32,true
2026-06-06,2,1,3501430,11,1,14.0,44,true
2026-06-06,2,1,3501430,12,1,16.0,50,true
2026-06-06,2,1,3501430,13,1,17.0,53,true
2026-06-06,4,1,3500213,1,1,22.0,105,true
2026-06-06,4,1,3500213,2,1,16.0,77,true
2026-06-06,4,1,3500213,3,1,14.0,67,true
2026-06-06,4,1,3500213,4,1,26.0,124,true
2026-06-06,4,1,3500213,5,1,12.0,58,true
2026-06-06,4,1,3500213,6,1,22.0,105,true
2026-06-06,4,1,3500213,7,1,12.0,58,true
2026-06-06,4,1,3500213,8,1,10.0,48,true
2026-06-06,4,1,3500213,9,1,16.0,77,true
2026-06-06,4,1,3500213,10,1,12.0,58,true
2026-06-06,4,1,3500213,11,1,12.0,58,true
2026-06-06,4,1,3500213,12,1,18.0,86,true
2026-06-06,4,1,3500213,13,1,21.0,100,true
2026-06-07,1,3,3500005,1,1,15.0,85,true
2026-06-07,1,3,3500005,2,1,16.0,91,true
2026-06-07,1,3,3500005,3,1,15.0,85,true
2026-06-07,1,3,3500005,4,1,14.0,80,true
2026-06-07,1,3,3500005,5,1,10.0,57,true
2026-06-07,1,3,3500005,6,1,12.0,68,true
2026-06-07,1,3,3500005,7,1,13.0,74,true
2026-06-07,1,3,3500005,8,1,11.0,63,true
2026-06-07,1,3,3500005,9,1,10.0,57,true
2026-06-07,1,3,3500005,10,1,12.0,68,true
2026-06-07,1,3,3500005,11,1,10.0,57,true
2026-06-07,1,3,3500005,12,1,11.0,63,true
2026-06-07,1,3,3500005,13,1,11.0,63,true
2026-06-07,2,3,3501430,1,1,18.0,57,true
2026-06-07,2,3,3501430,2,1,15.0,47,true
2026-06-07,2,3,3501430,3,1,17.0,53,true
2026-06-07,2,3,3501430,4,1,10.0,32,true
2026-06-07,2,3,3501430,5,1,12.0,38,true
2026-06-07,2,3,3501430,6,1,13.0,41,true
2026-06-07,2,3,3501430,7,1,15.0,47,true
2026-06-07,2,3,3501430,8,1,12.0,38,true
2026-06-07,2,3,3501430,9,1,10.0,32,true
2026-06-07,2,3,3501430,10,1,11.0,35,true
2026-06-07,2,3,3501430,11,1,12.0,38,true
2026-06-07,2,3,3501430,12,1,10.0,32,true
2026-06-07,2,3,3501430,13,1,11.0,35,true
2026-06-06,1,2,3500005,1,1,15.0,85,true
2026-06-06,1,2,3500005,2,1,12.0,68,true
2026-06-06,1,2,3500005,3,1,13.0,74,true
2026-06-06,1,2,3500005,4,1,10.0,57,true
2026-06-06,1,2,3500005,5,1,12.0,68,true
2026-06-06,1,2,3500005,6,1,18.0,102,true
2026-06-06,1,2,3500005,7,1,12.0,68,true
2026-06-06,1,2,3500005,8,1,10.0,57,true
2026-06-06,1,2,3500005,9,1,11.0,63,true
2026-06-06,1,2,3500005,10,1,12.0,68,true
2026-06-06,1,2,3500005,11,1,10.0,57,true
2026-06-06,1,2,3500005,12,1,9.0,51,true
2026-06-06,1,2,3500005,13,1,12.0,68,true
2026-06-06,2,2,3501430,1,1,22.0,69,true
2026-06-06,2,2,3501430,2,1,20.0,63,true
2026-06-06,2,2,3501430,3,1,21.0,66,true
2026-06-06,2,2,3501430,4,1,19.0,60,true
2026-06-06,2,2,3501430,5,1,15.0,47,true
2026-06-06,2,2,3501430,6,1,22.0,69,true
2026-06-06,2,2,3501430,7,1,18.0,57,true
2026-06-06,2,2,3501430,8,1,15.0,47,true
2026-06-06,2,2,3501430,9,1,12.0,38,true
2026-06-06,2,2,3501430,10,1,13.0,41,true
2026-06-06,2,2,3501430,11,1,10.0,32,true
2026-06-06,2,2,3501430,12,1,10.0,32,true
2026-06-06,2,2,3501430,13,1,12.0,38,true
2026-06-06,4,2,3500213,1,1,25.0,120,true
2026-06-06,4,2,3500213,2,1,18.0,86,true
2026-06-06,4,2,3500213,3,1,17.0,81,true
2026-06-06,4,2,3500213,4,1,12.0,58,true
2026-06-06,4,2,3500213,5,1,15.0,72,true
2026-06-06,4,2,3500213,6,1,34.0,162,true
2026-06-06,4,2,3500213,7,1,20.0,96,true
2026-06-06,4,2,3500213,8,1,21.0,100,true
2026-06-06,4,2,3500213,9,1,18.0,86,true
2026-06-06,4,2,3500213,10,1,15.0,72,true
2026-06-06,4,2,3500213,11,1,12.0,58,true
2026-06-06,4,2,3500213,12,1,13.0,62,true
2026-06-06,4,2,3500213,13,1,11.0,53,true
2026-06-07,1,2,3500005,1,1,16.0,91,true
2026-06-07,1,2,3500005,2,1,11.0,63,true
2026-06-07,1,2,3500005,3,1,11.0,63,true
2026-06-07,1,2,3500005,4,1,13.0,74,true
2026-06-07,1,2,3500005,5,1,10.0,57,true
2026-06-07,1,2,3500005,6,1,18.0,102,true
2026-06-07,1,2,3500005,7,1,11.0,63,true
2026-06-07,1,2,3500005,8,1,9.0,51,true
2026-06-07,1,2,3500005,9,1,12.0,68,true
2026-06-07,1,2,3500005,10,1,11.0,63,true
2026-06-07,1,2,3500005,11,1,13.0,74,true
2026-06-07,1,2,3500005,12,1,9.0,51,true
2026-06-07,1,2,3500005,13,1,13.0,74,true
2026-06-07,2,2,3501430,1,1,21.0,66,true
2026-06-07,2,2,3501430,2,1,20.0,63,true
2026-06-07,2,2,3501430,3,1,19.0,60,true
2026-06-07,2,2,3501430,4,1,19.0,60,true
2026-06-07,2,2,3501430,5,1,10.0,32,true
2026-06-07,2,2,3501430,6,1,34.0,106,true
2026-06-07,2,2,3501430,7,1,13.0,41,true
2026-06-07,2,2,3501430,8,1,12.0,38,true
2026-06-07,2,2,3501430,9,1,15.0,47,true
2026-06-07,2,2,3501430,10,1,10.0,32,true
2026-06-07,2,2,3501430,11,1,10.0,32,true
2026-06-07,2,2,3501430,12,1,10.0,32,true
2026-06-07,2,2,3501430,13,1,19.0,60,true
2026-06-08,1,3,3500005,1,1,10.0,57,true
2026-06-08,1,3,3500005,2,1,14.0,80,true
2026-06-08,1,3,3500005,3,1,16.0,91,true
2026-06-08,1,3,3500005,4,1,16.0,91,true
2026-06-08,1,3,3500005,5,1,12.0,68,true
2026-06-08,1,3,3500005,6,1,21.0,119,true
2026-06-08,1,3,3500005,7,1,11.0,63,true
2026-06-08,1,3,3500005,8,1,7.0,40,true
2026-06-08,1,3,3500005,9,1,8.0,46,true
2026-06-08,1,3,3500005,10,1,10.0,57,true
2026-06-08,1,3,3500005,11,1,14.0,80,true
2026-06-08,1,3,3500005,12,1,16.0,91,true
2026-06-08,1,3,3500005,13,1,19.0,108,true
2026-06-08,2,3,3501430,1,1,22.0,69,true
2026-06-08,2,3,3501430,2,1,12.0,38,true
2026-06-08,2,3,3501430,3,1,14.0,44,true
2026-06-08,2,3,3501430,4,1,20.0,63,true
2026-06-08,2,3,3501430,5,1,18.0,57,true
2026-06-08,2,3,3501430,6,1,26.0,82,true
2026-06-08,2,3,3501430,7,1,12.0,38,true
2026-06-08,2,3,3501430,8,1,10.0,32,true
2026-06-08,2,3,3501430,9,1,18.0,57,true
2026-06-08,2,3,3501430,10,1,11.0,35,true
2026-06-08,2,3,3501430,11,1,14.0,44,true
2026-06-08,2,3,3501430,12,1,16.0,50,true
2026-06-08,2,3,3501430,13,1,23.0,72,true
2026-06-08,2,2,3500162,1,1,20.0,96,true
2026-06-08,2,2,3500162,2,1,30.0,143,true
2026-06-08,2,2,3500162,3,1,24.0,115,true
2026-06-08,2,2,3500162,4,1,10.0,48,true
2026-06-08,2,2,3500162,5,1,15.0,72,true
2026-06-08,2,2,3500162,6,1,28.0,134,true
2026-06-08,2,2,3500162,7,1,24.0,115,true
2026-06-08,2,2,3500162,8,1,20.0,96,true
2026-06-08,2,2,3500162,9,1,15.0,72,true
2026-06-08,2,2,3500162,10,1,33.0,158,true
2026-06-08,2,2,3500162,11,1,22.0,105,true
2026-06-08,2,2,3500162,12,1,34.0,162,true
2026-06-08,2,2,3500162,13,1,34.0,162,true
2026-06-08,4,2,412671,1,1,35.0,151,true
2026-06-08,4,2,412671,2,1,40.0,173,true
2026-06-08,4,2,412671,3,1,24.0,104,true
2026-06-08,4,2,412671,4,1,22.0,95,true
2026-06-08,4,2,412671,5,1,18.0,78,true
2026-06-08,4,2,412671,6,1,40.0,173,true
2026-06-08,4,2,412671,7,1,24.0,104,true
2026-06-08,4,2,412671,8,1,22.0,95,true
2026-06-08,4,2,412671,9,1,40.0,173,true
2026-06-08,4,2,412671,10,1,33.0,143,true
2026-06-08,4,2,412671,11,1,24.0,104,true
2026-06-08,4,2,412671,12,1,15.0,65,true
2026-06-08,4,2,412671,13,1,21.0,91,true
2026-06-09,1,3,3500005,1,1,10.0,57,true
2026-06-09,1,3,3500005,2,1,12.0,68,true
2026-06-09,1,3,3500005,3,1,18.0,102,true
2026-06-09,1,3,3500005,4,1,14.0,80,true
2026-06-09,1,3,3500005,5,1,10.0,57,true
2026-06-09,1,3,3500005,6,1,22.0,125,true
2026-06-09,1,3,3500005,7,1,12.0,68,true
2026-06-09,1,3,3500005,8,1,10.0,57,true
2026-06-09,1,3,3500005,9,1,7.0,40,true
2026-06-09,1,3,3500005,10,1,8.0,46,true
2026-06-09,1,3,3500005,11,1,12.0,68,true
2026-06-09,1,3,3500005,12,1,16.0,91,true
2026-06-09,1,3,3500005,13,1,27.0,153,true
2026-06-09,2,3,3500162,1,1,22.0,105,true
2026-06-09,2,3,3500162,2,1,18.0,86,true
2026-06-09,2,3,3500162,3,1,14.0,67,true
2026-06-09,2,3,3500162,4,1,10.0,48,true
2026-06-09,2,3,3500162,5,1,11.0,53,true
2026-06-09,2,3,3500162,6,1,21.0,100,true
2026-06-09,2,3,3500162,7,1,12.0,58,true
2026-06-09,2,3,3500162,8,1,11.0,53,true
2026-06-09,2,3,3500162,9,1,22.0,105,true
2026-06-09,2,3,3500162,10,1,10.0,48,true
2026-06-09,2,3,3500162,11,1,11.0,53,true
2026-06-09,2,3,3500162,12,1,14.0,67,true
2026-06-09,2,3,3500162,13,1,28.0,134,true
2026-06-09,4,3,3500446,1,1,26.0,113,true
2026-06-09,4,3,3500446,2,1,20.0,87,true
2026-06-09,4,3,3500446,3,1,24.0,104,true
2026-06-09,4,3,3500446,4,1,42.0,182,true
2026-06-09,4,3,3500446,5,1,40.0,173,true
2026-06-09,4,3,3500446,6,1,26.0,113,true
2026-06-09,4,3,3500446,7,1,24.0,104,true
2026-06-09,4,3,3500446,8,1,12.0,52,true
2026-06-09,4,3,3500446,9,1,14.0,61,true
2026-06-09,4,3,3500446,10,1,10.0,44,true
2026-06-09,4,3,3500446,11,1,14.0,61,true
2026-06-09,4,3,3500446,12,1,16.0,69,true
2026-06-09,4,3,3500446,13,1,33.0,143,true
2026-06-09,6,3,3500888,1,1,14.0,23,true
2026-06-09,6,3,3500888,2,1,24.0,39,true
2026-06-09,6,3,3500888,3,1,22.0,36,true
2026-06-09,6,3,3500888,4,1,16.0,26,true
2026-06-09,6,3,3500888,5,1,12.0,20,true
2026-06-09,6,3,3500888,6,1,21.0,34,true
2026-06-09,6,3,3500888,7,1,16.0,26,true
2026-06-09,6,3,3500888,8,1,10.0,17,true
2026-06-09,6,3,3500888,9,1,12.0,20,true
2026-06-09,6,3,3500888,10,1,7.0,12,true
2026-06-09,6,3,3500888,11,1,22.0,36,true
2026-06-09,6,3,3500888,12,1,12.0,20,true
2026-06-09,6,3,3500888,13,1,27.0,44,true
2026-06-09,1,1,3500005,1,1,35.0,198,true
2026-06-09,1,1,3500005,2,1,24.0,136,true
2026-06-09,1,1,3500005,3,1,19.0,108,true
2026-06-09,1,1,3500005,4,1,22.0,125,true
2026-06-09,1,1,3500005,5,1,33.0,187,true
2026-06-09,1,1,3500005,6,1,26.0,147,true
2026-06-09,1,1,3500005,7,1,24.0,136,true
2026-06-09,1,1,3500005,8,1,30.0,170,true
2026-06-09,1,1,3500005,9,1,22.0,125,true
2026-06-09,1,1,3500005,10,1,19.0,108,true
2026-06-09,1,1,3500005,11,1,22.0,125,true
2026-06-09,1,1,3500005,12,1,19.0,108,true
2026-06-09,1,1,3500005,13,1,26.0,147,true
2026-06-09,4,1,3500446,1,1,35.0,151,true
2026-06-09,4,1,3500446,2,1,33.0,143,true
2026-06-09,4,1,3500446,3,1,24.0,104,true
2026-06-09,4,1,3500446,4,1,22.0,95,true
2026-06-09,4,1,3500446,5,1,33.0,143,true
2026-06-09,4,1,3500446,6,1,14.0,61,true
2026-06-09,4,1,3500446,7,1,30.0,130,true
2026-06-09,4,1,3500446,8,1,24.0,104,true
2026-06-09,4,1,3500446,9,1,15.0,65,true
2026-06-09,4,1,3500446,10,1,19.0,82,true
2026-06-09,4,1,3500446,11,1,22.0,95,true
2026-06-09,4,1,3500446,12,1,15.0,65,true
2026-06-09,4,1,3500446,13,1,26.0,113,true
2026-06-09,6,1,3500888,1,1,30.0,49,true
2026-06-09,6,1,3500888,2,1,35.0,57,true
2026-06-09,6,1,3500888,3,1,22.0,36,true
2026-06-09,6,1,3500888,4,1,15.0,25,true
2026-06-09,6,1,3500888,5,1,20.0,33,true
2026-06-09,6,1,3500888,6,1,20.0,33,true
2026-06-09,6,1,3500888,7,1,24.0,39,true
2026-06-09,6,1,3500888,8,1,22.0,36,true
2026-06-09,6,1,3500888,9,1,33.0,54,true
2026-06-09,6,1,3500888,10,1,15.0,25,true
2026-06-09,6,1,3500888,11,1,14.0,23,true
2026-06-09,6,1,3500888,12,1,22.0,36,true
2026-06-09,6,1,3500888,13,1,25.0,41,true
2026-06-09,1,2,3500005,1,1,15.0,85,true
2026-06-09,1,2,3500005,2,1,17.0,97,true
2026-06-09,1,2,3500005,3,1,12.0,68,true
2026-06-09,1,2,3500005,4,1,10.0,57,true
2026-06-09,1,2,3500005,5,1,10.0,57,true
2026-06-09,1,2,3500005,6,1,13.0,74,true
2026-06-09,1,2,3500005,7,1,12.0,68,true
2026-06-09,1,2,3500005,8,1,10.0,57,true
2026-06-09,1,2,3500005,9,1,11.0,63,true
2026-06-09,1,2,3500005,10,1,10.0,57,true
2026-06-09,1,2,3500005,11,1,9.0,51,true
2026-06-09,1,2,3500005,12,1,12.0,68,true
2026-06-09,1,2,3500005,13,1,11.0,63,true
2026-06-09,4,2,3501226,1,1,22.0,119,true
2026-06-09,4,2,3501226,2,1,20.0,109,true
2026-06-09,4,2,3501226,3,1,18.0,98,true
2026-06-09,4,2,3501226,4,1,15.0,82,true
2026-06-09,4,2,3501226,5,1,13.0,71,true
2026-06-09,4,2,3501226,6,1,15.0,82,true
2026-06-09,4,2,3501226,7,1,18.0,98,true
2026-06-09,4,2,3501226,8,1,17.0,92,true
2026-06-09,4,2,3501226,9,1,12.0,65,true
2026-06-09,4,2,3501226,10,1,15.0,82,true
2026-06-09,4,2,3501226,11,1,11.0,60,true
2026-06-09,4,2,3501226,12,1,15.0,82,true
2026-06-09,4,2,3501226,13,1,16.0,87,true
2026-06-09,6,2,3500888,1,1,25.0,41,true
2026-06-09,6,2,3500888,2,1,26.0,42,true
2026-06-09,6,2,3500888,3,1,19.0,31,true
2026-06-09,6,2,3500888,4,1,17.0,28,true
2026-06-09,6,2,3500888,5,1,16.0,26,true
2026-06-09,6,2,3500888,6,1,22.0,36,true
2026-06-09,6,2,3500888,7,1,20.0,33,true
2026-06-09,6,2,3500888,8,1,18.0,30,true
2026-06-09,6,2,3500888,9,1,17.0,28,true
2026-06-09,6,2,3500888,10,1,15.0,25,true
2026-06-09,6,2,3500888,11,1,13.0,21,true
2026-06-09,6,2,3500888,12,1,15.0,25,true
2026-06-09,6,2,3500888,13,1,16.0,26,true
2026-06-10,1,3,3500005,1,1,10.0,57,true
2026-06-10,1,3,3500005,2,1,7.0,40,true
2026-06-10,1,3,3500005,3,1,9.0,51,true
2026-06-10,1,3,3500005,4,1,6.0,34,true
2026-06-10,1,3,3500005,5,1,8.0,46,true
2026-06-10,1,3,3500005,6,1,21.0,119,true
2026-06-10,1,3,3500005,7,1,5.0,29,true
2026-06-10,1,3,3500005,8,1,7.0,40,true
2026-06-10,1,3,3500005,9,1,10.0,57,true
2026-06-10,1,3,3500005,10,1,11.0,63,true
2026-06-10,1,3,3500005,11,1,8.0,46,true
2026-06-10,1,3,3500005,12,1,10.0,57,true
2026-06-10,1,3,3500005,13,1,21.0,119,true
2026-06-10,2,3,3500162,1,1,10.0,48,true
2026-06-10,2,3,3500162,2,1,11.0,53,true
2026-06-10,2,3,3500162,3,1,8.0,39,true
2026-06-10,2,3,3500162,4,1,6.0,29,true
2026-06-10,2,3,3500162,5,1,8.0,39,true
2026-06-10,2,3,3500162,6,1,15.0,72,true
2026-06-10,2,3,3500162,7,1,9.0,43,true
2026-06-10,2,3,3500162,8,1,11.0,53,true
2026-06-10,2,3,3500162,9,1,10.0,48,true
2026-06-10,2,3,3500162,10,1,7.0,34,true
2026-06-10,2,3,3500162,11,1,9.0,43,true
2026-06-10,2,3,3500162,12,1,11.0,53,true
2026-06-10,2,3,3500162,13,1,12.0,58,true
2026-06-10,4,3,3501226,1,1,11.0,60,true
2026-06-10,4,3,3501226,2,1,13.0,71,true
2026-06-10,4,3,3501226,3,1,15.0,82,true
2026-06-10,4,3,3501226,4,1,9.0,49,true
2026-06-10,4,3,3501226,5,1,7.0,38,true
2026-06-10,4,3,3501226,6,1,17.0,92,true
2026-06-10,4,3,3501226,7,1,10.0,55,true
2026-06-10,4,3,3501226,8,1,8.0,44,true
2026-06-10,4,3,3501226,9,1,11.0,60,true
2026-06-10,4,3,3501226,10,1,9.0,49,true
2026-06-10,4,3,3501226,11,1,12.0,65,true
2026-06-10,4,3,3501226,12,1,13.0,71,true
2026-06-10,4,3,3501226,13,1,23.0,125,true
2026-06-11,1,1,3500005,1,1,20.0,113,true
2026-06-11,1,1,3500005,2,1,15.0,85,true
2026-06-11,1,1,3500005,3,1,18.0,102,true
2026-06-11,1,1,3500005,4,1,24.0,136,true
2026-06-11,1,1,3500005,5,1,16.0,91,true
2026-06-11,1,1,3500005,6,1,22.0,125,true
2026-06-11,1,1,3500005,7,1,15.0,85,true
2026-06-11,1,1,3500005,8,1,20.0,113,true
2026-06-11,1,1,3500005,9,1,18.0,102,true
2026-06-11,1,1,3500005,10,1,16.0,91,true
2026-06-11,1,1,3500005,11,1,12.0,68,true
2026-06-11,1,1,3500005,12,1,13.0,74,true
2026-06-11,1,1,3500005,13,1,19.0,108,true
2026-06-11,2,1,3500162,1,1,15.0,72,true
2026-06-11,2,1,3500162,2,1,20.0,96,true
2026-06-11,2,1,3500162,3,1,19.0,91,true
2026-06-11,2,1,3500162,4,1,24.0,115,true
2026-06-11,2,1,3500162,5,1,15.0,72,true
2026-06-11,2,1,3500162,6,1,19.0,91,true
2026-06-11,2,1,3500162,7,1,22.0,105,true
2026-06-11,2,1,3500162,8,1,16.0,77,true
2026-06-11,2,1,3500162,9,1,17.0,81,true
2026-06-11,2,1,3500162,10,1,24.0,115,true
2026-06-11,2,1,3500162,11,1,20.0,96,true
2026-06-11,2,1,3500162,12,1,10.0,48,true
2026-06-11,2,1,3500162,13,1,20.0,96,true
2026-06-11,4,1,3501226,1,1,24.0,130,true
2026-06-11,4,1,3501226,2,1,15.0,82,true
2026-06-11,4,1,3501226,3,1,20.0,109,true
2026-06-11,4,1,3501226,4,1,16.0,87,true
2026-06-11,4,1,3501226,5,1,10.0,55,true
2026-06-11,4,1,3501226,6,1,19.0,103,true
2026-06-11,4,1,3501226,7,1,15.0,82,true
2026-06-11,4,1,3501226,8,1,20.0,109,true
2026-06-11,4,1,3501226,9,1,19.0,103,true
2026-06-11,4,1,3501226,10,1,14.0,76,true
2026-06-11,4,1,3501226,11,1,12.0,65,true
2026-06-11,4,1,3501226,12,1,10.0,55,true
2026-06-11,4,1,3501226,13,1,19.0,103,true
2026-06-11,1,2,3500005,1,1,16.0,91,true
2026-06-11,1,2,3500005,2,1,12.0,68,true
2026-06-11,1,2,3500005,3,1,15.0,85,true
2026-06-11,1,2,3500005,4,1,12.0,68,true
2026-06-11,1,2,3500005,5,1,13.0,74,true
2026-06-11,1,2,3500005,6,1,19.0,108,true
2026-06-11,1,2,3500005,7,1,12.0,68,true
2026-06-11,1,2,3500005,8,1,11.0,63,true
2026-06-11,1,2,3500005,9,1,10.0,57,true
2026-06-11,1,2,3500005,10,1,13.0,74,true
2026-06-11,1,2,3500005,11,1,10.0,57,true
2026-06-11,1,2,3500005,12,1,12.0,68,true
2026-06-11,1,2,3500005,13,1,11.0,63,true
2026-06-11,2,2,3501430,1,1,18.0,57,true
2026-06-11,2,2,3501430,2,1,15.0,47,true
2026-06-11,2,2,3501430,3,1,12.0,38,true
2026-06-11,2,2,3501430,4,1,13.0,41,true
2026-06-11,2,2,3501430,5,1,10.0,32,true
2026-06-11,2,2,3501430,6,1,15.0,47,true
2026-06-11,2,2,3501430,7,1,15.0,47,true
2026-06-11,2,2,3501430,8,1,14.0,44,true
2026-06-11,2,2,3501430,9,1,12.0,38,true
2026-06-11,2,2,3501430,10,1,13.0,41,true
2026-06-11,2,2,3501430,11,1,11.0,35,true
2026-06-11,2,2,3501430,12,1,10.0,32,true
2026-06-11,2,2,3501430,13,1,12.0,38,true
2026-06-11,4,2,3501225,1,1,28.0,170,true
2026-06-11,4,2,3501225,2,1,25.0,152,true
2026-06-11,4,2,3501225,3,1,22.0,134,true
2026-06-11,4,2,3501225,4,1,20.0,122,true
2026-06-11,4,2,3501225,5,1,18.0,110,true
2026-06-11,4,2,3501225,6,1,15.0,91,true
2026-06-11,4,2,3501225,7,1,15.0,91,true
2026-06-11,4,2,3501225,8,1,15.0,91,true
2026-06-11,4,2,3501225,9,1,16.0,97,true
2026-06-11,4,2,3501225,10,1,10.0,61,true
2026-06-11,4,2,3501225,11,1,10.0,61,true
2026-06-11,4,2,3501225,12,1,14.0,85,true
2026-06-11,4,2,3501225,13,1,20.0,122,true
2026-06-12,1,3,3500005,1,1,11.0,63,true
2026-06-12,1,3,3500005,2,1,14.0,80,true
2026-06-12,1,3,3500005,3,1,16.0,91,true
2026-06-12,1,3,3500005,4,1,22.0,125,true
2026-06-12,1,3,3500005,5,1,11.0,63,true
2026-06-12,1,3,3500005,6,1,20.0,113,true
2026-06-12,1,3,3500005,7,1,14.0,80,true
2026-06-12,1,3,3500005,8,1,10.0,57,true
2026-06-12,1,3,3500005,9,1,11.0,63,true
2026-06-12,1,3,3500005,10,1,12.0,68,true
2026-06-12,1,3,3500005,11,1,11.0,63,true
2026-06-12,1,3,3500005,12,1,16.0,91,true
2026-06-12,1,3,3500005,13,1,23.0,130,true
2026-06-12,2,3,3501430,1,1,26.0,82,true
2026-06-12,2,3,3501430,2,1,20.0,63,true
2026-06-12,2,3,3501430,3,1,16.0,50,true
2026-06-12,2,3,3501430,4,1,12.0,38,true
2026-06-12,2,3,3501430,5,1,10.0,32,true
2026-06-12,2,3,3501430,6,1,26.0,82,true
2026-06-12,2,3,3501430,7,1,14.0,44,true
2026-06-12,2,3,3501430,8,1,10.0,32,true
2026-06-12,2,3,3501430,9,1,16.0,50,true
2026-06-12,2,3,3501430,10,1,10.0,32,true
2026-06-12,2,3,3501430,11,1,14.0,44,true
2026-06-12,2,3,3501430,12,1,16.0,50,true
2026-06-12,2,3,3501430,13,1,19.0,60,true
2026-06-12,4,3,3501225,1,1,16.0,97,true
2026-06-12,4,3,3501225,2,1,11.0,67,true
2026-06-12,4,3,3501225,3,1,12.0,73,true
2026-06-12,4,3,3501225,4,1,11.0,67,true
2026-06-12,4,3,3501225,5,1,10.0,61,true
2026-06-12,4,3,3501225,6,1,21.0,128,true
2026-06-12,4,3,3501225,7,1,10.0,61,true
2026-06-12,4,3,3501225,8,1,11.0,67,true
2026-06-12,4,3,3501225,9,1,14.0,85,true
2026-06-12,4,3,3501225,10,1,10.0,61,true
2026-06-12,4,3,3501225,11,1,11.0,67,true
2026-06-12,4,3,3501225,12,1,12.0,73,true
2026-06-12,4,3,3501225,13,1,16.0,97,true
2026-06-12,1,1,3500005,1,1,12.0,68,true
2026-06-12,1,1,3500005,2,1,10.0,57,true
2026-06-12,1,1,3500005,3,1,15.0,85,true
2026-06-12,1,1,3500005,4,1,11.0,63,true
2026-06-12,1,1,3500005,5,1,13.0,74,true
2026-06-12,1,1,3500005,6,1,16.0,91,true
2026-06-12,1,1,3500005,7,1,20.0,113,true
2026-06-12,1,1,3500005,8,1,15.0,85,true
2026-06-12,1,1,3500005,9,1,10.0,57,true
2026-06-12,1,1,3500005,10,1,13.0,74,true
2026-06-12,1,1,3500005,11,1,11.0,63,true
2026-06-12,1,1,3500005,12,1,10.0,57,true
2026-06-12,1,1,3500005,13,1,19.0,108,true
2026-06-12,2,1,3501430,1,1,24.0,75,true
2026-06-12,2,1,3501430,2,1,20.0,63,true
2026-06-12,2,1,3501430,3,1,15.0,47,true
2026-06-12,2,1,3501430,4,1,17.0,53,true
2026-06-12,2,1,3501430,5,1,13.0,41,true
2026-06-12,2,1,3501430,6,1,17.0,53,true
2026-06-12,2,1,3501430,7,1,20.0,63,true
2026-06-12,2,1,3501430,8,1,16.0,50,true
2026-06-12,2,1,3501430,9,1,9.0,29,true
2026-06-12,2,1,3501430,10,1,11.0,35,true
2026-06-12,2,1,3501430,11,1,15.0,47,true
2026-06-12,2,1,3501430,12,1,14.0,44,true
2026-06-12,2,1,3501430,13,1,22.0,69,true
2026-06-12,4,1,3501225,1,1,30.0,182,true
2026-06-12,4,1,3501225,2,1,20.0,122,true
2026-06-12,4,1,3501225,3,1,15.0,91,true
2026-06-12,4,1,3501225,4,1,22.0,134,true
2026-06-12,4,1,3501225,5,1,15.0,91,true
2026-06-12,4,1,3501225,6,1,20.0,122,true
2026-06-12,4,1,3501225,7,1,24.0,146,true
2026-06-12,4,1,3501225,8,1,16.0,97,true
2026-06-12,4,1,3501225,9,1,17.0,104,true
2026-06-12,4,1,3501225,10,1,10.0,61,true
2026-06-12,4,1,3501225,11,1,12.0,73,true
2026-06-12,4,1,3501225,12,1,22.0,134,true
2026-06-12,4,1,3501225,13,1,23.0,140,true
2026-06-12,1,2,3500005,1,1,15.0,85,true
2026-06-12,1,2,3500005,2,1,15.0,85,true
2026-06-12,1,2,3500005,3,1,12.0,68,true
2026-06-12,1,2,3500005,4,1,13.0,74,true
2026-06-12,1,2,3500005,5,1,10.0,57,true
2026-06-12,1,2,3500005,6,1,12.0,68,true
2026-06-12,1,2,3500005,7,1,12.0,68,true
2026-06-12,1,2,3500005,8,1,13.0,74,true
2026-06-12,1,2,3500005,9,1,10.0,57,true
2026-06-12,1,2,3500005,10,1,18.0,102,true
2026-06-12,1,2,3500005,11,1,10.0,57,true
2026-06-12,1,2,3500005,12,1,11.0,63,true
2026-06-12,1,2,3500005,13,1,12.0,68,true
2026-06-12,2,2,3501430,1,1,18.0,57,true
2026-06-12,2,2,3501430,2,1,15.0,47,true
2026-06-12,2,2,3501430,3,1,17.0,53,true
2026-06-12,2,2,3501430,4,1,12.0,38,true
2026-06-12,2,2,3501430,5,1,13.0,41,true
2026-06-12,2,2,3501430,6,1,15.0,47,true
2026-06-12,2,2,3501430,7,1,14.0,44,true
2026-06-12,2,2,3501430,8,1,12.0,38,true
2026-06-12,2,2,3501430,9,1,13.0,41,true
2026-06-12,2,2,3501430,10,1,15.0,47,true
2026-06-12,2,2,3501430,11,1,10.0,32,true
2026-06-12,2,2,3501430,12,1,12.0,38,true
2026-06-12,2,2,3501430,13,1,13.0,41,true
2026-06-12,4,2,3501225,1,1,22.0,134,true
2026-06-12,4,2,3501225,2,1,25.0,152,true
2026-06-12,4,2,3501225,3,1,20.0,122,true
2026-06-12,4,2,3501225,4,1,22.0,134,true
2026-06-12,4,2,3501225,5,1,15.0,91,true
2026-06-12,4,2,3501225,6,1,20.0,122,true
2026-06-12,4,2,3501225,7,1,18.0,110,true
2026-06-12,4,2,3501225,8,1,15.0,91,true
2026-06-12,4,2,3501225,9,1,10.0,61,true
2026-06-12,4,2,3501225,10,1,10.0,61,true
2026-06-12,4,2,3501225,11,1,13.0,79,true
2026-06-12,4,2,3501225,12,1,15.0,91,true
2026-06-12,4,2,3501225,13,1,16.0,97,true
2026-06-13,1,3,3500005,1,1,9.0,51,true
2026-06-13,1,3,3500005,2,1,14.0,80,true
2026-06-13,1,3,3500005,3,1,12.0,68,true
2026-06-13,1,3,3500005,4,1,14.0,80,true
2026-06-13,1,3,3500005,5,1,14.0,80,true
2026-06-13,1,3,3500005,6,1,19.0,108,true
2026-06-13,1,3,3500005,7,1,14.0,80,true
2026-06-13,1,3,3500005,8,1,10.0,57,true
2026-06-13,1,3,3500005,9,1,7.0,40,true
2026-06-13,1,3,3500005,10,1,11.0,63,true
2026-06-13,1,3,3500005,11,1,12.0,68,true
2026-06-13,1,3,3500005,12,1,14.0,80,true
2026-06-13,1,3,3500005,13,1,16.0,91,true
2026-06-13,2,3,3501430,1,1,22.0,69,true
2026-06-13,2,3,3501430,2,1,24.0,75,true
2026-06-13,2,3,3501430,3,1,16.0,50,true
2026-06-13,2,3,3501430,4,1,14.0,44,true
2026-06-13,2,3,3501430,5,1,11.0,35,true
2026-06-13,2,3,3501430,6,1,23.0,72,true
2026-06-13,2,3,3501430,7,1,11.0,35,true
2026-06-13,2,3,3501430,8,1,10.0,32,true
2026-06-13,2,3,3501430,9,1,18.0,57,true
2026-06-13,2,3,3501430,10,1,10.0,32,true
2026-06-13,2,3,3501430,11,1,12.0,38,true
2026-06-13,2,3,3501430,12,1,14.0,44,true
2026-06-13,2,3,3501430,13,1,15.0,47,true
2026-06-13,4,3,3501226,1,1,16.0,87,true
2026-06-13,4,3,3501226,2,1,14.0,76,true
2026-06-13,4,3,3501226,3,1,12.0,65,true
2026-06-13,4,3,3501226,4,1,10.0,55,true
2026-06-13,4,3,3501226,5,1,11.0,60,true
2026-06-13,4,3,3501226,6,1,21.0,114,true
2026-06-13,4,3,3501226,7,1,11.0,60,true
2026-06-13,4,3,3501226,8,1,9.0,49,true
2026-06-13,4,3,3501226,9,1,14.0,76,true
2026-06-13,4,3,3501226,10,1,7.0,38,true
2026-06-13,4,3,3501226,11,1,12.0,65,true
2026-06-13,4,3,3501226,12,1,14.0,76,true
2026-06-13,4,3,3501226,13,1,16.0,87,true
2026-06-13,1,1,3500005,1,1,15.0,85,true
2026-06-13,1,1,3500005,2,1,13.0,74,true
2026-06-13,1,1,3500005,3,1,10.0,57,true
2026-06-13,1,1,3500005,4,1,12.0,68,true
2026-06-13,1,1,3500005,5,1,9.0,51,true
2026-06-13,1,1,3500005,6,1,16.0,91,true
2026-06-13,1,1,3500005,7,1,16.0,91,true
2026-06-13,1,1,3500005,8,1,12.0,68,true
2026-06-13,1,1,3500005,9,1,10.0,57,true
2026-06-13,1,1,3500005,10,1,13.0,74,true
2026-06-13,1,1,3500005,11,1,16.0,91,true
2026-06-13,1,1,3500005,12,1,20.0,113,true
2026-06-13,1,1,3500005,13,1,19.0,108,true
2026-06-13,2,1,3501430,1,1,35.0,110,true
2026-06-13,2,1,3501430,2,1,20.0,63,true
2026-06-13,2,1,3501430,3,1,17.0,53,true
2026-06-13,2,1,3501430,4,1,20.0,63,true
2026-06-13,2,1,3501430,5,1,12.0,38,true
2026-06-13,2,1,3501430,6,1,25.0,78,true
2026-06-13,2,1,3501430,7,1,24.0,75,true
2026-06-13,2,1,3501430,8,1,20.0,63,true
2026-06-13,2,1,3501430,9,1,33.0,103,true
2026-06-13,2,1,3501430,10,1,22.0,69,true
2026-06-13,2,1,3501430,11,1,10.0,32,true
2026-06-13,2,1,3501430,12,1,12.0,38,true
2026-06-13,2,1,3501430,13,1,18.0,57,true
2026-06-13,4,1,3501226,1,1,33.0,179,true
2026-06-13,4,1,3501226,2,1,20.0,109,true
2026-06-13,4,1,3501226,3,1,15.0,82,true
2026-06-13,4,1,3501226,4,1,22.0,119,true
2026-06-13,4,1,3501226,5,1,15.0,82,true
2026-06-13,4,1,3501226,6,1,32.0,173,true
2026-06-13,4,1,3501226,7,1,24.0,130,true
2026-06-13,4,1,3501226,8,1,20.0,109,true
2026-06-13,4,1,3501226,9,1,33.0,179,true
2026-06-13,4,1,3501226,10,1,20.0,109,true
2026-06-13,4,1,3501226,11,1,23.0,125,true
2026-06-13,4,1,3501226,12,1,16.0,87,true
2026-06-13,4,1,3501226,13,1,19.0,103,true
2026-06-14,1,3,3500005,1,1,8.0,46,true
2026-06-14,1,3,3500005,2,1,14.0,80,true
2026-06-14,1,3,3500005,3,1,12.0,68,true
2026-06-14,1,3,3500005,4,1,14.0,80,true
2026-06-14,1,3,3500005,5,1,14.0,80,true
2026-06-14,1,3,3500005,6,1,21.0,119,true
2026-06-14,1,3,3500005,7,1,12.0,68,true
2026-06-14,1,3,3500005,8,1,10.0,57,true
2026-06-14,1,3,3500005,9,1,7.0,40,true
2026-06-14,1,3,3500005,10,1,10.0,57,true
2026-06-14,1,3,3500005,11,1,12.0,68,true
2026-06-14,1,3,3500005,12,1,16.0,91,true
2026-06-14,1,3,3500005,13,1,20.0,113,true
2026-06-14,2,3,3501430,1,1,12.0,38,true
2026-06-14,2,3,3501430,2,1,10.0,32,true
2026-06-14,2,3,3501430,3,1,10.0,32,true
2026-06-14,2,3,3501430,4,1,11.0,35,true
2026-06-14,2,3,3501430,5,1,10.0,32,true
2026-06-14,2,3,3501430,6,1,18.0,57,true
2026-06-14,2,3,3501430,7,1,8.0,25,true
2026-06-14,2,3,3501430,8,1,7.0,22,true
2026-06-14,2,3,3501430,9,1,12.0,38,true
2026-06-14,2,3,3501430,10,1,10.0,32,true
2026-06-14,2,3,3501430,11,1,10.0,32,true
2026-06-14,2,3,3501430,12,1,12.0,38,true
2026-06-14,2,3,3501430,13,1,14.0,44,true
2026-06-14,1,2,3500005,1,1,10.0,57,true
2026-06-14,1,2,3500005,2,1,12.0,68,true
2026-06-14,1,2,3500005,3,1,14.0,80,true
2026-06-14,1,2,3500005,4,1,16.0,91,true
2026-06-14,1,2,3500005,5,1,13.0,74,true
2026-06-14,1,2,3500005,6,1,26.0,147,true
2026-06-14,1,2,3500005,7,1,8.0,46,true
2026-06-14,1,2,3500005,8,1,17.0,97,true
2026-06-14,1,2,3500005,9,1,7.0,40,true
2026-06-14,1,2,3500005,10,1,9.0,51,true
2026-06-14,1,2,3500005,11,1,18.0,102,true
2026-06-14,1,2,3500005,12,1,20.0,113,true
2026-06-14,1,2,3500005,13,1,40.0,226,true
2026-06-14,2,2,3501430,1,1,12.0,38,true
2026-06-14,2,2,3501430,2,1,14.0,44,true
2026-06-14,2,2,3501430,3,1,16.0,50,true
2026-06-14,2,2,3501430,4,1,18.0,57,true
2026-06-14,2,2,3501430,5,1,20.0,63,true
2026-06-14,2,2,3501430,6,1,24.0,75,true
2026-06-14,2,2,3501430,7,1,15.0,47,true
2026-06-14,2,2,3501430,8,1,10.0,32,true
2026-06-14,2,2,3501430,9,1,19.0,60,true
2026-06-14,2,2,3501430,10,1,8.0,25,true
2026-06-14,2,2,3501430,11,1,9.0,29,true
2026-06-14,2,2,3501430,12,1,7.0,22,true
2026-06-14,2,2,3501430,13,1,38.0,119,true
2026-06-14,1,1,3500005,1,1,18.0,102,true
2026-06-14,1,1,3500005,2,1,16.0,91,true
2026-06-14,1,1,3500005,3,1,12.0,68,true
2026-06-14,1,1,3500005,4,1,14.0,80,true
2026-06-14,1,1,3500005,5,1,12.0,68,true
2026-06-14,1,1,3500005,6,1,42.0,238,true
2026-06-14,1,1,3500005,7,1,9.0,51,true
2026-06-14,1,1,3500005,8,1,9.0,51,true
2026-06-14,1,1,3500005,9,1,8.0,46,true
2026-06-14,1,1,3500005,10,1,8.0,46,true
2026-06-14,1,1,3500005,11,1,11.0,63,true
2026-06-14,1,1,3500005,12,1,11.0,63,true
2026-06-14,1,1,3500005,13,1,20.0,113,true
2026-06-14,2,1,3501430,1,1,14.0,44,true
2026-06-14,2,1,3501430,2,1,12.0,38,true
2026-06-14,2,1,3501430,3,1,12.0,38,true
2026-06-14,2,1,3501430,4,1,10.0,32,true
2026-06-14,2,1,3501430,5,1,14.0,44,true
2026-06-14,2,1,3501430,6,1,21.0,66,true
2026-06-14,2,1,3501430,7,1,16.0,50,true
2026-06-14,2,1,3501430,8,1,123.0,384,true
2026-06-14,2,1,3501430,9,1,11.0,35,true
2026-06-14,2,1,3501430,10,1,11.0,35,true
2026-06-14,2,1,3501430,11,1,10.0,32,true
2026-06-14,2,1,3501430,12,1,11.0,35,true
2026-06-14,2,1,3501430,13,1,22.0,69,true
2026-06-15,1,3,3500005,1,1,12.0,68,true
2026-06-15,1,3,3500005,2,1,10.0,57,true
2026-06-15,1,3,3500005,3,1,12.0,68,true
2026-06-15,1,3,3500005,4,1,10.0,57,true
2026-06-15,1,3,3500005,5,1,11.0,63,true
2026-06-15,1,3,3500005,6,1,22.0,125,true
2026-06-15,1,3,3500005,7,1,10.0,57,true
2026-06-15,1,3,3500005,8,1,11.0,63,true
2026-06-15,1,3,3500005,9,1,9.0,51,true
2026-06-15,1,3,3500005,10,1,12.0,68,true
2026-06-15,1,3,3500005,11,1,11.0,63,true
2026-06-15,1,3,3500005,12,1,10.0,57,true
2026-06-15,1,3,3500005,13,1,14.0,80,true
2026-06-15,2,3,3501430,1,1,15.0,47,true
2026-06-15,2,3,3501430,2,1,20.0,63,true
2026-06-15,2,3,3501430,3,1,14.0,44,true
2026-06-15,2,3,3501430,4,1,12.0,38,true
2026-06-15,2,3,3501430,5,1,10.0,32,true
2026-06-15,2,3,3501430,6,1,23.0,72,true
2026-06-15,2,3,3501430,7,1,13.0,41,true
2026-06-15,2,3,3501430,8,1,15.0,47,true
2026-06-15,2,3,3501430,9,1,12.0,38,true
2026-06-15,2,3,3501430,10,1,20.0,63,true
2026-06-15,2,3,3501430,11,1,10.0,32,true
2026-06-15,2,3,3501430,12,1,11.0,35,true
2026-06-15,2,3,3501430,13,1,18.0,57,true
2026-06-13,1,2,3500005,1,1,14.0,80,true
2026-06-13,1,2,3500005,2,1,12.0,68,true
2026-06-13,1,2,3500005,3,1,11.0,63,true
2026-06-13,1,2,3500005,4,1,10.0,57,true
2026-06-13,1,2,3500005,5,1,8.0,46,true
2026-06-13,1,2,3500005,6,1,14.0,80,true
2026-06-13,1,2,3500005,7,1,14.0,80,true
2026-06-13,1,2,3500005,8,1,10.0,57,true
2026-06-13,1,2,3500005,9,1,9.0,51,true
2026-06-13,1,2,3500005,10,1,12.0,68,true
2026-06-13,1,2,3500005,11,1,13.0,74,true
2026-06-13,1,2,3500005,12,1,15.0,85,true
2026-06-13,1,2,3500005,13,1,22.0,125,true
2026-06-13,4,2,3501226,1,1,25.0,136,true
2026-06-13,4,2,3501226,2,1,15.0,82,true
2026-06-13,4,2,3501226,3,1,13.0,71,true
2026-06-13,4,2,3501226,4,1,11.0,60,true
2026-06-13,4,2,3501226,5,1,10.0,55,true
2026-06-13,4,2,3501226,6,1,24.0,130,true
2026-06-13,4,2,3501226,7,1,17.0,92,true
2026-06-13,4,2,3501226,8,1,15.0,82,true
2026-06-13,4,2,3501226,9,1,18.0,98,true
2026-06-13,4,2,3501226,10,1,13.0,71,true
2026-06-13,4,2,3501226,11,1,14.0,76,true
2026-06-13,4,2,3501226,12,1,13.0,71,true
2026-06-13,4,2,3501226,13,1,19.0,103,true
2026-06-15,1,1,3500005,1,1,15.0,85,true
2026-06-15,1,1,3500005,2,1,12.0,68,true
2026-06-15,1,1,3500005,3,1,13.0,74,true
2026-06-15,1,1,3500005,4,1,10.0,57,true
2026-06-15,1,1,3500005,5,1,10.0,57,true
2026-06-15,1,1,3500005,6,1,13.0,74,true
2026-06-15,1,1,3500005,7,1,13.0,74,true
2026-06-15,1,1,3500005,8,1,12.0,68,true
2026-06-15,1,1,3500005,9,1,10.0,57,true
2026-06-15,1,1,3500005,10,1,9.0,51,true
2026-06-15,1,1,3500005,11,1,9.0,51,true
2026-06-15,1,1,3500005,12,1,13.0,74,true
2026-06-15,1,1,3500005,13,1,12.0,68,true
2026-06-15,2,1,3501430,1,1,18.0,57,true
2026-06-15,2,1,3501430,2,1,15.0,47,true
2026-06-15,2,1,3501430,3,1,18.0,57,true
2026-06-15,2,1,3501430,4,1,16.0,50,true
2026-06-15,2,1,3501430,5,1,12.0,38,true
2026-06-15,2,1,3501430,6,1,18.0,57,true
2026-06-15,2,1,3501430,7,1,15.0,47,true
2026-06-15,2,1,3501430,8,1,13.0,41,true
2026-06-15,2,1,3501430,9,1,10.0,32,true
2026-06-15,2,1,3501430,10,1,10.0,32,true
2026-06-15,2,1,3501430,11,1,12.0,38,true
2026-06-15,2,1,3501430,12,1,17.0,53,true
2026-06-15,2,1,3501430,13,1,16.0,50,true
2026-06-15,6,1,3500888,1,1,20.0,33,true
2026-06-15,6,1,3500888,2,1,21.0,34,true
2026-06-15,6,1,3500888,3,1,20.0,33,true
2026-06-15,6,1,3500888,4,1,19.0,31,true
2026-06-15,6,1,3500888,5,1,15.0,25,true
2026-06-15,6,1,3500888,6,1,22.0,36,true
2026-06-15,6,1,3500888,7,1,18.0,30,true
2026-06-15,6,1,3500888,8,1,17.0,28,true
2026-06-15,6,1,3500888,9,1,12.0,20,true
2026-06-15,6,1,3500888,10,1,13.0,21,true
2026-06-15,6,1,3500888,11,1,10.0,17,true
2026-06-15,6,1,3500888,12,1,12.0,20,true
2026-06-15,6,1,3500888,13,1,11.0,18,true
2026-06-15,1,2,3500005,1,1,8.0,46,true
2026-06-15,1,2,3500005,2,1,10.0,57,true
2026-06-15,1,2,3500005,3,1,7.0,40,true
2026-06-15,1,2,3500005,4,1,9.0,51,true
2026-06-15,1,2,3500005,5,1,11.0,63,true
2026-06-15,1,2,3500005,6,1,14.0,80,true
2026-06-15,1,2,3500005,7,1,6.0,34,true
2026-06-15,1,2,3500005,8,1,9.0,51,true
2026-06-15,1,2,3500005,9,1,10.0,57,true
2026-06-15,1,2,3500005,10,1,7.0,40,true
2026-06-15,1,2,3500005,11,1,4.0,23,true
2026-06-15,1,2,3500005,12,1,6.0,34,true
2026-06-15,1,2,3500005,13,1,13.0,74,true
2026-06-15,2,2,3500162,1,1,10.0,48,true
2026-06-15,2,2,3500162,2,1,12.0,58,true
2026-06-15,2,2,3500162,3,1,9.0,43,true
2026-06-15,2,2,3500162,4,1,15.0,72,true
2026-06-15,2,2,3500162,5,1,11.0,53,true
2026-06-15,2,2,3500162,6,1,23.0,110,true
2026-06-15,2,2,3500162,7,1,11.0,53,true
2026-06-15,2,2,3500162,8,1,13.0,62,true
2026-06-15,2,2,3500162,9,1,11.0,53,true
2026-06-15,2,2,3500162,10,1,13.0,62,true
2026-06-15,2,2,3500162,11,1,9.0,43,true
2026-06-15,2,2,3500162,12,1,11.0,53,true
2026-06-15,2,2,3500162,13,1,18.0,86,true
2026-06-15,4,2,3501226,1,1,10.0,55,true
2026-06-15,4,2,3501226,2,1,12.0,65,true
2026-06-15,4,2,3501226,3,1,9.0,49,true
2026-06-15,4,2,3501226,4,1,13.0,71,true
2026-06-15,4,2,3501226,5,1,8.0,44,true
2026-06-15,4,2,3501226,6,1,22.0,119,true
2026-06-15,4,2,3501226,7,1,11.0,60,true
2026-06-15,4,2,3501226,8,1,9.0,49,true
2026-06-15,4,2,3501226,9,1,13.0,71,true
2026-06-15,4,2,3501226,10,1,10.0,55,true
2026-06-15,4,2,3501226,11,1,8.0,44,true
2026-06-15,4,2,3501226,12,1,12.0,65,true
2026-06-15,4,2,3501226,13,1,17.0,92,true
2026-06-15,6,2,3500888,1,1,15.0,25,true
2026-06-15,6,2,3500888,2,1,17.0,28,true
2026-06-15,6,2,3500888,3,1,13.0,21,true
2026-06-15,6,2,3500888,4,1,10.0,17,true
2026-06-15,6,2,3500888,5,1,12.0,20,true
2026-06-15,6,2,3500888,6,1,25.0,41,true
2026-06-15,6,2,3500888,7,1,11.0,18,true
2026-06-15,6,2,3500888,8,1,12.0,20,true
2026-06-15,6,2,3500888,9,1,14.0,23,true
2026-06-15,6,2,3500888,10,1,10.0,17,true
2026-06-15,6,2,3500888,11,1,13.0,21,true
2026-06-15,6,2,3500888,12,1,15.0,25,true
2026-06-15,6,2,3500888,13,1,18.0,30,true
2026-06-16,1,3,3500005,1,1,15.0,85,true
2026-06-16,1,3,3500005,2,1,10.0,57,true
2026-06-16,1,3,3500005,3,1,20.0,113,true
2026-06-16,1,3,3500005,4,1,10.0,57,true
2026-06-16,1,3,3500005,5,1,12.0,68,true
2026-06-16,1,3,3500005,6,1,21.0,119,true
2026-06-16,1,3,3500005,7,1,11.0,63,true
2026-06-16,1,3,3500005,8,1,20.0,113,true
2026-06-16,1,3,3500005,9,1,20.0,113,true
2026-06-16,1,3,3500005,10,1,10.0,57,true
2026-06-16,1,3,3500005,11,1,15.0,85,true
2026-06-16,1,3,3500005,12,1,13.0,74,true
2026-06-16,1,3,3500005,13,1,19.0,108,true
2026-06-16,2,3,3500162,1,1,20.0,96,true
2026-06-16,2,3,3500162,2,1,30.0,143,true
2026-06-16,2,3,3500162,3,1,22.0,105,true
2026-06-16,2,3,3500162,4,1,19.0,91,true
2026-06-16,2,3,3500162,5,1,15.0,72,true
2026-06-16,2,3,3500162,6,1,22.0,105,true
2026-06-16,2,3,3500162,7,1,30.0,143,true
2026-06-16,2,3,3500162,8,1,24.0,115,true
2026-06-16,2,3,3500162,9,1,10.0,48,true
2026-06-16,2,3,3500162,10,1,10.0,48,true
2026-06-16,2,3,3500162,11,1,13.0,62,true
2026-06-16,2,3,3500162,12,1,21.0,100,true
2026-06-16,2,3,3500162,13,1,20.0,96,true
2026-06-16,4,3,3501226,1,1,31.0,168,true
2026-06-16,4,3,3501226,2,1,19.0,103,true
2026-06-16,4,3,3501226,3,1,20.0,109,true
2026-06-16,4,3,3501226,4,1,15.0,82,true
2026-06-16,4,3,3501226,5,1,14.0,76,true
2026-06-16,4,3,3501226,6,1,29.0,157,true
2026-06-16,4,3,3501226,7,1,29.0,157,true
2026-06-16,4,3,3501226,8,1,20.0,109,true
2026-06-16,4,3,3501226,9,1,16.0,87,true
2026-06-16,4,3,3501226,10,1,23.0,125,true
2026-06-16,4,3,3501226,11,1,15.0,82,true
2026-06-16,4,3,3501226,12,1,10.0,55,true
2026-06-16,4,3,3501226,13,1,19.0,103,true
2026-06-16,6,3,3500887,1,1,40.0,65,true
2026-06-16,6,3,3500887,2,1,30.0,49,true
2026-06-16,6,3,3500887,3,1,24.0,39,true
2026-06-16,6,3,3500887,4,1,20.0,33,true
2026-06-16,6,3,3500887,5,1,10.0,17,true
2026-06-16,6,3,3500887,6,1,21.0,34,true
2026-06-16,6,3,3500887,7,1,20.0,33,true
2026-06-16,6,3,3500887,8,1,33.0,54,true
2026-06-16,6,3,3500887,9,1,24.0,39,true
2026-06-16,6,3,3500887,10,1,20.0,33,true
2026-06-16,6,3,3500887,11,1,10.0,17,true
2026-06-16,6,3,3500887,12,1,11.0,18,true
2026-06-16,6,3,3500887,13,1,30.0,49,true
2026-06-16,2,1,3500162,1,1,18.0,86,true
2026-06-16,2,1,3500162,2,1,15.0,72,true
2026-06-16,2,1,3500162,3,1,14.0,67,true
2026-06-16,2,1,3500162,4,1,12.0,58,true
2026-06-16,2,1,3500162,5,1,13.0,62,true
2026-06-16,2,1,3500162,6,1,19.0,91,true
2026-06-16,2,1,3500162,7,1,15.0,72,true
2026-06-16,2,1,3500162,8,1,12.0,58,true
2026-06-16,2,1,3500162,9,1,13.0,62,true
2026-06-16,2,1,3500162,10,1,10.0,48,true
2026-06-16,2,1,3500162,11,1,10.0,48,true
2026-06-16,2,1,3500162,12,1,19.0,91,true
2026-06-16,2,1,3500162,13,1,18.0,86,true
2026-06-16,4,1,3501226,1,1,20.0,109,true
2026-06-16,4,1,3501226,2,1,17.0,92,true
2026-06-16,4,1,3501226,3,1,18.0,98,true
2026-06-16,4,1,3501226,4,1,12.0,65,true
2026-06-16,4,1,3501226,5,1,15.0,82,true
2026-06-16,4,1,3501226,6,1,19.0,103,true
2026-06-16,4,1,3501226,7,1,18.0,98,true
2026-06-16,4,1,3501226,8,1,12.0,65,true
2026-06-16,4,1,3501226,9,1,15.0,82,true
2026-06-16,4,1,3501226,10,1,14.0,76,true
2026-06-16,4,1,3501226,11,1,13.0,71,true
2026-06-16,4,1,3501226,12,1,12.0,65,true
2026-06-16,4,1,3501226,13,1,11.0,60,true
2026-06-16,6,1,3500887,1,1,25.0,41,true
2026-06-16,6,1,3500887,2,1,28.0,46,true
2026-06-16,6,1,3500887,3,1,30.0,49,true
2026-06-16,6,1,3500887,4,1,22.0,36,true
2026-06-16,6,1,3500887,5,1,20.0,33,true
2026-06-16,6,1,3500887,6,1,19.0,31,true
2026-06-16,6,1,3500887,7,1,15.0,25,true
2026-06-16,6,1,3500887,8,1,18.0,30,true
2026-06-16,6,1,3500887,9,1,13.0,21,true
2026-06-16,6,1,3500887,10,1,13.0,21,true
2026-06-16,6,1,3500887,11,1,15.0,25,true
2026-06-16,6,1,3500887,12,1,16.0,26,true
2026-06-16,6,1,3500887,13,1,20.0,33,true
2026-06-17,1,3,3500005,1,1,12.0,68,true
2026-06-17,1,3,3500005,2,1,10.0,57,true
2026-06-17,1,3,3500005,3,1,15.0,85,true
2026-06-17,1,3,3500005,4,1,10.0,57,true
2026-06-17,1,3,3500005,5,1,11.0,63,true
2026-06-17,1,3,3500005,6,1,23.0,130,true
2026-06-17,1,3,3500005,7,1,1.0,6,true
2026-06-17,1,3,3500005,8,1,11.0,63,true
2026-06-17,1,3,3500005,9,1,9.0,51,true
2026-06-17,1,3,3500005,10,1,10.0,57,true
2026-06-17,1,3,3500005,11,1,12.0,68,true
2026-06-17,1,3,3500005,12,1,15.0,85,true
2026-06-17,1,3,3500005,13,1,19.0,108,true
2026-06-17,2,3,3500162,1,1,24.0,115,true
2026-06-17,2,3,3500162,2,1,10.0,48,true
2026-06-17,2,3,3500162,3,1,15.0,72,true
2026-06-17,2,3,3500162,4,1,22.0,105,true
2026-06-17,2,3,3500162,5,1,13.0,62,true
2026-06-17,2,3,3500162,6,1,26.0,124,true
2026-06-17,2,3,3500162,7,1,16.0,77,true
2026-06-17,2,3,3500162,8,1,22.0,105,true
2026-06-17,2,3,3500162,9,1,20.0,96,true
2026-06-17,2,3,3500162,10,1,30.0,143,true
2026-06-17,2,3,3500162,11,1,15.0,72,true
2026-06-17,2,3,3500162,12,1,12.0,58,true
2026-06-17,2,3,3500162,13,1,20.0,96,true
2026-06-17,4,3,3501225,1,1,30.0,182,true
2026-06-17,4,3,3501225,2,1,22.0,134,true
2026-06-17,4,3,3501225,3,1,17.0,104,true
2026-06-17,4,3,3501225,4,1,13.0,79,true
2026-06-17,4,3,3501225,5,1,22.0,134,true
2026-06-17,4,3,3501225,6,1,19.0,116,true
2026-06-17,4,3,3501225,7,1,24.0,146,true
2026-06-17,4,3,3501225,8,1,20.0,122,true
2026-06-17,4,3,3501225,9,1,16.0,97,true
2026-06-17,4,3,3501225,10,1,12.0,73,true
2026-06-17,4,3,3501225,11,1,14.0,85,true
2026-06-17,4,3,3501225,12,1,13.0,79,true
2026-06-17,4,3,3501225,13,1,30.0,182,true
2026-06-17,6,3,3500888,1,1,40.0,65,true
2026-06-17,6,3,3500888,2,1,30.0,49,true
2026-06-17,6,3,3500888,3,1,22.0,36,true
2026-06-17,6,3,3500888,4,1,15.0,25,true
2026-06-17,6,3,3500888,5,1,20.0,33,true
2026-06-17,6,3,3500888,6,1,26.0,42,true
2026-06-17,6,3,3500888,7,1,35.0,57,true
2026-06-17,6,3,3500888,8,1,22.0,36,true
2026-06-17,6,3,3500888,9,1,20.0,33,true
2026-06-17,6,3,3500888,10,1,33.0,54,true
2026-06-17,6,3,3500888,11,1,17.0,28,true
2026-06-17,6,3,3500888,12,1,19.0,31,true
2026-06-17,6,3,3500888,13,1,20.0,33,true
2026-06-16,1,2,3500005,1,1,9.0,51,true
2026-06-16,1,2,3500005,2,1,11.0,63,true
2026-06-16,1,2,3500005,3,1,8.0,46,true
2026-06-16,1,2,3500005,4,1,10.0,57,true
2026-06-16,1,2,3500005,5,1,9.0,51,true
2026-06-16,1,2,3500005,6,1,12.0,68,true
2026-06-16,1,2,3500005,7,1,7.0,40,true
2026-06-16,1,2,3500005,8,1,6.0,34,true
2026-06-16,1,2,3500005,9,1,8.0,46,true
2026-06-16,1,2,3500005,10,1,10.0,57,true
2026-06-16,1,2,3500005,11,1,8.0,46,true
2026-06-16,1,2,3500005,12,1,5.0,29,true
2026-06-16,1,2,3500005,13,1,13.0,74,true
2026-06-16,2,2,3500162,1,1,15.0,72,true
2026-06-16,2,2,3500162,2,1,11.0,53,true
2026-06-16,2,2,3500162,3,1,17.0,81,true
2026-06-16,2,2,3500162,4,1,11.0,53,true
2026-06-16,2,2,3500162,5,1,10.0,48,true
2026-06-16,2,2,3500162,6,1,29.0,139,true
2026-06-16,2,2,3500162,7,1,11.0,53,true
2026-06-16,2,2,3500162,8,1,13.0,62,true
2026-06-16,2,2,3500162,9,1,15.0,72,true
2026-06-16,2,2,3500162,10,1,10.0,48,true
2026-06-16,2,2,3500162,11,1,8.0,39,true
2026-06-16,2,2,3500162,12,1,14.0,67,true
2026-06-16,2,2,3500162,13,1,16.0,77,true
2026-06-16,4,2,3501225,1,1,19.0,116,true
2026-06-16,4,2,3501225,2,1,15.0,91,true
2026-06-16,4,2,3501225,3,1,18.0,110,true
2026-06-16,4,2,3501225,4,1,11.0,67,true
2026-06-16,4,2,3501225,5,1,14.0,85,true
2026-06-16,4,2,3501225,6,1,16.0,97,true
2026-06-16,4,2,3501225,7,1,19.0,116,true
2026-06-16,4,2,3501225,8,1,11.0,67,true
2026-06-16,4,2,3501225,9,1,13.0,79,true
2026-06-16,4,2,3501225,10,1,11.0,67,true
2026-06-16,4,2,3501225,11,1,13.0,79,true
2026-06-16,4,2,3501225,12,1,10.0,61,true
2026-06-16,4,2,3501225,13,1,12.0,73,true
2026-06-16,6,2,3500888,1,1,22.0,36,true
2026-06-16,6,2,3500888,2,1,26.0,42,true
2026-06-16,6,2,3500888,3,1,20.0,33,true
2026-06-16,6,2,3500888,4,1,19.0,31,true
2026-06-16,6,2,3500888,5,1,22.0,36,true
2026-06-16,6,2,3500888,6,1,17.0,28,true
2026-06-16,6,2,3500888,7,1,17.0,28,true
2026-06-16,6,2,3500888,8,1,15.0,25,true
2026-06-16,6,2,3500888,9,1,11.0,18,true
2026-06-16,6,2,3500888,10,1,12.0,20,true
2026-06-16,6,2,3500888,11,1,14.0,23,true
2026-06-16,6,2,3500888,12,1,17.0,28,true
2026-06-16,6,2,3500888,13,1,19.0,31,true
2026-06-17,1,1,3500005,1,1,15.0,85,true
2026-06-17,1,1,3500005,2,1,12.0,68,true
2026-06-17,1,1,3500005,3,1,13.0,74,true
2026-06-17,1,1,3500005,4,1,10.0,57,true
2026-06-17,1,1,3500005,5,1,10.0,57,true
2026-06-17,1,1,3500005,6,1,12.0,68,true
2026-06-17,1,1,3500005,7,1,10.0,57,true
2026-06-17,1,1,3500005,8,1,11.0,63,true
2026-06-17,1,1,3500005,9,1,12.0,68,true
2026-06-17,1,1,3500005,10,1,10.0,57,true
2026-06-17,1,1,3500005,11,1,10.0,57,true
2026-06-17,1,1,3500005,12,1,12.0,68,true
2026-06-17,1,1,3500005,13,1,11.0,63,true
2026-06-17,2,1,3501430,1,1,18.0,57,true
2026-06-17,2,1,3501430,2,1,19.0,60,true
2026-06-17,2,1,3501430,3,1,17.0,53,true
2026-06-17,2,1,3501430,4,1,12.0,38,true
2026-06-17,2,1,3501430,5,1,13.0,41,true
2026-06-17,2,1,3501430,6,1,15.0,47,true
2026-06-17,2,1,3501430,7,1,13.0,41,true
2026-06-17,2,1,3501430,8,1,12.0,38,true
2026-06-17,2,1,3501430,9,1,10.0,32,true
2026-06-17,2,1,3501430,10,1,9.0,29,true
2026-06-17,2,1,3501430,11,1,10.0,32,true
2026-06-17,2,1,3501430,12,1,12.0,38,true
2026-06-17,2,1,3501430,13,1,11.0,35,true
2026-06-17,4,1,3501225,1,1,20.0,122,true
2026-06-17,4,1,3501225,2,1,21.0,128,true
2026-06-17,4,1,3501225,3,1,19.0,116,true
2026-06-17,4,1,3501225,4,1,15.0,91,true
2026-06-17,4,1,3501225,5,1,12.0,73,true
2026-06-17,4,1,3501225,6,1,18.0,110,true
2026-06-17,4,1,3501225,7,1,15.0,91,true
2026-06-17,4,1,3501225,8,1,13.0,79,true
2026-06-17,4,1,3501225,9,1,10.0,61,true
2026-06-17,4,1,3501225,10,1,10.0,61,true
2026-06-17,4,1,3501225,11,1,9.0,55,true
2026-06-17,4,1,3501225,12,1,11.0,67,true
2026-06-17,4,1,3501225,13,1,12.0,73,true
2026-06-17,6,1,3500888,1,1,25.0,41,true
2026-06-17,6,1,3500888,2,1,23.0,38,true
2026-06-17,6,1,3500888,3,1,20.0,33,true
2026-06-17,6,1,3500888,4,1,19.0,31,true
2026-06-17,6,1,3500888,5,1,17.0,28,true
2026-06-17,6,1,3500888,6,1,20.0,33,true
2026-06-17,6,1,3500888,7,1,18.0,30,true
2026-06-17,6,1,3500888,8,1,12.0,20,true
2026-06-17,6,1,3500888,9,1,13.0,21,true
2026-06-17,6,1,3500888,10,1,10.0,17,true
2026-06-17,6,1,3500888,11,1,18.0,30,true
2026-06-17,6,1,3500888,12,1,12.0,20,true
2026-06-17,6,1,3500888,13,1,13.0,21,true
2026-06-17,1,2,3500005,1,1,10.0,57,true
2026-06-17,1,2,3500005,2,1,14.0,80,true
2026-06-17,1,2,3500005,3,1,12.0,68,true
2026-06-17,1,2,3500005,4,1,15.0,85,true
2026-06-17,1,2,3500005,5,1,12.0,68,true
2026-06-17,1,2,3500005,6,1,23.0,130,true
2026-06-17,1,2,3500005,7,1,14.0,80,true
2026-06-17,1,2,3500005,8,1,10.0,57,true
2026-06-17,1,2,3500005,9,1,7.0,40,true
2026-06-17,1,2,3500005,10,1,10.0,57,true
2026-06-17,1,2,3500005,11,1,12.0,68,true
2026-06-17,1,2,3500005,12,1,14.0,80,true
2026-06-17,1,2,3500005,13,1,16.0,91,true
2026-06-17,2,2,3501430,1,1,18.0,57,true
2026-06-17,2,2,3501430,2,1,20.0,63,true
2026-06-17,2,2,3501430,3,1,16.0,50,true
2026-06-17,2,2,3501430,4,1,14.0,44,true
2026-06-17,2,2,3501430,5,1,10.0,32,true
2026-06-17,2,2,3501430,6,1,22.0,69,true
2026-06-17,2,2,3501430,7,1,12.0,38,true
2026-06-17,2,2,3501430,8,1,11.0,35,true
2026-06-17,2,2,3501430,9,1,20.0,63,true
2026-06-17,2,2,3501430,10,1,10.0,32,true
2026-06-17,2,2,3501430,11,1,14.0,44,true
2026-06-17,2,2,3501430,12,1,18.0,57,true
2026-06-17,2,2,3501430,13,1,18.0,57,true
2026-06-17,4,2,3501225,1,1,22.0,134,true
2026-06-17,4,2,3501225,2,1,16.0,97,true
2026-06-17,4,2,3501225,3,1,14.0,85,true
2026-06-17,4,2,3501225,4,1,12.0,73,true
2026-06-17,4,2,3501225,5,1,11.0,67,true
2026-06-17,4,2,3501225,6,1,20.0,122,true
2026-06-17,4,2,3501225,7,1,12.0,73,true
2026-06-17,4,2,3501225,8,1,10.0,61,true
2026-06-17,4,2,3501225,9,1,16.0,97,true
2026-06-17,4,2,3501225,10,1,11.0,67,true
2026-06-17,4,2,3501225,11,1,14.0,85,true
2026-06-17,4,2,3501225,12,1,12.0,73,true
2026-06-17,4,2,3501225,13,1,17.0,104,true
2026-06-17,6,2,3500888,1,1,14.0,23,true
2026-06-17,6,2,3500888,2,1,18.0,30,true
2026-06-17,6,2,3500888,3,1,22.0,36,true
2026-06-17,6,2,3500888,4,1,16.0,26,true
2026-06-17,6,2,3500888,5,1,11.0,18,true
2026-06-17,6,2,3500888,6,1,21.0,34,true
2026-06-17,6,2,3500888,7,1,16.0,26,true
2026-06-17,6,2,3500888,8,1,12.0,20,true
2026-06-17,6,2,3500888,9,1,10.0,17,true
2026-06-17,6,2,3500888,10,1,11.0,18,true
2026-06-17,6,2,3500888,11,1,16.0,26,true
2026-06-17,6,2,3500888,12,1,12.0,20,true
2026-06-17,6,2,3500888,13,1,20.0,33,true
2026-06-18,1,3,3500005,1,1,15.0,85,true
2026-06-18,1,3,3500005,2,1,20.0,113,true
2026-06-18,1,3,3500005,3,1,13.0,74,true
2026-06-18,1,3,3500005,4,1,10.0,57,true
2026-06-18,1,3,3500005,5,1,15.0,85,true
2026-06-18,1,3,3500005,6,1,22.0,125,true
2026-06-18,1,3,3500005,7,1,20.0,113,true
2026-06-18,1,3,3500005,8,1,16.0,91,true
2026-06-18,1,3,3500005,9,1,13.0,74,true
2026-06-18,1,3,3500005,10,1,12.0,68,true
2026-06-18,1,3,3500005,11,1,10.0,57,true
2026-06-18,1,3,3500005,12,1,11.0,63,true
2026-06-18,1,3,3500005,13,1,17.0,97,true
2026-06-18,2,3,3501430,1,1,30.0,94,true
2026-06-18,2,3,3501430,2,1,20.0,63,true
2026-06-18,2,3,3501430,3,1,15.0,47,true
2026-06-18,2,3,3501430,4,1,22.0,69,true
2026-06-18,2,3,3501430,5,1,10.0,32,true
2026-06-18,2,3,3501430,6,1,20.0,63,true
2026-06-18,2,3,3501430,7,1,24.0,75,true
2026-06-18,2,3,3501430,8,1,20.0,63,true
2026-06-18,2,3,3501430,9,1,15.0,47,true
2026-06-18,2,3,3501430,10,1,16.0,50,true
2026-06-18,2,3,3501430,11,1,22.0,69,true
2026-06-18,2,3,3501430,12,1,10.0,32,true
2026-06-18,2,3,3501430,13,1,22.0,69,true
2026-06-18,4,3,3500162,1,1,20.0,96,true
2026-06-18,4,3,3500162,2,1,15.0,72,true
2026-06-18,4,3,3500162,3,1,16.0,77,true
2026-06-18,4,3,3500162,4,1,22.0,105,true
2026-06-18,4,3,3500162,5,1,30.0,143,true
2026-06-18,4,3,3500162,6,1,25.0,120,true
2026-06-18,4,3,3500162,7,1,20.0,96,true
2026-06-18,4,3,3500162,8,1,18.0,86,true
2026-06-18,4,3,3500162,9,1,12.0,58,true
2026-06-18,4,3,3500162,10,1,15.0,72,true
2026-06-18,4,3,3500162,11,1,20.0,96,true
2026-06-18,4,3,3500162,12,1,15.0,72,true
2026-06-18,4,3,3500162,13,1,19.0,91,true
2026-06-18,6,3,3500888,1,1,20.0,33,true
2026-06-18,6,3,3500888,2,1,15.0,25,true
2026-06-18,6,3,3500888,3,1,12.0,20,true
2026-06-18,6,3,3500888,4,1,22.0,36,true
2026-06-18,6,3,3500888,5,1,10.0,17,true
2026-06-18,6,3,3500888,6,1,20.0,33,true
2026-06-18,6,3,3500888,7,1,24.0,39,true
2026-06-18,6,3,3500888,8,1,13.0,21,true
2026-06-18,6,3,3500888,9,1,16.0,26,true
2026-06-18,6,3,3500888,10,1,8.0,13,true
2026-06-18,6,3,3500888,11,1,11.0,18,true
2026-06-18,6,3,3500888,12,1,12.0,20,true
2026-06-18,6,3,3500888,13,1,21.0,34,true
2026-06-18,1,2,3500005,1,1,10.0,57,true
2026-06-18,1,2,3500005,2,1,12.0,68,true
2026-06-18,1,2,3500005,3,1,16.0,91,true
2026-06-18,1,2,3500005,4,1,18.0,102,true
2026-06-18,1,2,3500005,5,1,12.0,68,true
2026-06-18,1,2,3500005,6,1,26.0,147,true
2026-06-18,1,2,3500005,7,1,12.0,68,true
2026-06-18,1,2,3500005,8,1,11.0,63,true
2026-06-18,1,2,3500005,9,1,9.0,51,true
2026-06-18,1,2,3500005,10,1,11.0,63,true
2026-06-18,1,2,3500005,11,1,12.0,68,true
2026-06-18,1,2,3500005,12,1,14.0,80,true
2026-06-18,1,2,3500005,13,1,23.0,130,true
2026-06-18,2,2,3501430,1,1,18.0,57,true
2026-06-18,2,2,3501430,2,1,19.0,60,true
2026-06-18,2,2,3501430,3,1,14.0,44,true
2026-06-18,2,2,3501430,4,1,10.0,32,true
2026-06-18,2,2,3501430,5,1,11.0,35,true
2026-06-18,2,2,3501430,6,1,21.0,66,true
2026-06-18,2,2,3501430,7,1,12.0,38,true
2026-06-18,2,2,3501430,8,1,10.0,32,true
2026-06-18,2,2,3501430,9,1,16.0,50,true
2026-06-18,2,2,3501430,10,1,10.0,32,true
2026-06-18,2,2,3501430,11,1,11.0,35,true
2026-06-18,2,2,3501430,12,1,14.0,44,true
2026-06-18,2,2,3501430,13,1,17.0,53,true
2026-06-18,4,2,3500162,1,1,22.0,105,true
2026-06-18,4,2,3500162,2,1,14.0,67,true
2026-06-18,4,2,3500162,3,1,10.0,48,true
2026-06-18,4,2,3500162,4,1,11.0,53,true
2026-06-18,4,2,3500162,5,1,9.0,43,true
2026-06-18,4,2,3500162,6,1,18.0,86,true
2026-06-18,4,2,3500162,7,1,9.0,43,true
2026-06-18,4,2,3500162,8,1,10.0,48,true
2026-06-18,4,2,3500162,9,1,14.0,67,true
2026-06-18,4,2,3500162,10,1,9.0,43,true
2026-06-18,4,2,3500162,11,1,11.0,53,true
2026-06-18,4,2,3500162,12,1,10.0,48,true
2026-06-18,4,2,3500162,13,1,18.0,86,true
2026-06-19,1,3,3500005,1,1,20.0,113,true
2026-06-19,1,3,3500005,2,1,15.0,85,true
2026-06-19,1,3,3500005,3,1,12.0,68,true
2026-06-19,1,3,3500005,4,1,10.0,57,true
2026-06-19,1,3,3500005,5,1,10.0,57,true
2026-06-19,1,3,3500005,6,1,22.0,125,true
2026-06-19,1,3,3500005,7,1,24.0,136,true
2026-06-19,1,3,3500005,8,1,15.0,85,true
2026-06-19,1,3,3500005,9,1,19.0,108,true
2026-06-19,1,3,3500005,10,1,13.0,74,true
2026-06-19,1,3,3500005,11,1,16.0,91,true
2026-06-19,1,3,3500005,12,1,15.0,85,true
2026-06-19,1,3,3500005,13,1,24.0,136,true
2026-06-19,2,3,3501430,1,1,30.0,94,true
2026-06-19,2,3,3501430,2,1,24.0,75,true
2026-06-19,2,3,3501430,3,1,16.0,50,true
2026-06-19,2,3,3501430,4,1,17.0,53,true
2026-06-19,2,3,3501430,5,1,22.0,69,true
2026-06-19,2,3,3501430,6,1,19.0,60,true
2026-06-19,2,3,3501430,7,1,22.0,69,true
2026-06-19,2,3,3501430,8,1,20.0,63,true
2026-06-19,2,3,3501430,9,1,10.0,32,true
2026-06-19,2,3,3501430,10,1,12.0,38,true
2026-06-19,2,3,3501430,11,1,16.0,50,true
2026-06-19,2,3,3501430,12,1,19.0,60,true
2026-06-19,2,3,3501430,13,1,27.0,85,true
2026-06-19,4,3,3500162,1,1,30.0,143,true
2026-06-19,4,3,3500162,2,1,19.0,91,true
2026-06-19,4,3,3500162,3,1,24.0,115,true
2026-06-19,4,3,3500162,4,1,15.0,72,true
2026-06-19,4,3,3500162,5,1,10.0,48,true
2026-06-19,4,3,3500162,6,1,22.0,105,true
2026-06-19,4,3,3500162,7,1,24.0,115,true
2026-06-19,4,3,3500162,8,1,13.0,62,true
2026-06-19,4,3,3500162,9,1,19.0,91,true
2026-06-19,4,3,3500162,10,1,20.0,96,true
2026-06-19,4,3,3500162,11,1,15.0,72,true
2026-06-19,4,3,3500162,12,1,16.0,77,true
2026-06-19,4,3,3500162,13,1,19.0,91,true
2026-06-19,1,1,3500005,1,1,15.0,85,true
2026-06-19,1,1,3500005,2,1,12.0,68,true
2026-06-19,1,1,3500005,3,1,13.0,74,true
2026-06-19,1,1,3500005,4,1,10.0,57,true
2026-06-19,1,1,3500005,5,1,12.0,68,true
2026-06-19,1,1,3500005,6,1,13.0,74,true
2026-06-19,1,1,3500005,7,1,13.0,74,true
2026-06-19,1,1,3500005,8,1,12.0,68,true
2026-06-19,1,1,3500005,9,1,11.0,63,true
2026-06-19,1,1,3500005,10,1,11.0,63,true
2026-06-19,1,1,3500005,11,1,10.0,57,true
2026-06-19,1,1,3500005,12,1,12.0,68,true
2026-06-19,1,1,3500005,13,1,11.0,63,true
2026-06-19,2,1,3501430,1,1,16.0,50,true
2026-06-19,2,1,3501430,2,1,15.0,47,true
2026-06-19,2,1,3501430,3,1,12.0,38,true
2026-06-19,2,1,3501430,4,1,13.0,41,true
2026-06-19,2,1,3501430,5,1,10.0,32,true
2026-06-19,2,1,3501430,6,1,15.0,47,true
2026-06-19,2,1,3501430,7,1,12.0,38,true
2026-06-19,2,1,3501430,8,1,10.0,32,true
2026-06-19,2,1,3501430,9,1,11.0,35,true
2026-06-19,2,1,3501430,10,1,10.0,32,true
2026-06-19,2,1,3501430,11,1,12.0,38,true
2026-06-19,2,1,3501430,12,1,15.0,47,true
2026-06-19,2,1,3501430,13,1,12.0,38,true
2026-06-19,4,1,3500162,1,1,18.0,86,true
2026-06-19,4,1,3500162,2,1,19.0,91,true
2026-06-19,4,1,3500162,3,1,12.0,58,true
2026-06-19,4,1,3500162,4,1,13.0,62,true
2026-06-19,4,1,3500162,5,1,12.0,58,true
2026-06-19,4,1,3500162,6,1,15.0,72,true
2026-06-19,4,1,3500162,7,1,15.0,72,true
2026-06-19,4,1,3500162,8,1,12.0,58,true
2026-06-19,4,1,3500162,9,1,10.0,48,true
2026-06-19,4,1,3500162,10,1,13.0,62,true
2026-06-19,4,1,3500162,11,1,10.0,48,true
2026-06-19,4,1,3500162,12,1,12.0,58,true
2026-06-19,4,1,3500162,13,1,13.0,62,true
2026-06-19,1,2,3500005,1,1,12.0,68,true
2026-06-19,1,2,3500005,2,1,16.0,91,true
2026-06-19,1,2,3500005,3,1,14.0,80,true
2026-06-19,1,2,3500005,4,1,12.0,68,true
2026-06-19,1,2,3500005,5,1,11.0,63,true
2026-06-19,1,2,3500005,6,1,20.0,113,true
2026-06-19,1,2,3500005,7,1,12.0,68,true
2026-06-19,1,2,3500005,8,1,10.0,57,true
2026-06-19,1,2,3500005,9,1,9.0,51,true
2026-06-19,1,2,3500005,10,1,10.0,57,true
2026-06-19,1,2,3500005,11,1,14.0,80,true
2026-06-19,1,2,3500005,12,1,16.0,91,true
2026-06-19,1,2,3500005,13,1,23.0,130,true
2026-06-19,2,2,3501430,1,1,18.0,57,true
2026-06-19,2,2,3501430,2,1,16.0,50,true
2026-06-19,2,2,3501430,3,1,14.0,44,true
2026-06-19,2,2,3501430,4,1,12.0,38,true
2026-06-19,2,2,3501430,5,1,11.0,35,true
2026-06-19,2,2,3501430,6,1,19.0,60,true
2026-06-19,2,2,3501430,7,1,12.0,38,true
2026-06-19,2,2,3501430,8,1,0.0,0,true
2026-06-19,2,2,3501430,9,1,18.0,57,true
2026-06-19,2,2,3501430,10,1,10.0,32,true
2026-06-19,2,2,3501430,11,1,16.0,50,true
2026-06-19,2,2,3501430,12,1,14.0,44,true
2026-06-19,2,2,3501430,13,1,16.0,50,true
2026-06-19,4,2,3500162,1,1,24.0,115,true
2026-06-19,4,2,3500162,2,1,26.0,124,true
2026-06-19,4,2,3500162,3,1,28.0,134,true
2026-06-19,4,2,3500162,4,1,34.0,162,true
2026-06-19,4,2,3500162,5,1,28.0,134,true
2026-06-19,4,2,3500162,6,1,26.0,124,true
2026-06-19,4,2,3500162,7,1,20.0,96,true
2026-06-19,4,2,3500162,8,1,14.0,67,true
2026-06-19,4,2,3500162,9,1,16.0,77,true
2026-06-19,4,2,3500162,10,1,12.0,58,true
2026-06-19,4,2,3500162,11,1,16.0,77,true
2026-06-19,4,2,3500162,12,1,12.0,58,true
2026-06-19,4,2,3500162,13,1,23.0,110,true
2026-06-20,1,1,3500005,1,1,18.0,102,true
2026-06-20,1,1,3500005,2,1,15.0,85,true
2026-06-20,1,1,3500005,3,1,15.0,85,true
2026-06-20,1,1,3500005,4,1,13.0,74,true
2026-06-20,1,1,3500005,5,1,12.0,68,true
2026-06-20,1,1,3500005,6,1,16.0,91,true
2026-06-20,1,1,3500005,7,1,15.0,85,true
2026-06-20,1,1,3500005,8,1,12.0,68,true
2026-06-20,1,1,3500005,9,1,10.0,57,true
2026-06-20,1,1,3500005,10,1,10.0,57,true
2026-06-20,1,1,3500005,11,1,13.0,74,true
2026-06-20,1,1,3500005,12,1,10.0,57,true
2026-06-20,1,1,3500005,13,1,12.0,68,true
2026-06-20,2,1,3501430,1,1,20.0,63,true
2026-06-20,2,1,3501430,2,1,21.0,66,true
2026-06-20,2,1,3501430,3,1,22.0,69,true
2026-06-20,2,1,3501430,4,1,20.0,63,true
2026-06-20,2,1,3501430,5,1,19.0,60,true
2026-06-20,2,1,3501430,6,1,22.0,69,true
2026-06-20,2,1,3501430,7,1,20.0,63,true
2026-06-20,2,1,3501430,8,1,15.0,47,true
2026-06-20,2,1,3501430,9,1,12.0,38,true
2026-06-20,2,1,3501430,10,1,15.0,47,true
2026-06-20,2,1,3501430,11,1,10.0,32,true
2026-06-20,2,1,3501430,12,1,12.0,38,true
2026-06-20,2,1,3501430,13,1,14.0,44,true
2026-06-20,4,1,3500162,1,1,24.0,115,true
2026-06-20,4,1,3500162,2,1,23.0,110,true
2026-06-20,4,1,3500162,3,1,20.0,96,true
2026-06-20,4,1,3500162,4,1,19.0,91,true
2026-06-20,4,1,3500162,5,1,15.0,72,true
2026-06-20,4,1,3500162,6,1,21.0,100,true
2026-06-20,4,1,3500162,7,1,20.0,96,true
2026-06-20,4,1,3500162,8,1,19.0,91,true
2026-06-20,4,1,3500162,9,1,15.0,72,true
2026-06-20,4,1,3500162,10,1,12.0,58,true
2026-06-20,4,1,3500162,11,1,13.0,62,true
2026-06-20,4,1,3500162,12,1,14.0,67,true
2026-06-20,4,1,3500162,13,1,12.0,58,true
2026-06-20,1,2,3500005,1,1,9.0,51,true
2026-06-20,1,2,3500005,2,1,16.0,91,true
2026-06-20,1,2,3500005,3,1,14.0,80,true
2026-06-20,1,2,3500005,4,1,18.0,102,true
2026-06-20,1,2,3500005,5,1,14.0,80,true
2026-06-20,1,2,3500005,6,1,19.0,108,true
2026-06-20,1,2,3500005,7,1,10.0,57,true
2026-06-20,1,2,3500005,8,1,11.0,63,true
2026-06-20,1,2,3500005,9,1,7.0,40,true
2026-06-20,1,2,3500005,10,1,12.0,68,true
2026-06-20,1,2,3500005,11,1,14.0,80,true
2026-06-20,1,2,3500005,12,1,14.0,80,true
2026-06-20,1,2,3500005,13,1,0.0,0,true
2026-06-20,2,2,3501430,1,1,16.0,50,true
2026-06-20,2,2,3501430,2,1,14.0,44,true
2026-06-20,2,2,3501430,3,1,12.0,38,true
2026-06-20,2,2,3501430,4,1,12.0,38,true
2026-06-20,2,2,3501430,5,1,10.0,32,true
2026-06-20,2,2,3501430,6,1,20.0,63,true
2026-06-20,2,2,3501430,7,1,10.0,32,true
2026-06-20,2,2,3501430,8,1,10.0,32,true
2026-06-20,2,2,3501430,9,1,14.0,44,true
2026-06-20,2,2,3501430,10,1,9.0,29,true
2026-06-20,2,2,3501430,11,1,12.0,38,true
2026-06-20,2,2,3501430,12,1,14.0,44,true
2026-06-20,2,2,3501430,13,1,16.0,50,true
2026-06-20,4,2,3500162,1,1,20.0,96,true
2026-06-20,4,2,3500162,2,1,16.0,77,true
2026-06-20,4,2,3500162,3,1,14.0,67,true
2026-06-20,4,2,3500162,4,1,16.0,77,true
2026-06-20,4,2,3500162,5,1,14.0,67,true
2026-06-20,4,2,3500162,6,1,24.0,115,true
2026-06-20,4,2,3500162,7,1,14.0,67,true
2026-06-20,4,2,3500162,8,1,12.0,58,true
2026-06-20,4,2,3500162,9,1,16.0,77,true
2026-06-20,4,2,3500162,10,1,10.0,48,true
2026-06-20,4,2,3500162,11,1,14.0,67,true
2026-06-20,4,2,3500162,12,1,18.0,86,true
2026-06-20,4,2,3500162,13,1,19.0,91,true
2026-06-21,1,1,3500005,1,1,22.0,125,true
2026-06-21,1,1,3500005,2,1,10.0,57,true
2026-06-21,1,1,3500005,3,1,15.0,85,true
2026-06-21,1,1,3500005,4,1,16.0,91,true
2026-06-21,1,1,3500005,5,1,12.0,68,true
2026-06-21,1,1,3500005,6,1,23.0,130,true
2026-06-21,1,1,3500005,7,1,17.0,97,true
2026-06-21,1,1,3500005,8,1,15.0,85,true
2026-06-21,1,1,3500005,9,1,22.0,125,true
2026-06-21,1,1,3500005,10,1,16.0,91,true
2026-06-21,1,1,3500005,11,1,19.0,108,true
2026-06-21,1,1,3500005,12,1,10.0,57,true
2026-06-21,1,1,3500005,13,1,20.0,113,true
2026-06-21,2,1,3501430,1,1,24.0,75,true
2026-06-21,2,1,3501430,2,1,26.0,82,true
2026-06-21,2,1,3501430,3,1,12.0,38,true
2026-06-21,2,1,3501430,4,1,16.0,50,true
2026-06-21,2,1,3501430,5,1,19.0,60,true
2026-06-21,2,1,3501430,6,1,33.0,103,true
2026-06-21,2,1,3501430,7,1,19.0,60,true
2026-06-21,2,1,3501430,8,1,22.0,69,true
2026-06-21,2,1,3501430,9,1,19.0,60,true
2026-06-21,2,1,3501430,10,1,21.0,66,true
2026-06-21,2,1,3501430,11,1,15.0,47,true
2026-06-21,2,1,3501430,12,1,16.0,50,true
2026-06-21,2,1,3501430,13,1,28.0,88,true
2026-06-21,4,1,3500446,1,1,24.0,104,true
2026-06-21,4,1,3500446,2,1,16.0,69,true
2026-06-21,4,1,3500446,3,1,19.0,82,true
2026-06-21,4,1,3500446,4,1,22.0,95,true
2026-06-21,4,1,3500446,5,1,19.0,82,true
2026-06-21,4,1,3500446,6,1,49.0,212,true
2026-06-21,4,1,3500446,7,1,12.0,52,true
2026-06-21,4,1,3500446,8,1,12.0,52,true
2026-06-21,4,1,3500446,9,1,12.0,52,true
2026-06-21,4,1,3500446,10,1,13.0,57,true
2026-06-21,4,1,3500446,11,1,21.0,91,true
2026-06-21,4,1,3500446,12,1,22.0,95,true
2026-06-21,4,1,3500446,13,1,30.0,130,true
2026-06-21,2,2,3501430,1,1,24.0,75,true
2026-06-21,2,2,3501430,2,1,14.0,44,true
2026-06-21,2,2,3501430,3,1,10.0,32,true
2026-06-21,2,2,3501430,4,1,10.0,32,true
2026-06-21,2,2,3501430,5,1,9.0,29,true
2026-06-21,2,2,3501430,6,1,22.0,69,true
2026-06-21,2,2,3501430,7,1,12.0,38,true
2026-06-21,2,2,3501430,8,1,10.0,32,true
2026-06-21,2,2,3501430,9,1,18.0,57,true
2026-06-21,2,2,3501430,10,1,10.0,32,true
2026-06-21,2,2,3501430,11,1,10.0,32,true
2026-06-21,2,2,3501430,12,1,14.0,44,true
2026-06-21,2,2,3501430,13,1,16.0,50,true
2026-06-21,4,2,3500446,1,1,16.0,69,true
2026-06-21,4,2,3500446,2,1,14.0,61,true
2026-06-21,4,2,3500446,3,1,12.0,52,true
2026-06-21,4,2,3500446,4,1,18.0,78,true
2026-06-21,4,2,3500446,5,1,10.0,44,true
2026-06-21,4,2,3500446,6,1,23.0,100,true
2026-06-21,4,2,3500446,7,1,14.0,61,true
2026-06-21,4,2,3500446,8,1,10.0,44,true
2026-06-21,4,2,3500446,9,1,14.0,61,true
2026-06-21,4,2,3500446,10,1,9.0,39,true
2026-06-21,4,2,3500446,11,1,12.0,52,true
2026-06-21,4,2,3500446,12,1,14.0,61,true
2026-06-21,4,2,3500446,13,1,18.0,78,true
2026-06-22,1,1,3500005,1,1,18.0,102,true
2026-06-22,1,1,3500005,2,1,15.0,85,true
2026-06-22,1,1,3500005,3,1,12.0,68,true
2026-06-22,1,1,3500005,4,1,13.0,74,true
2026-06-22,1,1,3500005,5,1,10.0,57,true
2026-06-22,1,1,3500005,6,1,20.0,113,true
2026-06-22,1,1,3500005,7,1,18.0,102,true
2026-06-22,1,1,3500005,8,1,12.0,68,true
2026-06-22,1,1,3500005,9,1,13.0,74,true
2026-06-22,1,1,3500005,10,1,14.0,80,true
2026-06-22,1,1,3500005,11,1,10.0,57,true
2026-06-22,1,1,3500005,12,1,15.0,85,true
2026-06-22,1,1,3500005,13,1,13.0,74,true
2026-06-22,2,1,3501430,1,1,15.0,47,true
2026-06-22,2,1,3501430,2,1,16.0,50,true
2026-06-22,2,1,3501430,3,1,12.0,38,true
2026-06-22,2,1,3501430,4,1,13.0,41,true
2026-06-22,2,1,3501430,5,1,10.0,32,true
2026-06-22,2,1,3501430,6,1,13.0,41,true
2026-06-22,2,1,3501430,7,1,12.0,38,true
2026-06-22,2,1,3501430,8,1,10.0,32,true
2026-06-22,2,1,3501430,9,1,12.0,38,true
2026-06-22,2,1,3501430,10,1,10.0,32,true
2026-06-22,2,1,3501430,11,1,10.0,32,true
2026-06-22,2,1,3501430,12,1,9.0,29,true
2026-06-22,2,1,3501430,13,1,10.0,32,true
2026-06-22,4,1,3500446,1,1,25.0,108,true
2026-06-22,4,1,3500446,2,1,27.0,117,true
2026-06-22,4,1,3500446,3,1,22.0,95,true
2026-06-22,4,1,3500446,4,1,20.0,87,true
2026-06-22,4,1,3500446,5,1,19.0,82,true
2026-06-22,4,1,3500446,6,1,22.0,95,true
2026-06-22,4,1,3500446,7,1,26.0,113,true
2026-06-22,4,1,3500446,8,1,19.0,82,true
2026-06-22,4,1,3500446,9,1,15.0,65,true
2026-06-22,4,1,3500446,10,1,17.0,74,true
2026-06-22,4,1,3500446,11,1,12.0,52,true
2026-06-22,4,1,3500446,12,1,13.0,57,true
2026-06-22,4,1,3500446,13,1,15.0,65,true
2026-06-22,1,2,3500005,1,1,14.0,80,true
2026-06-22,1,2,3500005,2,1,12.0,68,true
2026-06-22,1,2,3500005,3,1,14.0,80,true
2026-06-22,1,2,3500005,4,1,12.0,68,true
2026-06-22,1,2,3500005,5,1,11.0,63,true
2026-06-22,1,2,3500005,6,1,24.0,136,true
2026-06-22,1,2,3500005,7,1,16.0,91,true
2026-06-22,1,2,3500005,8,1,14.0,80,true
2026-06-22,1,2,3500005,9,1,14.0,80,true
2026-06-22,1,2,3500005,10,1,12.0,68,true
2026-06-22,1,2,3500005,11,1,12.0,68,true
2026-06-22,1,2,3500005,12,1,14.0,80,true
2026-06-22,1,2,3500005,13,1,22.0,125,true
2026-06-22,2,2,3500162,1,1,16.0,77,true
2026-06-22,2,2,3500162,2,1,12.0,58,true
2026-06-22,2,2,3500162,3,1,11.0,53,true
2026-06-22,2,2,3500162,4,1,11.0,53,true
2026-06-22,2,2,3500162,5,1,10.0,48,true
2026-06-22,2,2,3500162,6,1,21.0,100,true
2026-06-22,2,2,3500162,7,1,11.0,53,true
2026-06-22,2,2,3500162,8,1,11.0,53,true
2026-06-22,2,2,3500162,9,1,10.0,48,true
2026-06-22,2,2,3500162,10,1,11.0,53,true
2026-06-22,2,2,3500162,11,1,9.0,43,true
2026-06-22,2,2,3500162,12,1,9.0,43,true
2026-06-22,2,2,3500162,13,1,20.0,96,true
2026-06-22,4,2,3501226,1,1,12.0,65,true
2026-06-22,4,2,3501226,2,1,10.0,55,true
2026-06-22,4,2,3501226,3,1,19.0,103,true
2026-06-22,4,2,3501226,4,1,12.0,65,true
2026-06-22,4,2,3501226,5,1,11.0,60,true
2026-06-22,4,2,3501226,6,1,18.0,98,true
2026-06-22,4,2,3501226,7,1,10.0,55,true
2026-06-22,4,2,3501226,8,1,9.0,49,true
2026-06-22,4,2,3501226,9,1,9.0,49,true
2026-06-22,4,2,3501226,10,1,9.0,49,true
2026-06-22,4,2,3501226,11,1,8.0,44,true
2026-06-22,4,2,3501226,12,1,8.0,44,true
2026-06-22,4,2,3501226,13,1,18.0,98,true
2026-06-22,6,2,3500888,1,1,10.0,17,true
2026-06-22,6,2,3500888,2,1,10.0,17,true
2026-06-22,6,2,3500888,3,1,10.0,17,true
2026-06-22,6,2,3500888,4,1,9.0,15,true
2026-06-22,6,2,3500888,5,1,9.0,15,true
2026-06-22,6,2,3500888,6,1,18.0,30,true
2026-06-22,6,2,3500888,7,1,10.0,17,true
2026-06-22,6,2,3500888,8,1,10.0,17,true
2026-06-22,6,2,3500888,9,1,10.0,17,true
2026-06-22,6,2,3500888,10,1,10.0,17,true
2026-06-22,6,2,3500888,11,1,10.0,17,true
2026-06-22,6,2,3500888,12,1,10.0,17,true
2026-06-22,6,2,3500888,13,1,20.0,33,true
2026-06-23,1,3,3500005,1,1,18.0,102,true
2026-06-23,1,3,3500005,2,1,15.0,85,true
2026-06-23,1,3,3500005,3,1,12.0,68,true
2026-06-23,1,3,3500005,4,1,13.0,74,true
2026-06-23,1,3,3500005,5,1,12.0,68,true
2026-06-23,1,3,3500005,6,1,14.0,80,true
2026-06-23,1,3,3500005,7,1,15.0,85,true
2026-06-23,1,3,3500005,8,1,12.0,68,true
2026-06-23,1,3,3500005,9,1,13.0,74,true
2026-06-23,1,3,3500005,10,1,10.0,57,true
2026-06-23,1,3,3500005,11,1,11.0,63,true
2026-06-23,1,3,3500005,12,1,10.0,57,true
2026-06-23,1,3,3500005,13,1,12.0,68,true
2026-06-23,2,3,3500162,1,1,20.0,96,true
2026-06-23,2,3,3500162,2,1,18.0,86,true
2026-06-23,2,3,3500162,3,1,15.0,72,true
2026-06-23,2,3,3500162,4,1,13.0,62,true
2026-06-23,2,3,3500162,5,1,14.0,67,true
2026-06-23,2,3,3500162,6,1,16.0,77,true
2026-06-23,2,3,3500162,7,1,18.0,86,true
2026-06-23,2,3,3500162,8,1,16.0,77,true
2026-06-23,2,3,3500162,9,1,15.0,72,true
2026-06-23,2,3,3500162,10,1,13.0,62,true
2026-06-23,2,3,3500162,11,1,10.0,48,true
2026-06-23,2,3,3500162,12,1,11.0,53,true
2026-06-23,2,3,3500162,13,1,12.0,58,true
2026-06-23,4,3,3501226,1,1,25.0,136,true
2026-06-23,4,3,3501226,2,1,23.0,125,true
2026-06-23,4,3,3501226,3,1,24.0,130,true
2026-06-23,4,3,3501226,4,1,18.0,98,true
2026-06-23,4,3,3501226,5,1,19.0,103,true
2026-06-23,4,3,3501226,6,1,20.0,109,true
2026-06-23,4,3,3501226,7,1,19.0,103,true
2026-06-23,4,3,3501226,8,1,15.0,82,true
2026-06-23,4,3,3501226,9,1,17.0,92,true
2026-06-23,4,3,3501226,10,1,12.0,65,true
2026-06-23,4,3,3501226,11,1,10.0,55,true
2026-06-23,4,3,3501226,12,1,10.0,55,true
2026-06-23,4,3,3501226,13,1,11.0,60,true
2026-06-23,6,3,3500888,1,1,28.0,46,true
2026-06-23,6,3,3500888,2,1,25.0,41,true
2026-06-23,6,3,3500888,3,1,23.0,38,true
2026-06-23,6,3,3500888,4,1,20.0,33,true
2026-06-23,6,3,3500888,5,1,19.0,31,true
2026-06-23,6,3,3500888,6,1,20.0,33,true
2026-06-23,6,3,3500888,7,1,20.0,33,true
2026-06-23,6,3,3500888,8,1,18.0,30,true
2026-06-23,6,3,3500888,9,1,15.0,25,true
2026-06-23,6,3,3500888,10,1,12.0,20,true
2026-06-23,6,3,3500888,11,1,13.0,21,true
2026-06-23,6,3,3500888,12,1,14.0,23,true
2026-06-23,6,3,3500888,13,1,15.0,25,true
2026-06-23,1,1,3500005,1,1,87.0,492,true
2026-06-23,1,1,3500005,2,1,16.0,91,true
2026-06-23,1,1,3500005,3,1,12.0,68,true
2026-06-23,1,1,3500005,4,1,16.0,91,true
2026-06-23,1,1,3500005,5,1,18.0,102,true
2026-06-23,1,1,3500005,6,1,34.0,193,true
2026-06-23,1,1,3500005,7,1,46.0,260,true
2026-06-23,1,1,3500005,8,1,12.0,68,true
2026-06-23,1,1,3500005,9,1,41.0,232,true
2026-06-23,1,1,3500005,10,1,14.0,80,true
2026-06-23,1,1,3500005,11,1,46.0,260,true
2026-06-23,1,1,3500005,12,1,42.0,238,true
2026-06-23,1,1,3500005,13,1,67.0,379,true
2026-06-23,2,1,3500162,1,1,36.0,172,true
2026-06-23,2,1,3500162,2,1,26.0,124,true
2026-06-23,2,1,3500162,3,1,32.0,153,true
2026-06-23,2,1,3500162,4,1,20.0,96,true
2026-06-23,2,1,3500162,5,1,19.0,91,true
2026-06-23,2,1,3500162,6,1,44.0,210,true
2026-06-23,2,1,3500162,7,1,22.0,105,true
2026-06-23,2,1,3500162,8,1,18.0,86,true
2026-06-23,2,1,3500162,9,1,36.0,172,true
2026-06-23,2,1,3500162,10,1,14.0,67,true
2026-06-23,2,1,3500162,11,1,44.0,210,true
2026-06-23,2,1,3500162,12,1,48.0,229,true
2026-06-23,2,1,3500162,13,1,26.0,124,true
2026-06-23,4,1,3501226,1,1,38.0,206,true
2026-06-23,4,1,3501226,2,1,26.0,141,true
2026-06-23,4,1,3501226,3,1,18.0,98,true
2026-06-23,4,1,3501226,4,1,32.0,173,true
2026-06-23,4,1,3501226,5,1,20.0,109,true
2026-06-23,4,1,3501226,6,1,26.0,141,true
2026-06-23,4,1,3501226,7,1,18.0,98,true
2026-06-23,4,1,3501226,8,1,14.0,76,true
2026-06-23,4,1,3501226,9,1,22.0,119,true
2026-06-23,4,1,3501226,10,1,14.0,76,true
2026-06-23,4,1,3501226,11,1,16.0,87,true
2026-06-23,4,1,3501226,12,1,22.0,119,true
2026-06-23,4,1,3501226,13,1,23.0,125,true
2026-06-23,1,2,3500005,1,1,20.0,113,true
2026-06-23,1,2,3500005,2,1,18.0,102,true
2026-06-23,1,2,3500005,3,1,15.0,85,true
2026-06-23,1,2,3500005,4,1,13.0,74,true
2026-06-23,1,2,3500005,5,1,12.0,68,true
2026-06-23,1,2,3500005,6,1,21.0,119,true
2026-06-23,1,2,3500005,7,1,24.0,136,true
2026-06-23,1,2,3500005,8,1,11.0,63,true
2026-06-23,1,2,3500005,9,1,17.0,97,true
2026-06-23,1,2,3500005,10,1,13.0,74,true
2026-06-23,1,2,3500005,11,1,16.0,91,true
2026-06-23,1,2,3500005,12,1,19.0,108,true
2026-06-23,1,2,3500005,13,1,18.0,102,true
2026-06-23,2,2,3500162,1,1,30.0,143,true
2026-06-23,2,2,3500162,2,1,15.0,72,true
2026-06-23,2,2,3500162,3,1,20.0,96,true
2026-06-23,2,2,3500162,4,1,16.0,77,true
2026-06-23,2,2,3500162,5,1,24.0,115,true
2026-06-23,2,2,3500162,6,1,19.0,91,true
2026-06-23,2,2,3500162,7,1,24.0,115,true
2026-06-23,2,2,3500162,8,1,17.0,81,true
2026-06-23,2,2,3500162,9,1,20.0,96,true
2026-06-23,2,2,3500162,10,1,13.0,62,true
2026-06-23,2,2,3500162,11,1,17.0,81,true
2026-06-23,2,2,3500162,12,1,20.0,96,true
2026-06-23,2,2,3500162,13,1,18.0,86,true
2026-06-23,4,2,3501226,1,1,40.0,217,true
2026-06-23,4,2,3501226,2,1,23.0,125,true
2026-06-23,4,2,3501226,3,1,33.0,179,true
2026-06-23,4,2,3501226,4,1,14.0,76,true
2026-06-23,4,2,3501226,5,1,17.0,92,true
2026-06-23,4,2,3501226,6,1,20.0,109,true
2026-06-23,4,2,3501226,7,1,30.0,163,true
2026-06-23,4,2,3501226,8,1,17.0,92,true
2026-06-23,4,2,3501226,9,1,20.0,109,true
2026-06-23,4,2,3501226,10,1,12.0,65,true
2026-06-23,4,2,3501226,11,1,15.0,82,true
2026-06-23,4,2,3501226,12,1,22.0,119,true
2026-06-23,4,2,3501226,13,1,20.0,109,true
2026-06-23,6,2,3500888,1,1,45.0,73,true
2026-06-23,6,2,3500888,2,1,30.0,49,true
2026-06-23,6,2,3500888,3,1,19.0,31,true
2026-06-23,6,2,3500888,4,1,20.0,33,true
2026-06-23,6,2,3500888,5,1,13.0,21,true
2026-06-23,6,2,3500888,6,1,24.0,39,true
2026-06-23,6,2,3500888,7,1,30.0,49,true
2026-06-23,6,2,3500888,8,1,33.0,54,true
2026-06-23,6,2,3500888,9,1,24.0,39,true
2026-06-23,6,2,3500888,10,1,10.0,17,true
2026-06-23,6,2,3500888,11,1,17.0,28,true
2026-06-23,6,2,3500888,12,1,10.0,17,true
2026-06-23,6,2,3500888,13,1,17.0,28,true
2026-06-24,1,3,3500005,1,1,17.0,97,true
2026-06-24,1,3,3500005,2,1,1.0,6,true
2026-06-24,1,3,3500005,3,1,15.0,85,true
2026-06-24,1,3,3500005,4,1,13.0,74,true
2026-06-24,1,3,3500005,5,1,12.0,68,true
2026-06-24,1,3,3500005,6,1,15.0,85,true
2026-06-24,1,3,3500005,7,1,14.0,80,true
2026-06-24,1,3,3500005,8,1,12.0,68,true
2026-06-24,1,3,3500005,9,1,13.0,74,true
2026-06-24,1,3,3500005,10,1,10.0,57,true
2026-06-24,1,3,3500005,11,1,11.0,63,true
2026-06-24,1,3,3500005,12,1,12.0,68,true
2026-06-24,1,3,3500005,13,1,15.0,85,true
2026-06-24,2,3,3500162,1,1,20.0,96,true
2026-06-24,2,3,3500162,2,1,23.0,110,true
2026-06-24,2,3,3500162,3,1,20.0,96,true
2026-06-24,2,3,3500162,4,1,19.0,91,true
2026-06-24,2,3,3500162,5,1,15.0,72,true
2026-06-24,2,3,3500162,6,1,17.0,81,true
2026-06-24,2,3,3500162,7,1,15.0,72,true
2026-06-24,2,3,3500162,8,1,13.0,62,true
2026-06-24,2,3,3500162,9,1,14.0,67,true
2026-06-24,2,3,3500162,10,1,12.0,58,true
2026-06-24,2,3,3500162,11,1,10.0,48,true
2026-06-24,2,3,3500162,12,1,11.0,53,true
2026-06-24,2,3,3500162,13,1,15.0,72,true
2026-06-24,4,3,3501226,1,1,25.0,136,true
2026-06-24,4,3,3501226,2,1,27.0,146,true
2026-06-24,4,3,3501226,3,1,23.0,125,true
2026-06-24,4,3,3501226,4,1,20.0,109,true
2026-06-24,4,3,3501226,5,1,20.0,109,true
2026-06-24,4,3,3501226,6,1,22.0,119,true
2026-06-24,4,3,3501226,7,1,18.0,98,true
2026-06-24,4,3,3501226,8,1,17.0,92,true
2026-06-24,4,3,3501226,9,1,15.0,82,true
2026-06-24,4,3,3501226,10,1,10.0,55,true
2026-06-24,4,3,3501226,11,1,12.0,65,true
2026-06-24,4,3,3501226,12,1,15.0,82,true
2026-06-24,4,3,3501226,13,1,17.0,92,true
2026-06-24,6,3,3500888,1,1,30.0,49,true
2026-06-24,6,3,3500888,2,1,28.0,46,true
2026-06-24,6,3,3500888,3,1,25.0,41,true
2026-06-24,6,3,3500888,4,1,20.0,33,true
2026-06-24,6,3,3500888,5,1,21.0,34,true
2026-06-24,6,3,3500888,6,1,23.0,38,true
2026-06-24,6,3,3500888,7,1,20.0,33,true
2026-06-24,6,3,3500888,8,1,18.0,30,true
2026-06-24,6,3,3500888,9,1,15.0,25,true
2026-06-24,6,3,3500888,10,1,12.0,20,true
2026-06-24,6,3,3500888,11,1,15.0,25,true
2026-06-24,6,3,3500888,12,1,17.0,28,true
2026-06-24,6,3,3500888,13,1,18.0,30,true
2026-06-24,1,1,3500005,1,1,7.0,40,true
2026-06-24,1,1,3500005,2,1,10.0,57,true
2026-06-24,1,1,3500005,3,1,17.0,97,true
2026-06-24,1,1,3500005,4,1,11.0,63,true
2026-06-24,1,1,3500005,5,1,11.0,63,true
2026-06-24,1,1,3500005,6,1,22.0,125,true
2026-06-24,1,1,3500005,7,1,10.0,57,true
2026-06-24,1,1,3500005,8,1,10.0,57,true
2026-06-24,1,1,3500005,9,1,7.0,40,true
2026-06-24,1,1,3500005,10,1,8.0,46,true
2026-06-24,1,1,3500005,11,1,12.0,68,true
2026-06-24,1,1,3500005,12,1,14.0,80,true
2026-06-24,1,1,3500005,13,1,17.0,97,true
2026-06-24,2,1,3500162,1,1,20.0,96,true
2026-06-24,2,1,3500162,2,1,24.0,115,true
2026-06-24,2,1,3500162,3,1,14.0,67,true
2026-06-24,2,1,3500162,4,1,12.0,58,true
2026-06-24,2,1,3500162,5,1,10.0,48,true
2026-06-24,2,1,3500162,6,1,23.0,110,true
2026-06-24,2,1,3500162,7,1,12.0,58,true
2026-06-24,2,1,3500162,8,1,9.0,43,true
2026-06-24,2,1,3500162,9,1,16.0,77,true
2026-06-24,2,1,3500162,10,1,11.0,53,true
2026-06-24,2,1,3500162,11,1,14.0,67,true
2026-06-24,2,1,3500162,12,1,20.0,96,true
2026-06-24,2,1,3500162,13,1,18.0,86,true
2026-06-24,4,1,3501226,1,1,24.0,130,true
2026-06-24,4,1,3501226,2,1,18.0,98,true
2026-06-24,4,1,3501226,3,1,26.0,141,true
2026-06-24,4,1,3501226,4,1,24.0,130,true
2026-06-24,4,1,3501226,5,1,18.0,98,true
2026-06-24,4,1,3501226,6,1,28.0,152,true
2026-06-24,4,1,3501226,7,1,22.0,119,true
2026-06-24,4,1,3501226,8,1,14.0,76,true
2026-06-24,4,1,3501226,9,1,16.0,87,true
2026-06-24,4,1,3501226,10,1,10.0,55,true
2026-06-24,4,1,3501226,11,1,16.0,87,true
2026-06-24,4,1,3501226,12,1,22.0,119,true
2026-06-24,4,1,3501226,13,1,23.0,125,true
2026-06-24,6,1,3500888,1,1,14.0,23,true
2026-06-24,6,1,3500888,2,1,26.0,42,true
2026-06-24,6,1,3500888,3,1,19.0,31,true
2026-06-24,6,1,3500888,4,1,26.0,42,true
2026-06-24,6,1,3500888,5,1,24.0,39,true
2026-06-24,6,1,3500888,6,1,22.0,36,true
2026-06-24,6,1,3500888,7,1,16.0,26,true
2026-06-24,6,1,3500888,8,1,10.0,17,true
2026-06-24,6,1,3500888,9,1,14.0,23,true
2026-06-24,6,1,3500888,10,1,12.0,20,true
2026-06-24,6,1,3500888,11,1,22.0,36,true
2026-06-24,6,1,3500888,12,1,14.0,23,true
2026-06-24,6,1,3500888,13,1,36.0,59,true
2026-06-24,1,3,3500005,1,2,17.0,97,true
2026-06-24,1,3,3500005,2,2,15.0,85,true
2026-06-24,1,3,3500005,3,2,15.0,85,true
2026-06-24,1,3,3500005,4,2,13.0,74,true
2026-06-24,1,3,3500005,5,2,12.0,68,true
2026-06-24,1,3,3500005,6,2,15.0,85,true
2026-06-24,1,3,3500005,7,2,14.0,80,true
2026-06-24,1,3,3500005,8,2,12.0,68,true
2026-06-24,1,3,3500005,9,2,10.0,57,true
2026-06-24,1,3,3500005,10,2,10.0,57,true
2026-06-24,1,3,3500005,11,2,11.0,63,true
2026-06-24,1,3,3500005,12,2,12.0,68,true
2026-06-24,1,3,3500005,13,2,15.0,85,true
2026-06-24,2,3,3500162,1,2,20.0,96,true
2026-06-24,2,3,3500162,2,2,23.0,110,true
2026-06-24,2,3,3500162,3,2,20.0,96,true
2026-06-24,2,3,3500162,4,2,19.0,91,true
2026-06-24,2,3,3500162,5,2,15.0,72,true
2026-06-24,2,3,3500162,6,2,17.0,81,true
2026-06-24,2,3,3500162,7,2,15.0,72,true
2026-06-24,2,3,3500162,8,2,13.0,62,true
2026-06-24,2,3,3500162,9,2,14.0,67,true
2026-06-24,2,3,3500162,10,2,12.0,58,true
2026-06-24,2,3,3500162,11,2,10.0,48,true
2026-06-24,2,3,3500162,12,2,11.0,53,true
2026-06-24,2,3,3500162,13,2,15.0,72,true
2026-06-24,4,3,3501226,1,2,25.0,136,true
2026-06-24,4,3,3501226,2,2,27.0,146,true
2026-06-24,4,3,3501226,3,2,23.0,125,true
2026-06-24,4,3,3501226,4,2,20.0,109,true
2026-06-24,4,3,3501226,5,2,20.0,109,true
2026-06-24,4,3,3501226,6,2,22.0,119,true
2026-06-24,4,3,3501226,7,2,18.0,98,true
2026-06-24,4,3,3501226,8,2,17.0,92,true
2026-06-24,4,3,3501226,9,2,15.0,82,true
2026-06-24,4,3,3501226,10,2,10.0,55,true
2026-06-24,4,3,3501226,11,2,12.0,65,true
2026-06-24,4,3,3501226,12,2,15.0,82,true
2026-06-24,4,3,3501226,13,2,17.0,92,true
2026-06-24,6,3,3500888,1,2,30.0,49,true
2026-06-24,6,3,3500888,2,2,28.0,46,true
2026-06-24,6,3,3500888,3,2,25.0,41,true
2026-06-24,6,3,3500888,4,2,20.0,33,true
2026-06-24,6,3,3500888,5,2,21.0,34,true
2026-06-24,6,3,3500888,6,2,23.0,38,true
2026-06-24,6,3,3500888,7,2,20.0,33,true
2026-06-24,6,3,3500888,8,2,18.0,30,true
2026-06-24,6,3,3500888,9,2,15.0,25,true
2026-06-24,6,3,3500888,10,2,12.0,20,true
2026-06-24,6,3,3500888,11,2,15.0,25,true
2026-06-24,6,3,3500888,12,2,17.0,28,true
2026-06-24,6,3,3500888,13,2,18.0,30,true
2026-06-24,1,2,3500005,1,1,12.0,68,true
2026-06-24,1,2,3500005,2,1,19.0,108,true
2026-06-24,1,2,3500005,3,1,11.0,63,true
2026-06-24,1,2,3500005,4,1,9.0,51,true
2026-06-24,1,2,3500005,5,1,10.0,57,true
2026-06-24,1,2,3500005,6,1,13.0,74,true
2026-06-24,1,2,3500005,7,1,16.0,91,true
2026-06-24,1,2,3500005,8,1,13.0,74,true
2026-06-24,1,2,3500005,9,1,10.0,57,true
2026-06-24,1,2,3500005,10,1,13.0,74,true
2026-06-24,1,2,3500005,11,1,9.0,51,true
2026-06-24,1,2,3500005,12,1,10.0,57,true
2026-06-24,1,2,3500005,13,1,20.0,113,true
2026-06-24,2,2,3500162,1,1,20.0,96,true
2026-06-24,2,2,3500162,2,1,16.0,77,true
2026-06-24,2,2,3500162,3,1,19.0,91,true
2026-06-24,2,2,3500162,4,1,15.0,72,true
2026-06-24,2,2,3500162,5,1,20.0,96,true
2026-06-24,2,2,3500162,6,1,23.0,110,true
2026-06-24,2,2,3500162,7,1,15.0,72,true
2026-06-24,2,2,3500162,8,1,13.0,62,true
2026-06-24,2,2,3500162,9,1,20.0,96,true
2026-06-24,2,2,3500162,10,1,15.0,72,true
2026-06-24,2,2,3500162,11,1,19.0,91,true
2026-06-24,2,2,3500162,12,1,10.0,48,true
2026-06-24,2,2,3500162,13,1,19.0,91,true
2026-06-24,4,2,3501226,1,1,24.0,130,true
2026-06-24,4,2,3501226,2,1,15.0,82,true
2026-06-24,4,2,3501226,3,1,13.0,71,true
2026-06-24,4,2,3501226,4,1,17.0,92,true
2026-06-24,4,2,3501226,5,1,19.0,103,true
2026-06-24,4,2,3501226,6,1,29.0,157,true
2026-06-24,4,2,3501226,7,1,24.0,130,true
2026-06-24,4,2,3501226,8,1,20.0,109,true
2026-06-24,4,2,3501226,9,1,10.0,55,true
2026-06-24,4,2,3501226,10,1,14.0,76,true
2026-06-24,4,2,3501226,11,1,13.0,71,true
2026-06-24,4,2,3501226,12,1,12.0,65,true
2026-06-24,4,2,3501226,13,1,17.0,92,true
2026-06-24,6,2,3500887,1,1,35.0,57,true
2026-06-24,6,2,3500887,2,1,30.0,49,true
2026-06-24,6,2,3500887,3,1,40.0,65,true
2026-06-24,6,2,3500887,4,1,29.0,47,true
2026-06-24,6,2,3500887,5,1,15.0,25,true
2026-06-24,6,2,3500887,6,1,19.0,31,true
2026-06-24,6,2,3500887,7,1,30.0,49,true
2026-06-24,6,2,3500887,8,1,24.0,39,true
2026-06-24,6,2,3500887,9,1,24.0,39,true
2026-06-24,6,2,3500887,10,1,15.0,25,true
2026-06-24,6,2,3500887,11,1,20.0,33,true
2026-06-24,6,2,3500887,12,1,10.0,17,true
2026-06-24,6,2,3500887,13,1,21.0,34,true
2026-06-25,1,2,3500005,1,1,16.0,91,true
2026-06-25,1,2,3500005,2,1,10.0,57,true
2026-06-25,1,2,3500005,3,1,12.0,68,true
2026-06-25,1,2,3500005,4,1,15.0,85,true
2026-06-25,1,2,3500005,5,1,11.0,63,true
2026-06-25,1,2,3500005,6,1,22.0,125,true
2026-06-25,1,2,3500005,7,1,14.0,80,true
2026-06-25,1,2,3500005,8,1,15.0,85,true
2026-06-25,1,2,3500005,9,1,16.0,91,true
2026-06-25,1,2,3500005,10,1,17.0,97,true
2026-06-25,1,2,3500005,11,1,12.0,68,true
2026-06-25,1,2,3500005,12,1,20.0,113,true
2026-06-25,1,2,3500005,13,1,20.0,113,true
2026-06-25,2,2,3500162,1,1,18.0,86,true
2026-06-25,2,2,3500162,2,1,20.0,96,true
2026-06-25,2,2,3500162,3,1,19.0,91,true
2026-06-25,2,2,3500162,4,1,20.0,96,true
2026-06-25,2,2,3500162,5,1,15.0,72,true
2026-06-25,2,2,3500162,6,1,24.0,115,true
2026-06-25,2,2,3500162,7,1,15.0,72,true
2026-06-25,2,2,3500162,8,1,13.0,62,true
2026-06-25,2,2,3500162,9,1,20.0,96,true
2026-06-25,2,2,3500162,10,1,22.0,105,true
2026-06-25,2,2,3500162,11,1,10.0,48,true
2026-06-25,2,2,3500162,12,1,11.0,53,true
2026-06-25,2,2,3500162,13,1,18.0,86,true
2026-06-25,4,2,3501225,1,1,24.0,146,true
2026-06-25,4,2,3501225,2,1,20.0,122,true
2026-06-25,4,2,3501225,3,1,10.0,61,true
2026-06-25,4,2,3501225,4,1,15.0,91,true
2026-06-25,4,2,3501225,5,1,16.0,97,true
2026-06-25,4,2,3501225,6,1,22.0,134,true
2026-06-25,4,2,3501225,7,1,20.0,122,true
2026-06-25,4,2,3501225,8,1,23.0,140,true
2026-06-25,4,2,3501225,9,1,17.0,104,true
2026-06-25,4,2,3501225,10,1,19.0,116,true
2026-06-25,4,2,3501225,11,1,10.0,61,true
2026-06-25,4,2,3501225,12,1,12.0,73,true
2026-06-25,4,2,3501225,13,1,14.0,85,true
2026-06-24,1,3,3500005,1,3,18.0,102,true
2026-06-24,1,3,3500005,2,3,15.0,85,true
2026-06-24,1,3,3500005,3,3,17.0,97,true
2026-06-24,1,3,3500005,4,3,12.0,68,true
2026-06-24,1,3,3500005,5,3,13.0,74,true
2026-06-24,1,3,3500005,6,3,19.0,108,true
2026-06-24,1,3,3500005,7,3,12.0,68,true
2026-06-24,1,3,3500005,8,3,13.0,74,true
2026-06-24,1,3,3500005,9,3,12.0,68,true
2026-06-24,1,3,3500005,10,3,10.0,57,true
2026-06-24,1,3,3500005,11,3,11.0,63,true
2026-06-24,1,3,3500005,12,3,11.0,63,true
2026-06-24,1,3,3500005,13,3,12.0,68,true
2026-06-24,2,3,3500162,1,3,20.0,96,true
2026-06-24,2,3,3500162,2,3,21.0,100,true
2026-06-24,2,3,3500162,3,3,20.0,96,true
2026-06-24,2,3,3500162,4,3,196.0,934,true
2026-06-24,2,3,3500162,5,3,15.0,72,true
2026-06-24,2,3,3500162,6,3,19.0,91,true
2026-06-24,2,3,3500162,7,3,15.0,72,true
2026-06-24,2,3,3500162,8,3,12.0,58,true
2026-06-24,2,3,3500162,9,3,13.0,62,true
2026-06-24,2,3,3500162,10,3,10.0,48,true
2026-06-24,2,3,3500162,11,3,11.0,53,true
2026-06-24,2,3,3500162,12,3,12.0,58,true
2026-06-24,2,3,3500162,13,3,13.0,62,true
2026-06-24,4,3,3501225,1,1,22.0,134,true
2026-06-24,4,3,3501225,2,1,20.0,122,true
2026-06-24,4,3,3501225,3,1,19.0,116,true
2026-06-24,4,3,3501225,4,1,15.0,91,true
2026-06-24,4,3,3501225,5,1,12.0,73,true
2026-06-24,4,3,3501225,6,1,13.0,79,true
2026-06-24,4,3,3501225,7,1,18.0,110,true
2026-06-24,4,3,3501225,8,1,17.0,104,true
2026-06-24,4,3,3501225,9,1,15.0,91,true
2026-06-24,4,3,3501225,10,1,12.0,73,true
2026-06-24,4,3,3501225,11,1,10.0,61,true
2026-06-24,4,3,3501225,12,1,12.0,73,true
2026-06-24,4,3,3501225,13,1,13.0,79,true
2026-06-24,6,3,3500887,1,1,30.0,49,true
2026-06-24,6,3,3500887,2,1,28.0,46,true
2026-06-24,6,3,3500887,3,1,21.0,34,true
2026-06-24,6,3,3500887,4,1,20.0,33,true
2026-06-24,6,3,3500887,5,1,20.0,33,true
2026-06-24,6,3,3500887,6,1,22.0,36,true
2026-06-24,6,3,3500887,7,1,21.0,34,true
2026-06-24,6,3,3500887,8,1,20.0,33,true
2026-06-24,6,3,3500887,9,1,19.0,31,true
2026-06-24,6,3,3500887,10,1,15.0,25,true
2026-06-24,6,3,3500887,11,1,13.0,21,true
2026-06-24,6,3,3500887,12,1,12.0,20,true
2026-06-24,6,3,3500887,13,1,10.0,17,true
2026-06-25,1,3,3500005,1,1,18.0,102,true
2026-06-25,1,3,3500005,2,1,15.0,85,true
2026-06-25,1,3,3500005,3,1,12.0,68,true
2026-06-25,1,3,3500005,4,1,13.0,74,true
2026-06-25,1,3,3500005,5,1,16.0,91,true
2026-06-25,1,3,3500005,6,1,15.0,85,true
2026-06-25,1,3,3500005,7,1,12.0,68,true
2026-06-25,1,3,3500005,8,1,13.0,74,true
2026-06-25,1,3,3500005,9,1,10.0,57,true
2026-06-25,1,3,3500005,10,1,12.0,68,true
2026-06-25,1,3,3500005,11,1,15.0,85,true
2026-06-25,1,3,3500005,12,1,16.0,91,true
2026-06-25,1,3,3500005,13,1,15.0,85,true
2026-06-25,2,3,3500162,1,1,20.0,96,true
2026-06-25,2,3,3500162,2,1,22.0,105,true
2026-06-25,2,3,3500162,3,1,20.0,96,true
2026-06-25,2,3,3500162,4,1,18.0,86,true
2026-06-25,2,3,3500162,5,1,19.0,91,true
2026-06-25,2,3,3500162,6,1,22.0,105,true
2026-06-25,2,3,3500162,7,1,18.0,86,true
2026-06-25,2,3,3500162,8,1,12.0,58,true
2026-06-25,2,3,3500162,9,1,17.0,81,true
2026-06-25,2,3,3500162,10,1,13.0,62,true
2026-06-25,2,3,3500162,11,1,12.0,58,true
2026-06-25,2,3,3500162,12,1,10.0,48,true
2026-06-25,2,3,3500162,13,1,15.0,72,true
2026-06-25,4,3,3501225,1,1,22.0,134,true
2026-06-25,4,3,3501225,2,1,21.0,128,true
2026-06-25,4,3,3501225,3,1,20.0,122,true
2026-06-25,4,3,3501225,4,1,18.0,110,true
2026-06-25,4,3,3501225,5,1,15.0,91,true
2026-06-25,4,3,3501225,6,1,19.0,116,true
2026-06-25,4,3,3501225,7,1,18.0,110,true
2026-06-25,4,3,3501225,8,1,15.0,91,true
2026-06-25,4,3,3501225,9,1,12.0,73,true
2026-06-25,4,3,3501225,10,1,13.0,79,true
2026-06-25,4,3,3501225,11,1,10.0,61,true
2026-06-25,4,3,3501225,12,1,11.0,67,true
2026-06-25,4,3,3501225,13,1,15.0,91,true
2026-06-26,1,1,3500005,1,1,11.0,63,true
2026-06-26,1,1,3500005,2,1,14.0,80,true
2026-06-26,1,1,3500005,3,1,16.0,91,true
2026-06-26,1,1,3500005,4,1,16.0,91,true
2026-06-26,1,1,3500005,5,1,12.0,68,true
2026-06-26,1,1,3500005,6,1,25.0,142,true
2026-06-26,1,1,3500005,7,1,12.0,68,true
2026-06-26,1,1,3500005,8,1,10.0,57,true
2026-06-26,1,1,3500005,9,1,9.0,51,true
2026-06-26,1,1,3500005,10,1,11.0,63,true
2026-06-26,1,1,3500005,11,1,16.0,91,true
2026-06-26,1,1,3500005,12,1,12.0,68,true
2026-06-26,1,1,3500005,13,1,20.0,113,true
2026-06-26,2,1,3500162,1,1,22.0,105,true
2026-06-26,2,1,3500162,2,1,16.0,77,true
2026-06-26,2,1,3500162,3,1,14.0,67,true
2026-06-26,2,1,3500162,4,1,16.0,77,true
2026-06-26,2,1,3500162,5,1,11.0,53,true
2026-06-26,2,1,3500162,6,1,23.0,110,true
2026-06-26,2,1,3500162,7,1,14.0,67,true
2026-06-26,2,1,3500162,8,1,11.0,53,true
2026-06-26,2,1,3500162,9,1,16.0,77,true
2026-06-26,2,1,3500162,10,1,12.0,58,true
2026-06-26,2,1,3500162,11,1,14.0,67,true
2026-06-26,2,1,3500162,12,1,18.0,86,true
2026-06-26,2,1,3500162,13,1,21.0,100,true
2026-06-26,4,1,3501225,1,1,36.0,219,true
2026-06-26,4,1,3501225,2,1,20.0,122,true
2026-06-26,4,1,3501225,3,1,16.0,97,true
2026-06-26,4,1,3501225,4,1,16.0,97,true
2026-06-26,4,1,3501225,5,1,12.0,73,true
2026-06-26,4,1,3501225,6,1,20.0,122,true
2026-06-26,4,1,3501225,7,1,18.0,110,true
2026-06-26,4,1,3501225,8,1,12.0,73,true
2026-06-26,4,1,3501225,9,1,12.0,73,true
2026-06-26,4,1,3501225,10,1,14.0,85,true
2026-06-26,4,1,3501225,11,1,16.0,97,true
2026-06-26,4,1,3501225,12,1,18.0,110,true
2026-06-26,4,1,3501225,13,1,23.0,140,true
2026-06-26,1,2,3500005,1,1,15.0,85,true
2026-06-26,1,2,3500005,2,1,12.0,68,true
2026-06-26,1,2,3500005,3,1,20.0,113,true
2026-06-26,1,2,3500005,4,1,12.0,68,true
2026-06-26,1,2,3500005,5,1,13.0,74,true
2026-06-26,1,2,3500005,6,1,33.0,187,true
2026-06-26,1,2,3500005,7,1,17.0,97,true
2026-06-26,1,2,3500005,8,1,13.0,74,true
2026-06-26,1,2,3500005,9,1,10.0,57,true
2026-06-26,1,2,3500005,10,1,9.0,51,true
2026-06-26,1,2,3500005,11,1,12.0,68,true
2026-06-26,1,2,3500005,12,1,20.0,113,true
2026-06-26,1,2,3500005,13,1,14.0,80,true
2026-06-26,2,2,3500162,1,1,23.0,110,true
2026-06-26,2,2,3500162,2,1,17.0,81,true
2026-06-26,2,2,3500162,3,1,20.0,96,true
2026-06-26,2,2,3500162,4,1,14.0,67,true
2026-06-26,2,2,3500162,5,1,20.0,96,true
2026-06-26,2,2,3500162,6,1,25.0,120,true
2026-06-26,2,2,3500162,7,1,20.0,96,true
2026-06-26,2,2,3500162,8,1,23.0,110,true
2026-06-26,2,2,3500162,9,1,15.0,72,true
2026-06-26,2,2,3500162,10,1,17.0,81,true
2026-06-26,2,2,3500162,11,1,12.0,58,true
2026-06-26,2,2,3500162,12,1,10.0,48,true
2026-06-26,2,2,3500162,13,1,20.0,96,true
2026-06-26,4,2,3501225,1,1,30.0,182,true
2026-06-26,4,2,3501225,2,1,19.0,116,true
2026-06-26,4,2,3501225,3,1,24.0,146,true
2026-06-26,4,2,3501225,4,1,16.0,97,true
2026-06-26,4,2,3501225,5,1,13.0,79,true
2026-06-26,4,2,3501225,6,1,20.0,122,true
2026-06-26,4,2,3501225,7,1,24.0,146,true
2026-06-26,4,2,3501225,8,1,20.0,122,true
2026-06-26,4,2,3501225,9,1,19.0,116,true
2026-06-26,4,2,3501225,10,1,13.0,79,true
2026-06-26,4,2,3501225,11,1,10.0,61,true
2026-06-26,4,2,3501225,12,1,13.0,79,true
2026-06-26,4,2,3501225,13,1,20.0,122,true
2026-06-27,1,1,3500005,1,1,10.0,57,true
2026-06-27,1,1,3500005,2,1,14.0,80,true
2026-06-27,1,1,3500005,3,1,16.0,91,true
2026-06-27,1,1,3500005,4,1,16.0,91,true
2026-06-27,1,1,3500005,5,1,14.0,80,true
2026-06-27,1,1,3500005,6,1,19.0,108,true
2026-06-27,1,1,3500005,7,1,14.0,80,true
2026-06-27,1,1,3500005,8,1,10.0,57,true
2026-06-27,1,1,3500005,9,1,11.0,63,true
2026-06-27,1,1,3500005,10,1,12.0,68,true
2026-06-27,1,1,3500005,11,1,14.0,80,true
2026-06-27,1,1,3500005,12,1,11.0,63,true
2026-06-27,1,1,3500005,13,1,21.0,119,true
2026-06-27,2,1,3500162,1,1,24.0,115,true
2026-06-27,2,1,3500162,2,1,18.0,86,true
2026-06-27,2,1,3500162,3,1,14.0,67,true
2026-06-27,2,1,3500162,4,1,12.0,58,true
2026-06-27,2,1,3500162,5,1,11.0,53,true
2026-06-27,2,1,3500162,6,1,21.0,100,true
2026-06-27,2,1,3500162,7,1,12.0,58,true
2026-06-27,2,1,3500162,8,1,10.0,48,true
2026-06-27,2,1,3500162,9,1,16.0,77,true
2026-06-27,2,1,3500162,10,1,10.0,48,true
2026-06-27,2,1,3500162,11,1,14.0,67,true
2026-06-27,2,1,3500162,12,1,18.0,86,true
2026-06-27,2,1,3500162,13,1,19.0,91,true
2026-06-27,4,1,3501430,1,1,22.0,69,true
2026-06-27,4,1,3501430,2,1,14.0,44,true
2026-06-27,4,1,3501430,3,1,14.0,44,true
2026-06-27,4,1,3501430,4,1,12.0,38,true
2026-06-27,4,1,3501430,5,1,11.0,35,true
2026-06-27,4,1,3501430,6,1,23.0,72,true
2026-06-27,4,1,3501430,7,1,14.0,44,true
2026-06-27,4,1,3501430,8,1,10.0,32,true
2026-06-27,4,1,3501430,9,1,18.0,57,true
2026-06-27,4,1,3501430,10,1,10.0,32,true
2026-06-27,4,1,3501430,11,1,14.0,44,true
2026-06-27,4,1,3501430,12,1,16.0,50,true
2026-06-27,4,1,3501430,13,1,16.0,50,true
2026-06-27,1,2,3500005,1,1,16.0,91,true
2026-06-27,1,2,3500005,2,1,12.0,68,true
2026-06-27,1,2,3500005,3,1,13.0,74,true
2026-06-27,1,2,3500005,4,1,17.0,97,true
2026-06-27,1,2,3500005,5,1,20.0,113,true
2026-06-27,1,2,3500005,6,1,19.0,108,true
2026-06-27,1,2,3500005,7,1,14.0,80,true
2026-06-27,1,2,3500005,8,1,12.0,68,true
2026-06-27,1,2,3500005,9,1,20.0,113,true
2026-06-27,1,2,3500005,10,1,15.0,85,true
2026-06-27,1,2,3500005,11,1,10.0,57,true
2026-06-27,1,2,3500005,12,1,12.0,68,true
2026-06-27,1,2,3500005,13,1,21.0,119,true
2026-06-27,2,2,3500162,1,1,40.0,191,true
2026-06-27,2,2,3500162,2,1,24.0,115,true
2026-06-27,2,2,3500162,3,1,19.0,91,true
2026-06-27,2,2,3500162,4,1,15.0,72,true
2026-06-27,2,2,3500162,5,1,20.0,96,true
2026-06-27,2,2,3500162,6,1,24.0,115,true
2026-06-27,2,2,3500162,7,1,24.0,115,true
2026-06-27,2,2,3500162,8,1,10.0,48,true
2026-06-27,2,2,3500162,9,1,24.0,115,true
2026-06-27,2,2,3500162,10,1,20.0,96,true
2026-06-27,2,2,3500162,11,1,16.0,77,true
2026-06-27,2,2,3500162,12,1,12.0,58,true
2026-06-27,2,2,3500162,13,1,19.0,91,true
2026-06-27,4,2,3501430,1,1,24.0,75,true
2026-06-27,4,2,3501430,2,1,20.0,63,true
2026-06-27,4,2,3501430,3,1,15.0,47,true
2026-06-27,4,2,3501430,4,1,12.0,38,true
2026-06-27,4,2,3501430,5,1,10.0,32,true
2026-06-27,4,2,3501430,6,1,21.0,66,true
2026-06-27,4,2,3501430,7,1,20.0,63,true
2026-06-27,4,2,3501430,8,1,30.0,94,true
2026-06-27,4,2,3501430,9,1,24.0,75,true
2026-06-27,4,2,3501430,10,1,10.0,32,true
2026-06-27,4,2,3501430,11,1,12.0,38,true
2026-06-27,4,2,3501430,12,1,13.0,41,true
2026-06-27,4,2,3501430,13,1,20.0,63,true
2026-06-26,1,3,3500005,1,1,15.0,85,true
2026-06-26,1,3,3500005,2,1,12.0,68,true
2026-06-26,1,3,3500005,3,1,13.0,74,true
2026-06-26,1,3,3500005,4,1,10.0,57,true
2026-06-26,1,3,3500005,5,1,11.0,63,true
2026-06-26,1,3,3500005,6,1,13.0,74,true
2026-06-26,1,3,3500005,7,1,12.0,68,true
2026-06-26,1,3,3500005,8,1,12.0,68,true
2026-06-26,1,3,3500005,9,1,10.0,57,true
2026-06-26,1,3,3500005,10,1,10.0,57,true
2026-06-26,1,3,3500005,11,1,11.0,63,true
2026-06-26,1,3,3500005,12,1,9.0,51,true
2026-06-26,1,3,3500005,13,1,12.0,68,true
2026-06-26,2,3,3500162,1,1,18.0,86,true
2026-06-26,2,3,3500162,2,1,17.0,81,true
2026-06-26,2,3,3500162,3,1,12.0,58,true
2026-06-26,2,3,3500162,4,1,15.0,72,true
2026-06-26,2,3,3500162,5,1,12.0,58,true
2026-06-26,2,3,3500162,6,1,14.0,67,true
2026-06-26,2,3,3500162,7,1,13.0,62,true
2026-06-26,2,3,3500162,8,1,12.0,58,true
2026-06-26,2,3,3500162,9,1,10.0,48,true
2026-06-26,2,3,3500162,10,1,12.0,58,true
2026-06-26,2,3,3500162,11,1,11.0,53,true
2026-06-26,2,3,3500162,12,1,18.0,86,true
2026-06-26,2,3,3500162,13,1,12.0,58,true
2026-06-26,4,3,3501430,1,1,20.0,63,true
2026-06-26,4,3,3501430,2,1,20.0,63,true
2026-06-26,4,3,3501430,3,1,18.0,57,true
2026-06-26,4,3,3501430,4,1,15.0,47,true
2026-06-26,4,3,3501430,5,1,12.0,38,true
2026-06-26,4,3,3501430,6,1,15.0,47,true
2026-06-26,4,3,3501430,7,1,15.0,47,true
2026-06-26,4,3,3501430,8,1,10.0,32,true
2026-06-26,4,3,3501430,9,1,13.0,41,true
2026-06-26,4,3,3501430,10,1,12.0,38,true
2026-06-26,4,3,3501430,11,1,10.0,32,true
2026-06-26,4,3,3501430,12,1,10.0,32,true
2026-06-26,4,3,3501430,13,1,12.0,38,true
2026-06-28,1,1,3500005,1,1,11.0,63,true
2026-06-28,1,1,3500005,2,1,12.0,68,true
2026-06-28,1,1,3500005,3,1,10.0,57,true
2026-06-28,1,1,3500005,4,1,9.0,51,true
2026-06-28,1,1,3500005,5,1,11.0,63,true
2026-06-28,1,1,3500005,6,1,15.0,85,true
2026-06-28,1,1,3500005,7,1,12.0,68,true
2026-06-28,1,1,3500005,8,1,11.0,63,true
2026-06-28,1,1,3500005,9,1,10.0,57,true
2026-06-28,1,1,3500005,10,1,10.0,57,true
2026-06-28,1,1,3500005,11,1,12.0,68,true
2026-06-28,1,1,3500005,12,1,13.0,74,true
2026-06-28,1,1,3500005,13,1,21.0,119,true
2026-06-28,2,1,3501430,1,1,30.0,94,true
2026-06-28,2,1,3501430,2,1,24.0,75,true
2026-06-28,2,1,3501430,3,1,10.0,32,true
2026-06-28,2,1,3501430,4,1,15.0,47,true
2026-06-28,2,1,3501430,5,1,10.0,32,true
2026-06-28,2,1,3501430,6,1,12.0,38,true
2026-06-28,2,1,3501430,7,1,20.0,63,true
2026-06-28,2,1,3501430,8,1,13.0,41,true
2026-06-28,2,1,3501430,9,1,17.0,53,true
2026-06-28,2,1,3501430,10,1,10.0,32,true
2026-06-28,2,1,3501430,11,1,21.0,66,true
2026-06-28,2,1,3501430,12,1,11.0,35,true
2026-06-28,2,1,3501430,13,1,19.0,60,true
2026-06-28,1,2,3500005,1,1,13.0,74,true
2026-06-28,1,2,3500005,2,1,14.0,80,true
2026-06-28,1,2,3500005,3,1,16.0,91,true
2026-06-28,1,2,3500005,4,1,10.0,57,true
2026-06-28,1,2,3500005,5,1,9.0,51,true
2026-06-28,1,2,3500005,6,1,18.0,102,true
2026-06-28,1,2,3500005,7,1,12.0,68,true
2026-06-28,1,2,3500005,8,1,13.0,74,true
2026-06-28,1,2,3500005,9,1,8.0,46,true
2026-06-28,1,2,3500005,10,1,15.0,85,true
2026-06-28,1,2,3500005,11,1,17.0,97,true
2026-06-28,1,2,3500005,12,1,18.0,102,true
2026-06-28,1,2,3500005,13,1,39.0,221,true
2026-06-28,2,2,3501430,1,1,10.0,32,true
2026-06-28,2,2,3501430,2,1,11.0,35,true
2026-06-28,2,2,3501430,3,1,13.0,41,true
2026-06-28,2,2,3501430,4,1,16.0,50,true
2026-06-28,2,2,3501430,5,1,18.0,57,true
2026-06-28,2,2,3501430,6,1,39.0,122,true
2026-06-28,2,2,3501430,7,1,17.0,53,true
2026-06-28,2,2,3501430,8,1,15.0,47,true
2026-06-28,2,2,3501430,9,1,8.0,25,true
2026-06-28,2,2,3501430,10,1,7.0,22,true
2026-06-28,2,2,3501430,11,1,8.0,25,true
2026-06-28,2,2,3501430,12,1,14.0,44,true
2026-06-28,2,2,3501430,13,1,21.0,66,true
2026-06-29,1,3,3500005,1,1,10.0,57,true
2026-06-29,1,3,3500005,2,1,12.0,68,true
2026-06-29,1,3,3500005,3,1,16.0,91,true
2026-06-29,1,3,3500005,4,1,14.0,80,true
2026-06-29,1,3,3500005,5,1,16.0,91,true
2026-06-29,1,3,3500005,6,1,20.0,113,true
2026-06-29,1,3,3500005,7,1,10.0,57,true
2026-06-29,1,3,3500005,8,1,10.0,57,true
2026-06-29,1,3,3500005,9,1,11.0,63,true
2026-06-29,1,3,3500005,10,1,12.0,68,true
2026-06-29,1,3,3500005,11,1,14.0,80,true
2026-06-29,1,3,3500005,12,1,16.0,91,true
2026-06-29,1,3,3500005,13,1,20.0,113,true
2026-06-29,2,3,3501430,1,1,16.0,50,true
2026-06-29,2,3,3501430,2,1,14.0,44,true
2026-06-29,2,3,3501430,3,1,14.0,44,true
2026-06-29,2,3,3501430,4,1,14.0,44,true
2026-06-29,2,3,3501430,5,1,12.0,38,true
2026-06-29,2,3,3501430,6,1,19.0,60,true
2026-06-29,2,3,3501430,7,1,10.0,32,true
2026-06-29,2,3,3501430,8,1,7.0,22,true
2026-06-29,2,3,3501430,9,1,12.0,38,true
2026-06-29,2,3,3501430,10,1,10.0,32,true
2026-06-29,2,3,3501430,11,1,16.0,50,true
2026-06-29,2,3,3501430,12,1,14.0,44,true
2026-06-29,2,3,3501430,13,1,18.0,57,true
2026-06-29,6,3,3500888,1,1,16.0,26,true
2026-06-29,6,3,3500888,2,1,0.0,0,true
2026-06-29,6,3,3500888,3,1,0.0,0,true
2026-06-29,6,3,3500888,4,1,0.0,0,true
2026-06-29,6,3,3500888,5,1,0.0,0,true
2026-06-29,6,3,3500888,6,1,0.0,0,true
2026-06-29,6,3,3500888,7,1,0.0,0,true
2026-06-29,6,3,3500888,8,1,0.0,0,true
2026-06-29,6,3,3500888,9,1,7.0,12,true
2026-06-29,6,3,3500888,10,1,0.0,0,true
2026-06-29,6,3,3500888,11,1,0.0,0,true
2026-06-29,6,3,3500888,12,1,0.0,0,true
2026-06-29,6,3,3500888,13,1,0.0,0,true
2026-06-29,1,3,3500005,1,2,12.0,68,true
2026-06-29,1,3,3500005,2,2,13.0,74,true
2026-06-29,1,3,3500005,3,2,10.0,57,true
2026-06-29,1,3,3500005,4,2,11.0,63,true
2026-06-29,1,3,3500005,5,2,9.0,51,true
2026-06-29,1,3,3500005,6,2,17.0,97,true
2026-06-29,1,3,3500005,7,2,15.0,85,true
2026-06-29,1,3,3500005,8,2,10.0,57,true
2026-06-29,1,3,3500005,9,2,13.0,74,true
2026-06-29,1,3,3500005,10,2,8.0,46,true
2026-06-29,1,3,3500005,11,2,11.0,63,true
2026-06-29,1,3,3500005,12,2,10.0,57,true
2026-06-29,1,3,3500005,13,2,21.0,119,true
2026-06-29,2,3,3501430,1,2,24.0,75,true
2026-06-29,2,3,3501430,2,2,20.0,63,true
2026-06-29,2,3,3501430,3,2,10.0,32,true
2026-06-29,2,3,3501430,4,2,15.0,47,true
2026-06-29,2,3,3501430,5,2,17.0,53,true
2026-06-29,2,3,3501430,6,2,29.0,91,true
2026-06-29,2,3,3501430,7,2,20.0,63,true
2026-06-29,2,3,3501430,8,2,13.0,41,true
2026-06-29,2,3,3501430,9,2,13.0,41,true
2026-06-29,2,3,3501430,10,2,33.0,103,true
2026-06-29,2,3,3501430,11,2,10.0,32,true
2026-06-29,2,3,3501430,12,2,12.0,38,true
2026-06-29,2,3,3501430,13,2,22.0,69,true
2026-06-29,4,3,3500162,1,1,30.0,143,true
2026-06-29,4,3,3500162,2,1,20.0,96,true
2026-06-29,4,3,3500162,3,1,20.0,96,true
2026-06-29,4,3,3500162,4,1,15.0,72,true
2026-06-29,4,3,3500162,5,1,16.0,77,true
2026-06-29,4,3,3500162,6,1,27.0,129,true
2026-06-29,4,3,3500162,7,1,24.0,115,true
2026-06-29,4,3,3500162,8,1,20.0,96,true
2026-06-29,4,3,3500162,9,1,21.0,100,true
2026-06-29,4,3,3500162,10,1,13.0,62,true
2026-06-29,4,3,3500162,11,1,10.0,48,true
2026-06-29,4,3,3500162,12,1,15.0,72,true
2026-06-29,4,3,3500162,13,1,21.0,100,true
2026-06-29,6,3,3500888,1,2,40.0,65,true
2026-06-29,6,3,3500888,2,2,30.0,49,true
2026-06-29,6,3,3500888,3,2,19.0,31,true
2026-06-29,6,3,3500888,4,2,15.0,25,true
2026-06-29,6,3,3500888,5,2,13.0,21,true
2026-06-29,6,3,3500888,6,2,19.0,31,true
2026-06-29,6,3,3500888,7,2,35.0,57,true
2026-06-29,6,3,3500888,8,2,30.0,49,true
2026-06-29,6,3,3500888,9,2,24.0,39,true
2026-06-29,6,3,3500888,10,2,17.0,28,true
2026-06-29,6,3,3500888,11,2,20.0,33,true
2026-06-29,6,3,3500888,12,2,10.0,17,true
2026-06-29,6,3,3500888,13,2,19.0,31,true
2026-06-30,1,3,3500005,1,1,10.0,57,true
2026-06-30,1,3,3500005,2,1,16.0,91,true
2026-06-30,1,3,3500005,3,1,14.0,80,true
2026-06-30,1,3,3500005,4,1,11.0,63,true
2026-06-30,1,3,3500005,5,1,12.0,68,true
2026-06-30,1,3,3500005,6,1,23.0,130,true
2026-06-30,1,3,3500005,7,1,14.0,80,true
2026-06-30,1,3,3500005,8,1,10.0,57,true
2026-06-30,1,3,3500005,9,1,11.0,63,true
2026-06-30,1,3,3500005,10,1,12.0,68,true
2026-06-30,1,3,3500005,11,1,14.0,80,true
2026-06-30,1,3,3500005,12,1,16.0,91,true
2026-06-30,1,3,3500005,13,1,19.0,108,true
2026-06-30,2,3,3501430,1,1,24.0,75,true
2026-06-30,2,3,3501430,2,1,18.0,57,true
2026-06-30,2,3,3501430,3,1,16.0,50,true
2026-06-30,2,3,3501430,4,1,12.0,38,true
2026-06-30,2,3,3501430,5,1,14.0,44,true
2026-06-30,2,3,3501430,6,1,18.0,57,true
2026-06-30,2,3,3501430,7,1,14.0,44,true
2026-06-30,2,3,3501430,8,1,11.0,35,true
2026-06-30,2,3,3501430,9,1,20.0,63,true
2026-06-30,2,3,3501430,10,1,11.0,35,true
2026-06-30,2,3,3501430,11,1,14.0,44,true
2026-06-30,2,3,3501430,12,1,18.0,57,true
2026-06-30,2,3,3501430,13,1,20.0,63,true
2026-06-30,4,3,3500162,1,1,22.0,105,true
2026-06-30,4,3,3500162,2,1,16.0,77,true
2026-06-30,4,3,3500162,3,1,19.0,91,true
2026-06-30,4,3,3500162,4,1,16.0,77,true
2026-06-30,4,3,3500162,5,1,14.0,67,true
2026-06-30,4,3,3500162,6,1,24.0,115,true
2026-06-30,4,3,3500162,7,1,18.0,86,true
2026-06-30,4,3,3500162,8,1,12.0,58,true
2026-06-30,4,3,3500162,9,1,11.0,53,true
2026-06-30,4,3,3500162,10,1,10.0,48,true
2026-06-30,4,3,3500162,11,1,14.0,67,true
2026-06-30,4,3,3500162,12,1,16.0,77,true
2026-06-30,4,3,3500162,13,1,18.0,86,true
2026-06-30,6,3,3500888,1,1,11.0,18,true
2026-06-30,6,3,3500888,2,1,24.0,39,true
2026-06-30,6,3,3500888,3,1,32.0,52,true
2026-06-30,6,3,3500888,4,1,30.0,49,true
2026-06-30,6,3,3500888,5,1,24.0,39,true
2026-06-30,6,3,3500888,6,1,24.0,39,true
2026-06-30,6,3,3500888,7,1,22.0,36,true
2026-06-30,6,3,3500888,8,1,10.0,17,true
2026-06-30,6,3,3500888,9,1,11.0,18,true
2026-06-30,6,3,3500888,10,1,7.0,12,true
2026-06-30,6,3,3500888,11,1,16.0,26,true
2026-06-30,6,3,3500888,12,1,12.0,20,true
2026-06-30,6,3,3500888,13,1,29.0,47,true
2026-06-30,1,2,3500005,1,1,18.0,102,true
2026-06-30,1,2,3500005,2,1,22.0,125,true
2026-06-30,1,2,3500005,3,1,15.0,85,true
2026-06-30,1,2,3500005,4,1,12.0,68,true
2026-06-30,1,2,3500005,5,1,13.0,74,true
2026-06-30,1,2,3500005,6,1,15.0,85,true
2026-06-30,1,2,3500005,7,1,13.0,74,true
2026-06-30,1,2,3500005,8,1,12.0,68,true
2026-06-30,1,2,3500005,9,1,10.0,57,true
2026-06-30,1,2,3500005,10,1,11.0,63,true
2026-06-30,1,2,3500005,11,1,10.0,57,true
2026-06-30,1,2,3500005,12,1,12.0,68,true
2026-06-30,1,2,3500005,13,1,11.0,63,true
2026-06-30,2,2,3500162,1,1,20.0,96,true
2026-06-30,2,2,3500162,2,1,18.0,86,true
2026-06-30,2,2,3500162,3,1,15.0,72,true
2026-06-30,2,2,3500162,4,1,12.0,58,true
2026-06-30,2,2,3500162,5,1,13.0,62,true
2026-06-30,2,2,3500162,6,1,18.0,86,true
2026-06-30,2,2,3500162,7,1,15.0,72,true
2026-06-30,2,2,3500162,8,1,12.0,58,true
2026-06-30,2,2,3500162,9,1,13.0,62,true
2026-06-30,2,2,3500162,10,1,10.0,48,true
2026-06-30,2,2,3500162,11,1,10.0,48,true
2026-06-30,2,2,3500162,12,1,12.0,58,true
2026-06-30,2,2,3500162,13,1,13.0,62,true
2026-06-30,4,2,3500446,1,1,25.0,108,true
2026-06-30,4,2,3500446,2,1,28.0,121,true
2026-06-30,4,2,3500446,3,1,22.0,95,true
2026-06-30,4,2,3500446,4,1,20.0,87,true
2026-06-30,4,2,3500446,5,1,18.0,78,true
2026-06-30,4,2,3500446,6,1,22.0,95,true
2026-06-30,4,2,3500446,7,1,18.0,78,true
2026-06-30,4,2,3500446,8,1,15.0,65,true
2026-06-30,4,2,3500446,9,1,10.0,44,true
2026-06-30,4,2,3500446,10,1,10.0,44,true
2026-06-30,4,2,3500446,11,1,12.0,52,true
2026-06-30,4,2,3500446,12,1,20.0,87,true
2026-06-30,4,2,3500446,13,1,21.0,91,true
2026-06-30,6,2,3500888,1,1,38.0,62,true
2026-06-30,6,2,3500888,2,1,32.0,52,true
2026-06-30,6,2,3500888,3,1,30.0,49,true
2026-06-30,6,2,3500888,4,1,28.0,46,true
2026-06-30,6,2,3500888,5,1,20.0,33,true
2026-06-30,6,2,3500888,6,1,22.0,36,true
2026-06-30,6,2,3500888,7,1,20.0,33,true
2026-06-30,6,2,3500888,8,1,18.0,30,true
2026-06-30,6,2,3500888,9,1,15.0,25,true
2026-06-30,6,2,3500888,10,1,12.0,20,true
2026-06-30,6,2,3500888,11,1,10.0,17,true
2026-06-30,6,2,3500888,12,1,12.0,20,true
2026-06-30,6,2,3500888,13,1,13.0,21,true
2026-06-30,1,1,3500005,1,1,10.0,57,true
2026-06-30,1,1,3500005,2,1,12.0,68,true
2026-06-30,1,1,3500005,3,1,13.0,74,true
2026-06-30,1,1,3500005,4,1,15.0,85,true
2026-06-30,1,1,3500005,5,1,13.0,74,true
2026-06-30,1,1,3500005,6,1,15.0,85,true
2026-06-30,1,1,3500005,7,1,11.0,63,true
2026-06-30,1,1,3500005,8,1,12.0,68,true
2026-06-30,1,1,3500005,9,1,12.0,68,true
2026-06-30,1,1,3500005,10,1,10.0,57,true
2026-06-30,1,1,3500005,11,1,15.0,85,true
2026-06-30,1,1,3500005,12,1,15.0,85,true
2026-06-30,1,1,3500005,13,1,10.0,57,true
2026-06-30,2,1,3501430,1,1,15.0,47,true
2026-06-30,2,1,3501430,2,1,20.0,63,true
2026-06-30,2,1,3501430,3,1,25.0,78,true
2026-06-30,2,1,3501430,4,1,18.0,57,true
2026-06-30,2,1,3501430,5,1,17.0,53,true
2026-06-30,2,1,3501430,6,1,37.0,116,true
2026-06-30,2,1,3501430,7,1,27.0,85,true
2026-06-30,2,1,3501430,8,1,26.0,82,true
2026-06-30,2,1,3501430,9,1,18.0,57,true
2026-06-30,2,1,3501430,10,1,13.0,41,true
2026-06-30,2,1,3501430,11,1,20.0,63,true
2026-06-30,2,1,3501430,12,1,30.0,94,true
2026-06-30,2,1,3501430,13,1,20.0,63,true
2026-06-30,4,1,3500446,1,1,18.0,78,true
2026-06-30,4,1,3500446,2,1,30.0,130,true
2026-06-30,4,1,3500446,3,1,25.0,108,true
2026-06-30,4,1,3500446,4,1,15.0,65,true
2026-06-30,4,1,3500446,5,1,10.0,44,true
2026-06-30,4,1,3500446,6,1,20.0,87,true
2026-06-30,4,1,3500446,7,1,13.0,57,true
2026-06-30,4,1,3500446,8,1,15.0,65,true
2026-06-30,4,1,3500446,9,1,10.0,44,true
2026-06-30,4,1,3500446,10,1,10.0,44,true
2026-06-30,4,1,3500446,11,1,18.0,78,true
2026-06-30,4,1,3500446,12,1,35.0,151,true
2026-06-30,4,1,3500446,13,1,30.0,130,true
2026-06-30,6,1,3500888,1,1,13.0,21,true
2026-06-30,6,1,3500888,2,1,18.0,30,true
2026-06-30,6,1,3500888,3,1,20.0,33,true
2026-06-30,6,1,3500888,4,1,25.0,41,true
2026-06-30,6,1,3500888,5,1,30.0,49,true
2026-06-30,6,1,3500888,6,1,30.0,49,true
2026-06-30,6,1,3500888,7,1,15.0,25,true
2026-06-30,6,1,3500888,8,1,13.0,21,true
2026-06-30,6,1,3500888,9,1,10.0,17,true
2026-06-30,6,1,3500888,10,1,15.0,25,true
2026-06-30,6,1,3500888,11,1,25.0,41,true
2026-06-30,6,1,3500888,12,1,26.0,42,true
2026-06-30,6,1,3500888,13,1,25.0,41,true
2026-07-01,1,3,3500005,1,1,14.0,80,true
2026-07-01,1,3,3500005,2,1,16.0,91,true
2026-07-01,1,3,3500005,3,1,11.0,63,true
2026-07-01,1,3,3500005,4,1,12.0,68,true
2026-07-01,1,3,3500005,5,1,13.0,74,true
2026-07-01,1,3,3500005,6,1,19.0,108,true
2026-07-01,1,3,3500005,7,1,10.0,57,true
2026-07-01,1,3,3500005,8,1,13.0,74,true
2026-07-01,1,3,3500005,9,1,11.0,63,true
2026-07-01,1,3,3500005,10,1,9.0,51,true
2026-07-01,1,3,3500005,11,1,6.0,34,true
2026-07-01,1,3,3500005,12,1,12.0,68,true
2026-07-01,1,3,3500005,13,1,23.0,130,true
2026-07-01,2,3,3500162,1,1,18.0,86,true
2026-07-01,2,3,3500162,2,1,19.0,91,true
2026-07-01,2,3,3500162,3,1,13.0,62,true
2026-07-01,2,3,3500162,4,1,15.0,72,true
2026-07-01,2,3,3500162,5,1,10.0,48,true
2026-07-01,2,3,3500162,6,1,26.0,124,true
2026-07-01,2,3,3500162,7,1,12.0,58,true
2026-07-01,2,3,3500162,8,1,11.0,53,true
2026-07-01,2,3,3500162,9,1,13.0,62,true
2026-07-01,2,3,3500162,10,1,9.0,43,true
2026-07-01,2,3,3500162,11,1,10.0,48,true
2026-07-01,2,3,3500162,12,1,7.0,34,true
2026-07-01,2,3,3500162,13,1,23.0,110,true
2026-07-01,4,3,3500446,1,1,20.0,87,true
2026-07-01,4,3,3500446,2,1,22.0,95,true
2026-07-01,4,3,3500446,3,1,19.0,82,true
2026-07-01,4,3,3500446,4,1,17.0,74,true
2026-07-01,4,3,3500446,5,1,16.0,69,true
2026-07-01,4,3,3500446,6,1,24.0,104,true
2026-07-01,4,3,3500446,7,1,17.0,74,true
2026-07-01,4,3,3500446,8,1,12.0,52,true
2026-07-01,4,3,3500446,9,1,10.0,44,true
2026-07-01,4,3,3500446,10,1,9.0,39,true
2026-07-01,4,3,3500446,11,1,11.0,48,true
2026-07-01,4,3,3500446,12,1,13.0,57,true
2026-07-01,4,3,3500446,13,1,19.0,82,true
2026-07-01,1,1,3500005,1,1,12.0,68,true
2026-07-01,1,1,3500005,2,1,10.0,57,true
2026-07-01,1,1,3500005,3,1,17.0,97,true
2026-07-01,1,1,3500005,4,1,13.0,74,true
2026-07-01,1,1,3500005,5,1,10.0,57,true
2026-07-01,1,1,3500005,6,1,19.0,108,true
2026-07-01,1,1,3500005,7,1,15.0,85,true
2026-07-01,1,1,3500005,8,1,10.0,57,true
2026-07-01,1,1,3500005,9,1,11.0,63,true
2026-07-01,1,1,3500005,10,1,14.0,80,true
2026-07-01,1,1,3500005,11,1,11.0,63,true
2026-07-01,1,1,3500005,12,1,9.0,51,true
2026-07-01,1,1,3500005,13,1,20.0,113,true
2026-07-01,2,1,3500162,1,1,10.0,48,true
2026-07-01,2,1,3500162,2,1,12.0,58,true
2026-07-01,2,1,3500162,3,1,15.0,72,true
2026-07-01,2,1,3500162,4,1,14.0,67,true
2026-07-01,2,1,3500162,5,1,13.0,62,true
2026-07-01,2,1,3500162,6,1,19.0,91,true
2026-07-01,2,1,3500162,7,1,11.0,53,true
2026-07-01,2,1,3500162,8,1,13.0,62,true
2026-07-01,2,1,3500162,9,1,10.0,48,true
2026-07-01,2,1,3500162,10,1,4.0,20,true
2026-07-01,2,1,3500162,11,1,8.0,39,true
2026-07-01,2,1,3500162,12,1,7.0,34,true
2026-07-01,2,1,3500162,13,1,17.0,81,true
2026-07-01,4,1,3501226,1,1,13.0,71,true
2026-07-01,4,1,3501226,2,1,20.0,109,true
2026-07-01,4,1,3501226,3,1,24.0,130,true
2026-07-01,4,1,3501226,4,1,10.0,55,true
2026-07-01,4,1,3501226,5,1,14.0,76,true
2026-07-01,4,1,3501226,6,1,27.0,146,true
2026-07-01,4,1,3501226,7,1,12.0,65,true
2026-07-01,4,1,3501226,8,1,20.0,109,true
2026-07-01,4,1,3501226,9,1,13.0,71,true
2026-07-01,4,1,3501226,10,1,17.0,92,true
2026-07-01,4,1,3501226,11,1,10.0,55,true
2026-07-01,4,1,3501226,12,1,15.0,82,true
2026-07-01,4,1,3501226,13,1,20.0,109,true
2026-07-02,1,3,3500005,1,1,11.0,63,true
2026-07-02,1,3,3500005,2,1,12.0,68,true
2026-07-02,1,3,3500005,3,1,14.0,80,true
2026-07-02,1,3,3500005,4,1,16.0,91,true
2026-07-02,1,3,3500005,5,1,13.0,74,true
2026-07-02,1,3,3500005,6,1,20.0,113,true
2026-07-02,1,3,3500005,7,1,24.0,136,true
2026-07-02,1,3,3500005,8,1,12.0,68,true
2026-07-02,1,3,3500005,9,1,8.0,46,true
2026-07-02,1,3,3500005,10,1,10.0,57,true
2026-07-02,1,3,3500005,11,1,12.0,68,true
2026-07-02,1,3,3500005,12,1,18.0,102,true
2026-07-02,1,3,3500005,13,1,19.0,108,true
2026-07-02,2,3,3500162,1,1,26.0,124,true
2026-07-02,2,3,3500162,2,1,16.0,77,true
2026-07-02,2,3,3500162,3,1,12.0,58,true
2026-07-02,2,3,3500162,4,1,22.0,105,true
2026-07-02,2,3,3500162,5,1,11.0,53,true
2026-07-02,2,3,3500162,6,1,20.0,96,true
2026-07-02,2,3,3500162,7,1,12.0,58,true
2026-07-02,2,3,3500162,8,1,10.0,48,true
2026-07-02,2,3,3500162,9,1,18.0,86,true
2026-07-02,2,3,3500162,10,1,10.0,48,true
2026-07-02,2,3,3500162,11,1,14.0,67,true
2026-07-02,2,3,3500162,12,1,12.0,58,true
2026-07-02,2,3,3500162,13,1,16.0,77,true
2026-07-02,4,3,3501226,1,1,36.0,195,true
2026-07-02,4,3,3501226,2,1,22.0,119,true
2026-07-02,4,3,3501226,3,1,16.0,87,true
2026-07-02,4,3,3501226,4,1,17.0,92,true
2026-07-02,4,3,3501226,5,1,12.0,65,true
2026-07-02,4,3,3501226,6,1,29.0,157,true
2026-07-02,4,3,3501226,7,1,26.0,141,true
2026-07-02,4,3,3501226,8,1,12.0,65,true
2026-07-02,4,3,3501226,9,1,24.0,130,true
2026-07-02,4,3,3501226,10,1,11.0,60,true
2026-07-02,4,3,3501226,11,1,14.0,76,true
2026-07-02,4,3,3501226,12,1,18.0,98,true
2026-07-02,4,3,3501226,13,1,21.0,114,true
2026-07-02,1,1,3500005,1,1,10.0,57,true
2026-07-02,1,1,3500005,2,1,10.0,57,true
2026-07-02,1,1,3500005,3,1,8.0,46,true
2026-07-02,1,1,3500005,4,1,7.0,40,true
2026-07-02,1,1,3500005,5,1,6.0,34,true
2026-07-02,1,1,3500005,6,1,18.0,102,true
2026-07-02,1,1,3500005,7,1,8.0,46,true
2026-07-02,1,1,3500005,8,1,7.0,40,true
2026-07-02,1,1,3500005,9,1,7.0,40,true
2026-07-02,1,1,3500005,10,1,5.0,29,true
2026-07-02,1,1,3500005,11,1,7.0,40,true
2026-07-02,1,1,3500005,12,1,10.0,57,true
2026-07-02,1,1,3500005,13,1,19.0,108,true
2026-07-02,2,1,3500162,1,1,24.0,115,true
2026-07-02,2,1,3500162,2,1,17.0,81,true
2026-07-02,2,1,3500162,3,1,20.0,96,true
2026-07-02,2,1,3500162,4,1,15.0,72,true
2026-07-02,2,1,3500162,5,1,10.0,48,true
2026-07-02,2,1,3500162,6,1,23.0,110,true
2026-07-02,2,1,3500162,7,1,20.0,96,true
2026-07-02,2,1,3500162,8,1,16.0,77,true
2026-07-02,2,1,3500162,9,1,13.0,62,true
2026-07-02,2,1,3500162,10,1,10.0,48,true
2026-07-02,2,1,3500162,11,1,17.0,81,true
2026-07-02,2,1,3500162,12,1,19.0,91,true
2026-07-02,2,1,3500162,13,1,20.0,96,true
2026-07-02,4,1,3501226,1,1,30.0,163,true
2026-07-02,4,1,3501226,2,1,15.0,82,true
2026-07-02,4,1,3501226,3,1,20.0,109,true
2026-07-02,4,1,3501226,4,1,24.0,130,true
2026-07-02,4,1,3501226,5,1,18.0,98,true
2026-07-02,4,1,3501226,6,1,20.0,109,true
2026-07-02,4,1,3501226,7,1,25.0,136,true
2026-07-02,4,1,3501226,8,1,23.0,125,true
2026-07-02,4,1,3501226,9,1,10.0,55,true
2026-07-02,4,1,3501226,10,1,15.0,82,true
2026-07-02,4,1,3501226,11,1,17.0,92,true
2026-07-02,4,1,3501226,12,1,16.0,87,true
2026-07-02,4,1,3501226,13,1,24.0,130,true
2026-07-02,2,2,3500162,1,1,18.0,86,true
2026-07-02,2,2,3500162,2,1,25.0,120,true
2026-07-02,2,2,3500162,3,1,20.0,96,true
2026-07-02,2,2,3500162,4,1,19.0,91,true
2026-07-02,2,2,3500162,5,1,17.0,81,true
2026-07-02,2,2,3500162,6,1,18.0,86,true
2026-07-02,2,2,3500162,7,1,15.0,72,true
2026-07-02,2,2,3500162,8,1,11.0,53,true
2026-07-02,2,2,3500162,9,1,12.0,58,true
2026-07-02,2,2,3500162,10,1,10.0,48,true
2026-07-02,2,2,3500162,11,1,12.0,58,true
2026-07-02,2,2,3500162,12,1,15.0,72,true
2026-07-02,2,2,3500162,13,1,14.0,67,true
2026-07-02,4,2,3501226,1,1,22.0,119,true
2026-07-02,4,2,3501226,2,1,25.0,136,true
2026-07-02,4,2,3501226,3,1,20.0,109,true
2026-07-02,4,2,3501226,4,1,19.0,103,true
2026-07-02,4,2,3501226,5,1,15.0,82,true
2026-07-02,4,2,3501226,6,1,19.0,103,true
2026-07-02,4,2,3501226,7,1,18.0,98,true
2026-07-02,4,2,3501226,8,1,15.0,82,true
2026-07-02,4,2,3501226,9,1,12.0,65,true
2026-07-02,4,2,3501226,10,1,13.0,71,true
2026-07-02,4,2,3501226,11,1,12.0,65,true
2026-07-02,4,2,3501226,12,1,15.0,82,true
2026-07-02,4,2,3501226,13,1,14.0,76,true
2026-07-03,1,3,3500005,1,1,10.0,57,true
2026-07-03,1,3,3500005,2,1,11.0,63,true
2026-07-03,1,3,3500005,3,1,9.0,51,true
2026-07-03,1,3,3500005,4,1,12.0,68,true
2026-07-03,1,3,3500005,5,1,11.0,63,true
2026-07-03,1,3,3500005,6,1,11.0,63,true
2026-07-03,1,3,3500005,7,1,8.0,46,true
2026-07-03,1,3,3500005,8,1,9.0,51,true
2026-07-03,1,3,3500005,9,1,11.0,63,true
2026-07-03,1,3,3500005,10,1,10.0,57,true
2026-07-03,1,3,3500005,11,1,10.0,57,true
2026-07-03,1,3,3500005,12,1,10.0,57,true
2026-07-03,1,3,3500005,13,1,20.0,113,true
2026-07-03,2,3,3500162,1,1,30.0,143,true
2026-07-03,2,3,3500162,2,1,14.0,67,true
2026-07-03,2,3,3500162,3,1,12.0,58,true
2026-07-03,2,3,3500162,4,1,18.0,86,true
2026-07-03,2,3,3500162,5,1,20.0,96,true
2026-07-03,2,3,3500162,6,1,24.0,115,true
2026-07-03,2,3,3500162,7,1,12.0,58,true
2026-07-03,2,3,3500162,8,1,10.0,48,true
2026-07-03,2,3,3500162,9,1,18.0,86,true
2026-07-03,2,3,3500162,10,1,9.0,43,true
2026-07-03,2,3,3500162,11,1,16.0,77,true
2026-07-03,2,3,3500162,12,1,18.0,86,true
2026-07-03,2,3,3500162,13,1,35.0,167,true
2026-07-03,4,3,3501226,1,1,26.0,141,true
2026-07-03,4,3,3501226,2,1,34.0,184,true
2026-07-03,4,3,3501226,3,1,18.0,98,true
2026-07-03,4,3,3501226,4,1,22.0,119,true
2026-07-03,4,3,3501226,5,1,26.0,141,true
2026-07-03,4,3,3501226,6,1,26.0,141,true
2026-07-03,4,3,3501226,7,1,18.0,98,true
2026-07-03,4,3,3501226,8,1,12.0,65,true
2026-07-03,4,3,3501226,9,1,20.0,109,true
2026-07-03,4,3,3501226,10,1,10.0,55,true
2026-07-03,4,3,3501226,11,1,12.0,65,true
2026-07-03,4,3,3501226,12,1,14.0,76,true
2026-07-03,4,3,3501226,13,1,16.0,87,true
2026-07-02,2,2,3500162,1,2,18.0,86,true
2026-07-02,2,2,3500162,2,2,25.0,120,true
2026-07-02,2,2,3500162,3,2,20.0,96,true
2026-07-02,2,2,3500162,4,2,19.0,91,true
2026-07-02,2,2,3500162,5,2,17.0,81,true
2026-07-02,2,2,3500162,6,2,18.0,86,true
2026-07-02,2,2,3500162,7,2,15.0,72,true
2026-07-02,2,2,3500162,8,2,11.0,53,true
2026-07-02,2,2,3500162,9,2,12.0,58,true
2026-07-02,2,2,3500162,10,2,10.0,48,true
2026-07-02,2,2,3500162,11,2,12.0,58,true
2026-07-02,2,2,3500162,12,2,15.0,72,true
2026-07-02,2,2,3500162,13,2,14.0,67,true
2026-07-02,4,2,3501226,1,2,22.0,119,true
2026-07-02,4,2,3501226,2,2,25.0,136,true
2026-07-02,4,2,3501226,3,2,20.0,109,true
2026-07-02,4,2,3501226,4,2,19.0,103,true
2026-07-02,4,2,3501226,5,2,15.0,82,true
2026-07-02,4,2,3501226,6,2,19.0,103,true
2026-07-02,4,2,3501226,7,2,18.0,98,true
2026-07-02,4,2,3501226,8,2,15.0,82,true
2026-07-02,4,2,3501226,9,2,12.0,65,true
2026-07-02,4,2,3501226,10,2,13.0,71,true
2026-07-02,4,2,3501226,11,2,12.0,65,true
2026-07-02,4,2,3501226,12,2,15.0,82,true
2026-07-02,4,2,3501226,13,2,14.0,76,true
2026-07-04,1,2,3500005,1,1,9.0,51,true
2026-07-04,1,2,3500005,2,1,12.0,68,true
2026-07-04,1,2,3500005,3,1,12.0,68,true
2026-07-04,1,2,3500005,4,1,14.0,80,true
2026-07-04,1,2,3500005,5,1,10.0,57,true
2026-07-04,1,2,3500005,6,1,20.0,113,true
2026-07-04,1,2,3500005,7,1,12.0,68,true
2026-07-04,1,2,3500005,8,1,10.0,57,true
2026-07-04,1,2,3500005,9,1,11.0,63,true
2026-07-04,1,2,3500005,10,1,16.0,91,true
2026-07-04,1,2,3500005,11,1,14.0,80,true
2026-07-04,1,2,3500005,12,1,12.0,68,true
2026-07-04,1,2,3500005,13,1,17.0,97,true
2026-07-04,2,2,3501430,1,1,14.0,44,true
2026-07-04,2,2,3501430,2,1,16.0,50,true
2026-07-04,2,2,3501430,3,1,12.0,38,true
2026-07-04,2,2,3501430,4,1,10.0,32,true
2026-07-04,2,2,3501430,5,1,12.0,38,true
2026-07-04,2,2,3501430,6,1,22.0,69,true
2026-07-04,2,2,3501430,7,1,12.0,38,true
2026-07-04,2,2,3501430,8,1,10.0,32,true
2026-07-04,2,2,3501430,9,1,11.0,35,true
2026-07-04,2,2,3501430,10,1,10.0,32,true
2026-07-04,2,2,3501430,11,1,14.0,44,true
2026-07-04,2,2,3501430,12,1,18.0,57,true
2026-07-04,2,2,3501430,13,1,25.0,78,true
2026-07-04,4,2,3501225,1,1,22.0,134,true
2026-07-04,4,2,3501225,2,1,18.0,110,true
2026-07-04,4,2,3501225,3,1,14.0,85,true
2026-07-04,4,2,3501225,4,1,20.0,122,true
2026-07-04,4,2,3501225,5,1,10.0,61,true
2026-07-04,4,2,3501225,6,1,23.0,140,true
2026-07-04,4,2,3501225,7,1,18.0,110,true
2026-07-04,4,2,3501225,8,1,11.0,67,true
2026-07-04,4,2,3501225,9,1,14.0,85,true
2026-07-04,4,2,3501225,10,1,10.0,61,true
2026-07-04,4,2,3501225,11,1,11.0,67,true
2026-07-04,4,2,3501225,12,1,18.0,110,true
2026-07-04,4,2,3501225,13,1,14.0,85,true
2026-07-04,1,1,3500005,1,1,12.0,68,true
2026-07-04,1,1,3500005,2,1,10.0,57,true
2026-07-04,1,1,3500005,3,1,13.0,74,true
2026-07-04,1,1,3500005,4,1,10.0,57,true
2026-07-04,1,1,3500005,5,1,11.0,63,true
2026-07-04,1,1,3500005,6,1,17.0,97,true
2026-07-04,1,1,3500005,7,1,11.0,63,true
2026-07-04,1,1,3500005,8,1,10.0,57,true
2026-07-04,1,1,3500005,9,1,12.0,68,true
2026-07-04,1,1,3500005,10,1,10.0,57,true
2026-07-04,1,1,3500005,11,1,9.0,51,true
2026-07-04,1,1,3500005,12,1,10.0,57,true
2026-07-04,1,1,3500005,13,1,22.0,125,true
2026-07-04,2,1,3501430,1,1,31.0,97,true
2026-07-04,2,1,3501430,2,1,20.0,63,true
2026-07-04,2,1,3501430,3,1,15.0,47,true
2026-07-04,2,1,3501430,4,1,19.0,60,true
2026-07-04,2,1,3501430,5,1,20.0,63,true
2026-07-04,2,1,3501430,6,1,20.0,63,true
2026-07-04,2,1,3501430,7,1,24.0,75,true
2026-07-04,2,1,3501430,8,1,22.0,69,true
2026-07-04,2,1,3501430,9,1,10.0,32,true
2026-07-04,2,1,3501430,10,1,18.0,57,true
2026-07-04,2,1,3501430,11,1,17.0,53,true
2026-07-04,2,1,3501430,12,1,14.0,44,true
2026-07-04,2,1,3501430,13,1,23.0,72,true
2026-07-04,4,1,3501225,1,1,30.0,182,true
2026-07-04,4,1,3501225,2,1,15.0,91,true
2026-07-04,4,1,3501225,3,1,20.0,122,true
2026-07-04,4,1,3501225,4,1,19.0,116,true
2026-07-04,4,1,3501225,5,1,14.0,85,true
2026-07-04,4,1,3501225,6,1,22.0,134,true
2026-07-04,4,1,3501225,7,1,20.0,122,true
2026-07-04,4,1,3501225,8,1,17.0,104,true
2026-07-04,4,1,3501225,9,1,13.0,79,true
2026-07-04,4,1,3501225,10,1,10.0,61,true
2026-07-04,4,1,3501225,11,1,12.0,73,true
2026-07-04,4,1,3501225,12,1,11.0,67,true
2026-07-04,4,1,3501225,13,1,19.0,116,true
2026-07-04,1,3,3500005,1,1,9.0,51,true
2026-07-04,1,3,3500005,2,1,12.0,68,true
2026-07-04,1,3,3500005,3,1,12.0,68,true
2026-07-04,1,3,3500005,4,1,14.0,80,true
2026-07-04,1,3,3500005,5,1,10.0,57,true
2026-07-04,1,3,3500005,6,1,20.0,113,true
2026-07-04,1,3,3500005,7,1,12.0,68,true
2026-07-04,1,3,3500005,8,1,10.0,57,true
2026-07-04,1,3,3500005,9,1,11.0,63,true
2026-07-04,1,3,3500005,10,1,16.0,91,true
2026-07-04,1,3,3500005,11,1,14.0,80,true
2026-07-04,1,3,3500005,12,1,12.0,68,true
2026-07-04,1,3,3500005,13,1,17.0,97,true
2026-07-04,2,3,3501430,1,1,14.0,44,true
2026-07-04,2,3,3501430,2,1,16.0,50,true
2026-07-04,2,3,3501430,3,1,12.0,38,true
2026-07-04,2,3,3501430,4,1,10.0,32,true
2026-07-04,2,3,3501430,5,1,12.0,38,true
2026-07-04,2,3,3501430,6,1,23.0,72,true
2026-07-04,2,3,3501430,7,1,12.0,38,true
2026-07-04,2,3,3501430,8,1,10.0,32,true
2026-07-04,2,3,3501430,9,1,11.0,35,true
2026-07-04,2,3,3501430,10,1,10.0,32,true
2026-07-04,2,3,3501430,11,1,14.0,44,true
2026-07-04,2,3,3501430,12,1,18.0,57,true
2026-07-04,2,3,3501430,13,1,25.0,78,true
2026-07-04,4,3,3501225,1,1,22.0,134,true
2026-07-04,4,3,3501225,2,1,18.0,110,true
2026-07-04,4,3,3501225,3,1,14.0,85,true
2026-07-04,4,3,3501225,4,1,20.0,122,true
2026-07-04,4,3,3501225,5,1,10.0,61,true
2026-07-04,4,3,3501225,6,1,23.0,140,true
2026-07-04,4,3,3501225,7,1,18.0,110,true
2026-07-04,4,3,3501225,8,1,11.0,67,true
2026-07-04,4,3,3501225,9,1,14.0,85,true
2026-07-04,4,3,3501225,10,1,10.0,61,true
2026-07-04,4,3,3501225,11,1,11.0,67,true
2026-07-04,4,3,3501225,12,1,18.0,110,true
2026-07-04,4,3,3501225,13,1,14.0,85,true
2026-07-04,1,2,3500005,1,2,18.0,102,true
2026-07-04,1,2,3500005,2,2,15.0,85,true
2026-07-04,1,2,3500005,3,2,12.0,68,true
2026-07-04,1,2,3500005,4,2,13.0,74,true
2026-07-04,1,2,3500005,5,2,12.0,68,true
2026-07-04,1,2,3500005,6,2,13.0,74,true
2026-07-04,1,2,3500005,7,2,10.0,57,true
2026-07-04,1,2,3500005,8,2,12.0,68,true
2026-07-04,1,2,3500005,9,2,11.0,63,true
2026-07-04,1,2,3500005,10,2,10.0,57,true
2026-07-04,1,2,3500005,11,2,10.0,57,true
2026-07-04,1,2,3500005,12,2,12.0,68,true
2026-07-04,1,2,3500005,13,2,13.0,74,true
2026-07-04,2,2,3501430,1,2,20.0,63,true
2026-07-04,2,2,3501430,2,2,22.0,69,true
2026-07-04,2,2,3501430,3,2,19.0,60,true
2026-07-04,2,2,3501430,4,2,17.0,53,true
2026-07-04,2,2,3501430,5,2,15.0,47,true
2026-07-04,2,2,3501430,6,2,18.0,57,true
2026-07-04,2,2,3501430,7,2,15.0,47,true
2026-07-04,2,2,3501430,8,2,13.0,41,true
2026-07-04,2,2,3501430,9,2,14.0,44,true
2026-07-04,2,2,3501430,10,2,12.0,38,true
2026-07-04,2,2,3501430,11,2,10.0,32,true
2026-07-04,2,2,3501430,12,2,12.0,38,true
2026-07-04,2,2,3501430,13,2,11.0,35,true
2026-07-04,4,2,3501225,1,2,22.0,134,true
2026-07-04,4,2,3501225,2,2,25.0,152,true
2026-07-04,4,2,3501225,3,2,20.0,122,true
2026-07-04,4,2,3501225,4,2,18.0,110,true
2026-07-04,4,2,3501225,5,2,15.0,91,true
2026-07-04,4,2,3501225,6,2,20.0,122,true
2026-07-04,4,2,3501225,7,2,18.0,110,true
2026-07-04,4,2,3501225,8,2,17.0,104,true
2026-07-04,4,2,3501225,9,2,12.0,73,true
2026-07-04,4,2,3501225,10,2,13.0,79,true
2026-07-04,4,2,3501225,11,2,10.0,61,true
2026-07-04,4,2,3501225,12,2,12.0,73,true
2026-07-04,4,2,3501225,13,2,15.0,91,true
2026-07-05,1,3,3500005,1,1,9.0,51,true
2026-07-05,1,3,3500005,2,1,12.0,68,true
2026-07-05,1,3,3500005,3,1,14.0,80,true
2026-07-05,1,3,3500005,4,1,16.0,91,true
2026-07-05,1,3,3500005,5,1,12.0,68,true
2026-07-05,1,3,3500005,6,1,20.0,113,true
2026-07-05,1,3,3500005,7,1,10.0,57,true
2026-07-05,1,3,3500005,8,1,11.0,63,true
2026-07-05,1,3,3500005,9,1,8.0,46,true
2026-07-05,1,3,3500005,10,1,12.0,68,true
2026-07-05,1,3,3500005,11,1,11.0,63,true
2026-07-05,1,3,3500005,12,1,33.0,187,true
2026-07-05,1,3,3500005,13,1,25.0,142,true
2026-07-05,2,3,3501430,1,1,12.0,38,true
2026-07-05,2,3,3501430,2,1,10.0,32,true
2026-07-05,2,3,3501430,3,1,11.0,35,true
2026-07-05,2,3,3501430,4,1,10.0,32,true
2026-07-05,2,3,3501430,5,1,12.0,38,true
2026-07-05,2,3,3501430,6,1,20.0,63,true
2026-07-05,2,3,3501430,7,1,11.0,35,true
2026-07-05,2,3,3501430,8,1,9.0,29,true
2026-07-05,2,3,3501430,9,1,14.0,44,true
2026-07-05,2,3,3501430,10,1,10.0,32,true
2026-07-05,2,3,3501430,11,1,12.0,38,true
2026-07-05,2,3,3501430,12,1,16.0,50,true
2026-07-05,2,3,3501430,13,1,18.0,57,true
2026-07-05,4,3,3501225,1,1,22.0,134,true
2026-07-05,4,3,3501225,2,1,26.0,158,true
2026-07-05,4,3,3501225,3,1,16.0,97,true
2026-07-05,4,3,3501225,4,1,19.0,116,true
2026-07-05,4,3,3501225,5,1,14.0,85,true
2026-07-05,4,3,3501225,6,1,27.0,164,true
2026-07-05,4,3,3501225,7,1,14.0,85,true
2026-07-05,4,3,3501225,8,1,10.0,61,true
2026-07-05,4,3,3501225,9,1,20.0,122,true
2026-07-05,4,3,3501225,10,1,10.0,61,true
2026-07-05,4,3,3501225,11,1,12.0,73,true
2026-07-05,4,3,3501225,12,1,26.0,158,true
2026-07-05,4,3,3501225,13,1,23.0,140,true
2026-07-05,1,2,3500005,1,1,50.0,283,true
2026-07-05,1,2,3500005,2,1,40.0,226,true
2026-07-05,1,2,3500005,3,1,30.0,170,true
2026-07-05,1,2,3500005,4,1,19.0,108,true
2026-07-05,1,2,3500005,5,1,28.0,159,true
2026-07-05,1,2,3500005,6,1,19.0,108,true
2026-07-05,1,2,3500005,7,1,11.0,63,true
2026-07-05,1,2,3500005,8,1,15.0,85,true
2026-07-05,1,2,3500005,9,1,8.0,46,true
2026-07-05,1,2,3500005,10,1,19.0,108,true
2026-07-05,1,2,3500005,11,1,20.0,113,true
2026-07-05,1,2,3500005,12,1,12.0,68,true
2026-07-05,1,2,3500005,13,1,29.0,164,true
2026-07-05,2,2,3501430,1,1,60.0,188,true
2026-07-05,2,2,3501430,2,1,40.0,125,true
2026-07-05,2,2,3501430,3,1,28.0,88,true
2026-07-05,2,2,3501430,4,1,30.0,94,true
2026-07-05,2,2,3501430,5,1,19.0,60,true
2026-07-05,2,2,3501430,6,1,42.0,131,true
2026-07-05,2,2,3501430,7,1,24.0,75,true
2026-07-05,2,2,3501430,8,1,20.0,63,true
2026-07-05,2,2,3501430,9,1,19.0,60,true
2026-07-05,2,2,3501430,10,1,13.0,41,true
2026-07-05,2,2,3501430,11,1,15.0,47,true
2026-07-05,2,2,3501430,12,1,11.0,35,true
2026-07-05,2,2,3501430,13,1,31.0,97,true
2026-07-06,1,3,3500005,1,1,13.0,74,true
2026-07-06,1,3,3500005,2,1,10.0,57,true
2026-07-06,1,3,3500005,3,1,13.0,74,true
2026-07-06,1,3,3500005,4,1,20.0,113,true
2026-07-06,1,3,3500005,5,1,14.0,80,true
2026-07-06,1,3,3500005,6,1,18.0,102,true
2026-07-06,1,3,3500005,7,1,12.0,68,true
2026-07-06,1,3,3500005,8,1,20.0,113,true
2026-07-06,1,3,3500005,9,1,15.0,85,true
2026-07-06,1,3,3500005,10,1,19.0,108,true
2026-07-06,1,3,3500005,11,1,10.0,57,true
2026-07-06,1,3,3500005,12,1,12.0,68,true
2026-07-06,1,3,3500005,13,1,21.0,119,true
2026-07-06,2,3,3501430,1,1,40.0,125,true
2026-07-06,2,3,3501430,2,1,20.0,63,true
2026-07-06,2,3,3501430,3,1,15.0,47,true
2026-07-06,2,3,3501430,4,1,10.0,32,true
2026-07-06,2,3,3501430,5,1,12.0,38,true
2026-07-06,2,3,3501430,6,1,23.0,72,true
2026-07-06,2,3,3501430,7,1,20.0,63,true
2026-07-06,2,3,3501430,8,1,22.0,69,true
2026-07-06,2,3,3501430,9,1,10.0,32,true
2026-07-06,2,3,3501430,10,1,13.0,41,true
2026-07-06,2,3,3501430,11,1,19.0,60,true
2026-07-06,2,3,3501430,12,1,14.0,44,true
2026-07-06,2,3,3501430,13,1,20.0,63,true
2026-07-06,4,3,3501226,1,1,35.0,190,true
2026-07-06,4,3,3501226,2,1,20.0,109,true
2026-07-06,4,3,3501226,3,1,15.0,82,true
2026-07-06,4,3,3501226,4,1,19.0,103,true
2026-07-06,4,3,3501226,5,1,31.0,168,true
2026-07-06,4,3,3501226,6,1,20.0,109,true
2026-07-06,4,3,3501226,7,1,24.0,130,true
2026-07-06,4,3,3501226,8,1,19.0,103,true
2026-07-06,4,3,3501226,9,1,17.0,92,true
2026-07-06,4,3,3501226,10,1,12.0,65,true
2026-07-06,4,3,3501226,11,1,14.0,76,true
2026-07-06,4,3,3501226,12,1,10.0,55,true
2026-07-06,4,3,3501226,13,1,16.0,87,true
2026-07-06,1,1,3500005,1,1,18.0,102,true
2026-07-06,1,1,3500005,2,1,15.0,85,true
2026-07-06,1,1,3500005,3,1,12.0,68,true
2026-07-06,1,1,3500005,4,1,13.0,74,true
2026-07-06,1,1,3500005,5,1,14.0,80,true
2026-07-06,1,1,3500005,6,1,12.0,68,true
2026-07-06,1,1,3500005,7,1,15.0,85,true
2026-07-06,1,1,3500005,8,1,12.0,68,true
2026-07-06,1,1,3500005,9,1,13.0,74,true
2026-07-06,1,1,3500005,10,1,10.0,57,true
2026-07-06,1,1,3500005,11,1,11.0,63,true
2026-07-06,1,1,3500005,12,1,12.0,68,true
2026-07-06,1,1,3500005,13,1,13.0,74,true
2026-07-06,2,1,3500162,1,1,25.0,120,true
2026-07-06,2,1,3500162,2,1,22.0,105,true
2026-07-06,2,1,3500162,3,1,20.0,96,true
2026-07-06,2,1,3500162,4,1,19.0,91,true
2026-07-06,2,1,3500162,5,1,15.0,72,true
2026-07-06,2,1,3500162,6,1,18.0,86,true
2026-07-06,2,1,3500162,7,1,18.0,86,true
2026-07-06,2,1,3500162,8,1,13.0,62,true
2026-07-06,2,1,3500162,9,1,12.0,58,true
2026-07-06,2,1,3500162,10,1,10.0,48,true
2026-07-06,2,1,3500162,11,1,13.0,62,true
2026-07-06,2,1,3500162,12,1,15.0,72,true
2026-07-06,2,1,3500162,13,1,14.0,67,true
2026-07-06,4,1,3501226,1,1,22.0,119,true
2026-07-06,4,1,3501226,2,1,23.0,125,true
2026-07-06,4,1,3501226,3,1,19.0,103,true
2026-07-06,4,1,3501226,4,1,20.0,109,true
2026-07-06,4,1,3501226,5,1,18.0,98,true
2026-07-06,4,1,3501226,6,1,15.0,82,true
2026-07-06,4,1,3501226,7,1,18.0,98,true
2026-07-06,4,1,3501226,8,1,15.0,82,true
2026-07-06,4,1,3501226,9,1,12.0,65,true
2026-07-06,4,1,3501226,10,1,15.0,82,true
2026-07-06,4,1,3501226,11,1,12.0,65,true
2026-07-06,4,1,3501226,12,1,12.0,65,true
2026-07-06,4,1,3501226,13,1,13.0,71,true
2026-07-06,6,1,3500888,1,1,28.0,46,true
2026-07-06,6,1,3500888,2,1,28.0,46,true
2026-07-06,6,1,3500888,3,1,25.0,41,true
2026-07-06,6,1,3500888,4,1,22.0,36,true
2026-07-06,6,1,3500888,5,1,19.0,31,true
2026-07-06,6,1,3500888,6,1,20.0,33,true
2026-07-06,6,1,3500888,7,1,19.0,31,true
2026-07-06,6,1,3500888,8,1,15.0,25,true
2026-07-06,6,1,3500888,9,1,12.0,20,true
2026-07-06,6,1,3500888,10,1,10.0,17,true
2026-07-06,6,1,3500888,11,1,10.0,17,true
2026-07-06,6,1,3500888,12,1,15.0,25,true
2026-07-06,6,1,3500888,13,1,17.0,28,true
2026-07-07,1,3,3500005,1,1,10.0,57,true
2026-07-07,1,3,3500005,2,1,12.0,68,true
2026-07-07,1,3,3500005,3,1,11.0,63,true
2026-07-07,1,3,3500005,4,1,9.0,51,true
2026-07-07,1,3,3500005,5,1,10.0,57,true
2026-07-07,1,3,3500005,6,1,15.0,85,true
2026-07-07,1,3,3500005,7,1,11.0,63,true
2026-07-07,1,3,3500005,8,1,13.0,74,true
2026-07-07,1,3,3500005,9,1,10.0,57,true
2026-07-07,1,3,3500005,10,1,12.0,68,true
2026-07-07,1,3,3500005,11,1,10.0,57,true
2026-07-07,1,3,3500005,12,1,11.0,63,true
2026-07-07,1,3,3500005,13,1,17.0,97,true
2026-07-07,2,3,3500162,1,1,30.0,143,true
2026-07-07,2,3,3500162,2,1,20.0,96,true
2026-07-07,2,3,3500162,3,1,24.0,115,true
2026-07-07,2,3,3500162,4,1,10.0,48,true
2026-07-07,2,3,3500162,5,1,15.0,72,true
2026-07-07,2,3,3500162,6,1,19.0,91,true
2026-07-07,2,3,3500162,7,1,15.0,72,true
2026-07-07,2,3,3500162,8,1,24.0,115,true
2026-07-07,2,3,3500162,9,1,20.0,96,true
2026-07-07,2,3,3500162,10,1,11.0,53,true
2026-07-07,2,3,3500162,11,1,13.0,62,true
2026-07-07,2,3,3500162,12,1,19.0,91,true
2026-07-07,2,3,3500162,13,1,30.0,143,true
2026-07-07,4,3,3501226,1,1,20.0,109,true
2026-07-07,4,3,3501226,2,1,20.0,109,true
2026-07-07,4,3,3501226,3,1,33.0,179,true
2026-07-07,4,3,3501226,4,1,10.0,55,true
2026-07-07,4,3,3501226,5,1,15.0,82,true
2026-07-07,4,3,3501226,6,1,16.0,87,true
2026-07-07,4,3,3501226,7,1,24.0,130,true
2026-07-07,4,3,3501226,8,1,33.0,179,true
2026-07-07,4,3,3501226,9,1,10.0,55,true
2026-07-07,4,3,3501226,10,1,24.0,130,true
2026-07-07,4,3,3501226,11,1,15.0,82,true
2026-07-07,4,3,3501226,12,1,19.0,103,true
2026-07-07,4,3,3501226,13,1,26.0,141,true
2026-07-07,6,3,3500888,1,1,40.0,65,true
2026-07-07,6,3,3500888,2,1,20.0,33,true
2026-07-07,6,3,3500888,3,1,15.0,25,true
2026-07-07,6,3,3500888,4,1,20.0,33,true
2026-07-07,6,3,3500888,5,1,10.0,17,true
2026-07-07,6,3,3500888,6,1,22.0,36,true
2026-07-07,6,3,3500888,7,1,24.0,39,true
2026-07-07,6,3,3500888,8,1,30.0,49,true
2026-07-07,6,3,3500888,9,1,15.0,25,true
2026-07-07,6,3,3500888,10,1,19.0,31,true
2026-07-07,6,3,3500888,11,1,14.0,23,true
2026-07-07,6,3,3500888,12,1,20.0,33,true
2026-07-07,6,3,3500888,13,1,19.0,31,true
2026-07-06,1,2,3500005,1,1,19.0,108,true
2026-07-06,1,2,3500005,2,1,15.0,85,true
2026-07-06,1,2,3500005,3,1,13.0,74,true
2026-07-06,1,2,3500005,4,1,12.0,68,true
2026-07-06,1,2,3500005,5,1,10.0,57,true
2026-07-06,1,2,3500005,6,1,25.0,142,true
2026-07-06,1,2,3500005,7,1,16.0,91,true
2026-07-06,1,2,3500005,8,1,13.0,74,true
2026-07-06,1,2,3500005,9,1,100.0,565,true
2026-07-06,1,2,3500005,10,1,11.0,63,true
2026-07-06,1,2,3500005,11,1,9.0,51,true
2026-07-06,1,2,3500005,12,1,13.0,74,true
2026-07-06,1,2,3500005,13,1,10.0,57,true
2026-07-06,2,2,3500162,1,1,24.0,115,true
2026-07-06,2,2,3500162,2,1,19.0,91,true
2026-07-06,2,2,3500162,3,1,20.0,96,true
2026-07-06,2,2,3500162,4,1,15.0,72,true
2026-07-06,2,2,3500162,5,1,12.0,58,true
2026-07-06,2,2,3500162,6,1,18.0,86,true
2026-07-06,2,2,3500162,7,1,19.0,91,true
2026-07-06,2,2,3500162,8,1,17.0,81,true
2026-07-06,2,2,3500162,9,1,15.0,72,true
2026-07-06,2,2,3500162,10,1,13.0,62,true
2026-07-06,2,2,3500162,11,1,10.0,48,true
2026-07-06,2,2,3500162,12,1,12.0,58,true
2026-07-06,2,2,3500162,13,1,16.0,77,true
2026-07-06,4,2,3501226,1,1,20.0,109,true
2026-07-06,4,2,3501226,2,1,17.0,92,true
2026-07-06,4,2,3501226,3,1,15.0,82,true
2026-07-06,4,2,3501226,4,1,13.0,71,true
2026-07-06,4,2,3501226,5,1,12.0,65,true
2026-07-06,4,2,3501226,6,1,10.0,55,true
2026-07-06,4,2,3501226,7,1,20.0,109,true
2026-07-06,4,2,3501226,8,1,15.0,82,true
2026-07-06,4,2,3501226,9,1,11.0,60,true
2026-07-06,4,2,3501226,10,1,13.0,71,true
2026-07-06,4,2,3501226,11,1,10.0,55,true
2026-07-06,4,2,3501226,12,1,12.0,65,true
2026-07-06,4,2,3501226,13,1,9.0,49,true
2026-07-06,6,2,3500888,1,1,21.0,34,true
2026-07-06,6,2,3500888,2,1,14.0,23,true
2026-07-06,6,2,3500888,3,1,10.0,17,true
2026-07-06,6,2,3500888,4,1,12.0,20,true
2026-07-06,6,2,3500888,5,1,11.0,18,true
2026-07-06,6,2,3500888,6,1,12.0,20,true
2026-07-06,6,2,3500888,7,1,19.0,31,true
2026-07-06,6,2,3500888,8,1,15.0,25,true
2026-07-06,6,2,3500888,9,1,13.0,21,true
2026-07-06,6,2,3500888,10,1,16.0,26,true
2026-07-06,6,2,3500888,11,1,14.0,23,true
2026-07-06,6,2,3500888,12,1,10.0,17,true
2026-07-06,6,2,3500888,13,1,11.0,18,true
2026-07-07,1,1,3500005,1,1,18.0,102,true
2026-07-07,1,1,3500005,2,1,17.0,97,true
2026-07-07,1,1,3500005,3,1,15.0,85,true
2026-07-07,1,1,3500005,4,1,12.0,68,true
2026-07-07,1,1,3500005,5,1,13.0,74,true
2026-07-07,1,1,3500005,6,1,15.0,85,true
2026-07-07,1,1,3500005,7,1,12.0,68,true
2026-07-07,1,1,3500005,8,1,10.0,57,true
2026-07-07,1,1,3500005,9,1,11.0,63,true
2026-07-07,1,1,3500005,10,1,12.0,68,true
2026-07-07,1,1,3500005,11,1,13.0,74,true
2026-07-07,1,1,3500005,12,1,12.0,68,true
2026-07-07,1,1,3500005,13,1,13.0,74,true
2026-07-07,2,1,3500162,1,1,20.0,96,true
2026-07-07,2,1,3500162,2,1,21.0,100,true
2026-07-07,2,1,3500162,3,1,20.0,96,true
2026-07-07,2,1,3500162,4,1,19.0,91,true
2026-07-07,2,1,3500162,5,1,15.0,72,true
2026-07-07,2,1,3500162,6,1,18.0,86,true
2026-07-07,2,1,3500162,7,1,15.0,72,true
2026-07-07,2,1,3500162,8,1,13.0,62,true
2026-07-07,2,1,3500162,9,1,12.0,58,true
2026-07-07,2,1,3500162,10,1,14.0,67,true
2026-07-07,2,1,3500162,11,1,10.0,48,true
2026-07-07,2,1,3500162,12,1,12.0,58,true
2026-07-07,2,1,3500162,13,1,13.0,62,true
2026-07-07,4,1,3501226,1,1,22.0,119,true
2026-07-07,4,1,3501226,2,1,20.0,109,true
2026-07-07,4,1,3501226,3,1,19.0,103,true
2026-07-07,4,1,3501226,4,1,15.0,82,true
2026-07-07,4,1,3501226,5,1,18.0,98,true
2026-07-07,4,1,3501226,6,1,18.0,98,true
2026-07-07,4,1,3501226,7,1,20.0,109,true
2026-07-07,4,1,3501226,8,1,19.0,103,true
2026-07-07,4,1,3501226,9,1,15.0,82,true
2026-07-07,4,1,3501226,10,1,12.0,65,true
2026-07-07,4,1,3501226,11,1,12.0,65,true
2026-07-07,4,1,3501226,12,1,15.0,82,true
2026-07-07,4,1,3501226,13,1,14.0,76,true
2026-07-07,6,1,3500888,1,1,25.0,41,true
2026-07-07,6,1,3500888,2,1,27.0,44,true
2026-07-07,6,1,3500888,3,1,20.0,33,true
2026-07-07,6,1,3500888,4,1,19.0,31,true
2026-07-07,6,1,3500888,5,1,14.0,23,true
2026-07-07,6,1,3500888,6,1,20.0,33,true
2026-07-07,6,1,3500888,7,1,28.0,46,true
2026-07-07,6,1,3500888,8,1,19.0,31,true
2026-07-07,6,1,3500888,9,1,15.0,25,true
2026-07-07,6,1,3500888,10,1,18.0,30,true
2026-07-07,6,1,3500888,11,1,15.0,25,true
2026-07-07,6,1,3500888,12,1,13.0,21,true
2026-07-07,6,1,3500888,13,1,17.0,28,true
2026-07-07,1,2,3500005,1,1,15.0,85,true
2026-07-07,1,2,3500005,2,1,11.0,63,true
2026-07-07,1,2,3500005,3,1,10.0,57,true
2026-07-07,1,2,3500005,4,1,18.0,102,true
2026-07-07,1,2,3500005,5,1,12.0,68,true
2026-07-07,1,2,3500005,6,1,33.0,187,true
2026-07-07,1,2,3500005,7,1,19.0,108,true
2026-07-07,1,2,3500005,8,1,9.0,51,true
2026-07-07,1,2,3500005,9,1,7.0,40,true
2026-07-07,1,2,3500005,10,1,10.0,57,true
2026-07-07,1,2,3500005,11,1,8.0,46,true
2026-07-07,1,2,3500005,12,1,14.0,80,true
2026-07-07,1,2,3500005,13,1,24.0,136,true
2026-07-07,2,2,3500162,1,1,11.0,53,true
2026-07-07,2,2,3500162,2,1,9.0,43,true
2026-07-07,2,2,3500162,3,1,7.0,34,true
2026-07-07,2,2,3500162,4,1,16.0,77,true
2026-07-07,2,2,3500162,5,1,18.0,86,true
2026-07-07,2,2,3500162,6,1,32.0,153,true
2026-07-07,2,2,3500162,7,1,14.0,67,true
2026-07-07,2,2,3500162,8,1,17.0,81,true
2026-07-07,2,2,3500162,9,1,13.0,62,true
2026-07-07,2,2,3500162,10,1,19.0,91,true
2026-07-07,2,2,3500162,11,1,15.0,72,true
2026-07-07,2,2,3500162,12,1,11.0,53,true
2026-07-07,2,2,3500162,13,1,26.0,124,true
2026-07-07,4,2,3501226,1,1,19.0,103,true
2026-07-07,4,2,3501226,2,1,17.0,92,true
2026-07-07,4,2,3501226,3,1,16.0,87,true
2026-07-07,4,2,3501226,4,1,20.0,109,true
2026-07-07,4,2,3501226,5,1,11.0,60,true
2026-07-07,4,2,3501226,6,1,19.0,103,true
2026-07-07,4,2,3501226,7,1,7.0,38,true
2026-07-07,4,2,3501226,8,1,12.0,65,true
2026-07-07,4,2,3501226,9,1,14.0,76,true
2026-07-07,4,2,3501226,10,1,18.0,98,true
2026-07-07,4,2,3501226,11,1,15.0,82,true
2026-07-07,4,2,3501226,12,1,7.0,38,true
2026-07-07,4,2,3501226,13,1,27.0,146,true
2026-07-07,6,2,3500888,1,1,20.0,33,true
2026-07-07,6,2,3500888,2,1,18.0,30,true
2026-07-07,6,2,3500888,3,1,15.0,25,true
2026-07-07,6,2,3500888,4,1,14.0,23,true
2026-07-07,6,2,3500888,5,1,12.0,20,true
2026-07-07,6,2,3500888,6,1,19.0,31,true
2026-07-07,6,2,3500888,7,1,7.0,12,true
2026-07-07,6,2,3500888,8,1,8.0,13,true
2026-07-07,6,2,3500888,9,1,13.0,21,true
2026-07-07,6,2,3500888,10,1,16.0,26,true
2026-07-07,6,2,3500888,11,1,19.0,31,true
2026-07-07,6,2,3500888,12,1,11.0,18,true
2026-07-07,6,2,3500888,13,1,18.0,30,true
2026-07-08,1,1,3500005,1,1,18.0,102,true
2026-07-08,1,1,3500005,2,1,15.0,85,true
2026-07-08,1,1,3500005,3,1,12.0,68,true
2026-07-08,1,1,3500005,4,1,13.0,74,true
2026-07-08,1,1,3500005,5,1,13.0,74,true
2026-07-08,1,1,3500005,6,1,15.0,85,true
2026-07-08,1,1,3500005,7,1,13.0,74,true
2026-07-08,1,1,3500005,8,1,14.0,80,true
2026-07-08,1,1,3500005,9,1,13.0,74,true
2026-07-08,1,1,3500005,10,1,12.0,68,true
2026-07-08,1,1,3500005,11,1,10.0,57,true
2026-07-08,1,1,3500005,12,1,12.0,68,true
2026-07-08,1,1,3500005,13,1,13.0,74,true
2026-07-08,4,1,3501226,1,1,20.0,109,true
2026-07-08,4,1,3501226,2,1,23.0,125,true
2026-07-08,4,1,3501226,3,1,20.0,109,true
2026-07-08,4,1,3501226,4,1,19.0,103,true
2026-07-08,4,1,3501226,5,1,18.0,98,true
2026-07-08,4,1,3501226,6,1,20.0,109,true
2026-07-08,4,1,3501226,7,1,18.0,98,true
2026-07-08,4,1,3501226,8,1,15.0,82,true
2026-07-08,4,1,3501226,9,1,12.0,65,true
2026-07-08,4,1,3501226,10,1,13.0,71,true
2026-07-08,4,1,3501226,11,1,13.0,71,true
2026-07-08,4,1,3501226,12,1,15.0,82,true
2026-07-08,4,1,3501226,13,1,16.0,87,true
2026-07-08,1,3,3500005,1,1,10.0,57,true
2026-07-08,1,3,3500005,2,1,12.0,68,true
2026-07-08,1,3,3500005,3,1,11.0,63,true
2026-07-08,1,3,3500005,4,1,9.0,51,true
2026-07-08,1,3,3500005,5,1,10.0,57,true
2026-07-08,1,3,3500005,6,1,15.0,85,true
2026-07-08,1,3,3500005,7,1,11.0,63,true
2026-07-08,1,3,3500005,8,1,13.0,74,true
2026-07-08,1,3,3500005,9,1,10.0,57,true
2026-07-08,1,3,3500005,10,1,12.0,68,true
2026-07-08,1,3,3500005,11,1,10.0,57,true
2026-07-08,1,3,3500005,12,1,11.0,63,true
2026-07-08,1,3,3500005,13,1,17.0,97,true
2026-07-08,2,3,3500162,1,1,30.0,143,true
2026-07-08,2,3,3500162,2,1,20.0,96,true
2026-07-08,2,3,3500162,3,1,24.0,115,true
2026-07-08,2,3,3500162,4,1,10.0,48,true
2026-07-08,2,3,3500162,5,1,15.0,72,true
2026-07-08,2,3,3500162,6,1,19.0,91,true
2026-07-08,2,3,3500162,7,1,15.0,72,true
2026-07-08,2,3,3500162,8,1,24.0,115,true
2026-07-08,2,3,3500162,9,1,20.0,96,true
2026-07-08,2,3,3500162,10,1,11.0,53,true
2026-07-08,2,3,3500162,11,1,13.0,62,true
2026-07-08,2,3,3500162,12,1,19.0,91,true
2026-07-08,2,3,3500162,13,1,30.0,143,true
2026-07-08,4,3,3501226,1,1,20.0,109,true
2026-07-08,4,3,3501226,2,1,20.0,109,true
2026-07-08,4,3,3501226,3,1,33.0,179,true
2026-07-08,4,3,3501226,4,1,10.0,55,true
2026-07-08,4,3,3501226,5,1,15.0,82,true
2026-07-08,4,3,3501226,6,1,16.0,87,true
2026-07-08,4,3,3501226,7,1,24.0,130,true
2026-07-08,4,3,3501226,8,1,33.0,179,true
2026-07-08,4,3,3501226,9,1,10.0,55,true
2026-07-08,4,3,3501226,10,1,24.0,130,true
2026-07-08,4,3,3501226,11,1,15.0,82,true
2026-07-08,4,3,3501226,12,1,19.0,103,true
2026-07-08,4,3,3501226,13,1,26.0,141,true
2026-07-08,6,3,3500888,1,1,40.0,65,true
2026-07-08,6,3,3500888,2,1,20.0,33,true
2026-07-08,6,3,3500888,3,1,15.0,25,true
2026-07-08,6,3,3500888,4,1,20.0,33,true
2026-07-08,6,3,3500888,5,1,10.0,17,true
2026-07-08,6,3,3500888,6,1,22.0,36,true
2026-07-08,6,3,3500888,7,1,24.0,39,true
2026-07-08,6,3,3500888,8,1,30.0,49,true
2026-07-08,6,3,3500888,9,1,15.0,25,true
2026-07-08,6,3,3500888,10,1,19.0,31,true
2026-07-08,6,3,3500888,11,1,14.0,23,true
2026-07-08,6,3,3500888,12,1,20.0,33,true
2026-07-08,6,3,3500888,13,1,19.0,31,true
2026-07-08,1,2,3500005,1,1,16.0,91,true
2026-07-08,1,2,3500005,2,1,18.0,102,true
2026-07-08,1,2,3500005,3,1,12.0,68,true
2026-07-08,1,2,3500005,4,1,14.0,80,true
2026-07-08,1,2,3500005,5,1,16.0,91,true
2026-07-08,1,2,3500005,6,1,22.0,125,true
2026-07-08,1,2,3500005,7,1,11.0,63,true
2026-07-08,1,2,3500005,8,1,16.0,91,true
2026-07-08,1,2,3500005,9,1,14.0,80,true
2026-07-08,1,2,3500005,10,1,16.0,91,true
2026-07-08,1,2,3500005,11,1,12.0,68,true
2026-07-08,1,2,3500005,12,1,11.0,63,true
2026-07-08,1,2,3500005,13,1,11.0,63,true
2026-07-08,2,2,3500162,1,1,18.0,86,true
2026-07-08,2,2,3500162,2,1,14.0,67,true
2026-07-08,2,2,3500162,3,1,189.0,900,true
2026-07-08,2,2,3500162,4,1,19.0,91,true
2026-07-08,2,2,3500162,5,1,21.0,100,true
2026-07-08,2,2,3500162,6,1,16.0,77,true
2026-07-08,2,2,3500162,7,1,18.0,86,true
2026-07-08,2,2,3500162,8,1,16.0,77,true
2026-07-08,2,2,3500162,9,1,12.0,58,true
2026-07-08,2,2,3500162,10,1,10.0,48,true
2026-07-08,2,2,3500162,11,1,11.0,53,true
2026-07-08,2,2,3500162,12,1,11.0,53,true
2026-07-08,2,2,3500162,13,1,12.0,58,true
2026-07-08,4,2,3501225,1,1,16.0,97,true
2026-07-08,4,2,3501225,2,1,18.0,110,true
2026-07-08,4,2,3501225,3,1,19.0,116,true
2026-07-08,4,2,3501225,4,1,12.0,73,true
2026-07-08,4,2,3501225,5,1,16.0,97,true
2026-07-08,4,2,3501225,6,1,30.0,182,true
2026-07-08,4,2,3501225,7,1,21.0,128,true
2026-07-08,4,2,3501225,8,1,24.0,146,true
2026-07-08,4,2,3501225,9,1,16.0,97,true
2026-07-08,4,2,3501225,10,1,18.0,110,true
2026-07-08,4,2,3501225,11,1,14.0,85,true
2026-07-08,4,2,3501225,12,1,11.0,67,true
2026-07-08,4,2,3501225,13,1,12.0,73,true
2026-07-09,1,1,3500005,1,1,15.0,85,true
2026-07-09,1,1,3500005,2,1,12.0,68,true
2026-07-09,1,1,3500005,3,1,13.0,74,true
2026-07-09,1,1,3500005,4,1,12.0,68,true
2026-07-09,1,1,3500005,5,1,10.0,57,true
2026-07-09,1,1,3500005,6,1,12.0,68,true
2026-07-09,1,1,3500005,7,1,10.0,57,true
2026-07-09,1,1,3500005,8,1,12.0,68,true
2026-07-09,1,1,3500005,9,1,11.0,63,true
2026-07-09,1,1,3500005,10,1,10.0,57,true
2026-07-09,1,1,3500005,11,1,10.0,57,true
2026-07-09,1,1,3500005,12,1,12.0,68,true
2026-07-09,1,1,3500005,13,1,13.0,74,true
2026-07-09,2,1,3501430,1,1,18.0,57,true
2026-07-09,2,1,3501430,2,1,13.0,41,true
2026-07-09,2,1,3501430,3,1,12.0,38,true
2026-07-09,2,1,3501430,4,1,13.0,41,true
2026-07-09,2,1,3501430,5,1,15.0,47,true
2026-07-09,2,1,3501430,6,1,16.0,50,true
2026-07-09,2,1,3501430,7,1,15.0,47,true
2026-07-09,2,1,3501430,8,1,14.0,44,true
2026-07-09,2,1,3501430,9,1,12.0,38,true
2026-07-09,2,1,3501430,10,1,13.0,41,true
2026-07-09,2,1,3501430,11,1,10.0,32,true
2026-07-09,2,1,3501430,12,1,13.0,41,true
2026-07-09,2,1,3501430,13,1,12.0,38,true
2026-07-09,4,1,3500446,1,1,22.0,95,true
2026-07-09,4,1,3500446,2,1,23.0,100,true
2026-07-09,4,1,3500446,3,1,20.0,87,true
2026-07-09,4,1,3500446,4,1,19.0,82,true
2026-07-09,4,1,3500446,5,1,18.0,78,true
2026-07-09,4,1,3500446,6,1,19.0,82,true
2026-07-09,4,1,3500446,7,1,18.0,78,true
2026-07-09,4,1,3500446,8,1,15.0,65,true
2026-07-09,4,1,3500446,9,1,12.0,52,true
2026-07-09,4,1,3500446,10,1,15.0,65,true
2026-07-09,4,1,3500446,11,1,14.0,61,true
2026-07-09,4,1,3500446,12,1,15.0,65,true
2026-07-09,4,1,3500446,13,1,16.0,69,true
2026-07-10,1,3,3500005,1,1,13.0,74,true
2026-07-10,1,3,3500005,2,1,10.0,57,true
2026-07-10,1,3,3500005,3,1,12.0,68,true
2026-07-10,1,3,3500005,4,1,10.0,57,true
2026-07-10,1,3,3500005,5,1,9.0,51,true
2026-07-10,1,3,3500005,6,1,21.0,119,true
2026-07-10,1,3,3500005,7,1,10.0,57,true
2026-07-10,1,3,3500005,8,1,9.0,51,true
2026-07-10,1,3,3500005,9,1,7.0,40,true
2026-07-10,1,3,3500005,10,1,10.0,57,true
2026-07-10,1,3,3500005,11,1,12.0,68,true
2026-07-10,1,3,3500005,12,1,10.0,57,true
2026-07-10,1,3,3500005,13,1,23.0,130,true
2026-07-10,2,3,3501430,1,1,24.0,75,true
2026-07-10,2,3,3501430,2,1,14.0,44,true
2026-07-10,2,3,3501430,3,1,20.0,63,true
2026-07-10,2,3,3501430,4,1,19.0,60,true
2026-07-10,2,3,3501430,5,1,17.0,53,true
2026-07-10,2,3,3501430,6,1,19.0,60,true
2026-07-10,2,3,3501430,7,1,20.0,63,true
2026-07-10,2,3,3501430,8,1,16.0,50,true
2026-07-10,2,3,3501430,9,1,14.0,44,true
2026-07-10,2,3,3501430,10,1,10.0,32,true
2026-07-10,2,3,3501430,11,1,12.0,38,true
2026-07-10,2,3,3501430,12,1,11.0,35,true
2026-07-10,2,3,3501430,13,1,19.0,60,true
2026-07-10,4,3,3500446,1,1,40.0,173,true
2026-07-10,4,3,3500446,2,1,24.0,104,true
2026-07-10,4,3,3500446,3,1,30.0,130,true
2026-07-10,4,3,3500446,4,1,19.0,82,true
2026-07-10,4,3,3500446,5,1,20.0,87,true
2026-07-10,4,3,3500446,6,1,20.0,87,true
2026-07-10,4,3,3500446,7,1,24.0,104,true
2026-07-10,4,3,3500446,8,1,24.0,104,true
2026-07-10,4,3,3500446,9,1,10.0,44,true
2026-07-10,4,3,3500446,10,1,33.0,143,true
2026-07-10,4,3,3500446,11,1,22.0,95,true
2026-07-10,4,3,3500446,12,1,19.0,82,true
2026-07-10,4,3,3500446,13,1,19.0,82,true
2026-07-09,1,2,3500005,1,1,20.0,113,true
2026-07-09,1,2,3500005,2,1,17.0,97,true
2026-07-09,1,2,3500005,3,1,19.0,108,true
2026-07-09,1,2,3500005,4,1,15.0,85,true
2026-07-09,1,2,3500005,5,1,14.0,80,true
2026-07-09,1,2,3500005,6,1,21.0,119,true
2026-07-09,1,2,3500005,7,1,8.0,46,true
2026-07-09,1,2,3500005,8,1,13.0,74,true
2026-07-09,1,2,3500005,9,1,16.0,91,true
2026-07-09,1,2,3500005,10,1,7.0,40,true
2026-07-09,1,2,3500005,11,1,10.0,57,true
2026-07-09,1,2,3500005,12,1,11.0,63,true
2026-07-09,1,2,3500005,13,1,18.0,102,true
2026-07-09,2,2,3501430,1,1,11.0,35,true
2026-07-09,2,2,3501430,2,1,14.0,44,true
2026-07-09,2,2,3501430,3,1,17.0,53,true
2026-07-09,2,2,3501430,4,1,18.0,57,true
2026-07-09,2,2,3501430,5,1,20.0,63,true
2026-07-09,2,2,3501430,6,1,27.0,85,true
2026-07-09,2,2,3501430,7,1,13.0,41,true
2026-07-09,2,2,3501430,8,1,9.0,29,true
2026-07-09,2,2,3501430,9,1,10.0,32,true
2026-07-09,2,2,3501430,10,1,11.0,35,true
2026-07-09,2,2,3501430,11,1,9.0,29,true
2026-07-09,2,2,3501430,12,1,14.0,44,true
2026-07-09,2,2,3501430,13,1,31.0,97,true
2026-07-09,4,2,3500446,1,1,13.0,57,true
2026-07-09,4,2,3500446,2,1,16.0,69,true
2026-07-09,4,2,3500446,3,1,19.0,82,true
2026-07-09,4,2,3500446,4,1,20.0,87,true
2026-07-09,4,2,3500446,5,1,14.0,61,true
2026-07-09,4,2,3500446,6,1,32.0,138,true
2026-07-09,4,2,3500446,7,1,18.0,78,true
2026-07-09,4,2,3500446,8,1,10.0,44,true
2026-07-09,4,2,3500446,9,1,11.0,48,true
2026-07-09,4,2,3500446,10,1,9.0,39,true
2026-07-09,4,2,3500446,11,1,7.0,31,true
2026-07-09,4,2,3500446,12,1,12.0,52,true
2026-07-09,4,2,3500446,13,1,21.0,91,true
2026-07-10,1,1,3500005,1,1,15.0,85,true
2026-07-10,1,1,3500005,2,1,14.0,80,true
2026-07-10,1,1,3500005,3,1,10.0,57,true
2026-07-10,1,1,3500005,4,1,12.0,68,true
2026-07-10,1,1,3500005,5,1,13.0,74,true
2026-07-10,1,1,3500005,6,1,14.0,80,true
2026-07-10,1,1,3500005,7,1,10.0,57,true
2026-07-10,1,1,3500005,8,1,10.0,57,true
2026-07-10,1,1,3500005,9,1,12.0,68,true
2026-07-10,1,1,3500005,10,1,11.0,63,true
2026-07-10,1,1,3500005,11,1,11.0,63,true
2026-07-10,1,1,3500005,12,1,12.0,68,true
2026-07-10,1,1,3500005,13,1,12.0,68,true
2026-07-10,2,1,3501430,1,1,18.0,57,true
2026-07-10,2,1,3501430,2,1,17.0,53,true
2026-07-10,2,1,3501430,3,1,12.0,38,true
2026-07-10,2,1,3501430,4,1,13.0,41,true
2026-07-10,2,1,3501430,5,1,15.0,47,true
2026-07-10,2,1,3501430,6,1,6.0,19,true
2026-07-10,2,1,3501430,7,1,13.0,41,true
2026-07-10,2,1,3501430,8,1,15.0,47,true
2026-07-10,2,1,3501430,9,1,12.0,38,true
2026-07-10,2,1,3501430,10,1,13.0,41,true
2026-07-10,2,1,3501430,11,1,10.0,32,true
2026-07-10,2,1,3501430,12,1,12.0,38,true
2026-07-10,2,1,3501430,13,1,13.0,41,true
2026-07-10,4,1,3500446,1,1,22.0,95,true
2026-07-10,4,1,3500446,2,1,23.0,100,true
2026-07-10,4,1,3500446,3,1,20.0,87,true
2026-07-10,4,1,3500446,4,1,19.0,82,true
2026-07-10,4,1,3500446,5,1,19.0,82,true
2026-07-10,4,1,3500446,6,1,18.0,78,true
2026-07-10,4,1,3500446,7,1,13.0,57,true
2026-07-10,4,1,3500446,8,1,14.0,61,true
2026-07-10,4,1,3500446,9,1,12.0,52,true
2026-07-10,4,1,3500446,10,1,12.0,52,true
2026-07-10,4,1,3500446,11,1,13.0,57,true
2026-07-10,4,1,3500446,12,1,12.0,52,true
2026-07-10,4,1,3500446,13,1,13.0,57,true
2026-07-11,1,3,3500005,1,1,13.0,74,true
2026-07-11,1,3,3500005,2,1,18.0,102,true
2026-07-11,1,3,3500005,3,1,12.0,68,true
2026-07-11,1,3,3500005,4,1,15.0,85,true
2026-07-11,1,3,3500005,5,1,10.0,57,true
2026-07-11,1,3,3500005,6,1,20.0,113,true
2026-07-11,1,3,3500005,7,1,14.0,80,true
2026-07-11,1,3,3500005,8,1,17.0,97,true
2026-07-11,1,3,3500005,9,1,13.0,74,true
2026-07-11,1,3,3500005,10,1,10.0,57,true
2026-07-11,1,3,3500005,11,1,9.0,51,true
2026-07-11,1,3,3500005,12,1,8.0,46,true
2026-07-11,1,3,3500005,13,1,20.0,113,true
2026-07-11,2,3,3501430,1,1,24.0,75,true
2026-07-11,2,3,3501430,2,1,29.0,91,true
2026-07-11,2,3,3501430,3,1,15.0,47,true
2026-07-11,2,3,3501430,4,1,12.0,38,true
2026-07-11,2,3,3501430,5,1,20.0,63,true
2026-07-11,2,3,3501430,6,1,18.0,57,true
2026-07-11,2,3,3501430,7,1,20.0,63,true
2026-07-11,2,3,3501430,8,1,16.0,50,true
2026-07-11,2,3,3501430,9,1,19.0,60,true
2026-07-11,2,3,3501430,10,1,17.0,53,true
2026-07-11,2,3,3501430,11,1,10.0,32,true
2026-07-11,2,3,3501430,12,1,15.0,47,true
2026-07-11,2,3,3501430,13,1,20.0,63,true
2026-07-11,4,3,3500162,1,1,24.0,115,true
2026-07-11,4,3,3500162,2,1,20.0,96,true
2026-07-11,4,3,3500162,3,1,15.0,72,true
2026-07-11,4,3,3500162,4,1,10.0,48,true
2026-07-11,4,3,3500162,5,1,15.0,72,true
2026-07-11,4,3,3500162,6,1,19.0,91,true
2026-07-11,4,3,3500162,7,1,20.0,96,true
2026-07-11,4,3,3500162,8,1,20.0,96,true
2026-07-11,4,3,3500162,9,1,10.0,48,true
2026-07-11,4,3,3500162,10,1,15.0,72,true
2026-07-11,4,3,3500162,11,1,17.0,81,true
2026-07-11,4,3,3500162,12,1,19.0,91,true
2026-07-11,4,3,3500162,13,1,20.0,96,true
2026-07-11,1,1,3500005,1,1,15.0,85,true
2026-07-11,1,1,3500005,2,1,14.0,80,true
2026-07-11,1,1,3500005,3,1,13.0,74,true
2026-07-11,1,1,3500005,4,1,11.0,63,true
2026-07-11,1,1,3500005,5,1,12.0,68,true
2026-07-11,1,1,3500005,6,1,13.0,74,true
2026-07-11,1,1,3500005,7,1,12.0,68,true
2026-07-11,1,1,3500005,8,1,10.0,57,true
2026-07-11,1,1,3500005,9,1,11.0,63,true
2026-07-11,1,1,3500005,10,1,12.0,68,true
2026-07-11,1,1,3500005,11,1,10.0,57,true
2026-07-11,1,1,3500005,12,1,12.0,68,true
2026-07-11,1,1,3500005,13,1,13.0,74,true
2026-07-11,2,1,3501430,1,1,18.0,57,true
2026-07-11,2,1,3501430,2,1,15.0,47,true
2026-07-11,2,1,3501430,3,1,12.0,38,true
2026-07-11,2,1,3501430,4,1,13.0,41,true
2026-07-11,2,1,3501430,5,1,15.0,47,true
2026-07-11,2,1,3501430,6,1,14.0,44,true
2026-07-11,2,1,3501430,7,1,15.0,47,true
2026-07-11,2,1,3501430,8,1,12.0,38,true
2026-07-11,2,1,3501430,9,1,13.0,41,true
2026-07-11,2,1,3501430,10,1,10.0,32,true
2026-07-11,2,1,3501430,11,1,12.0,38,true
2026-07-11,2,1,3501430,12,1,13.0,41,true
2026-07-11,2,1,3501430,13,1,14.0,44,true
2026-07-11,4,1,3500162,1,1,22.0,105,true
2026-07-11,4,1,3500162,2,1,20.0,96,true
2026-07-11,4,1,3500162,3,1,21.0,100,true
2026-07-11,4,1,3500162,4,1,19.0,91,true
2026-07-11,4,1,3500162,5,1,12.0,58,true
2026-07-11,4,1,3500162,6,1,19.0,91,true
2026-07-11,4,1,3500162,7,1,18.0,86,true
2026-07-11,4,1,3500162,8,1,15.0,72,true
2026-07-11,4,1,3500162,9,1,12.0,58,true
2026-07-11,4,1,3500162,10,1,15.0,72,true
2026-07-11,4,1,3500162,11,1,12.0,58,true
2026-07-11,4,1,3500162,12,1,10.0,48,true
2026-07-11,4,1,3500162,13,1,12.0,58,true
2026-07-11,1,2,3500005,1,1,20.0,113,true
2026-07-11,1,2,3500005,2,1,17.0,97,true
2026-07-11,1,2,3500005,3,1,14.0,80,true
2026-07-11,1,2,3500005,4,1,16.0,91,true
2026-07-11,1,2,3500005,5,1,11.0,63,true
2026-07-11,1,2,3500005,6,1,22.0,125,true
2026-07-11,1,2,3500005,7,1,9.0,51,true
2026-07-11,1,2,3500005,8,1,13.0,74,true
2026-07-11,1,2,3500005,9,1,15.0,85,true
2026-07-11,1,2,3500005,10,1,19.0,108,true
2026-07-11,1,2,3500005,11,1,8.0,46,true
2026-07-11,1,2,3500005,12,1,11.0,63,true
2026-07-11,1,2,3500005,13,1,25.0,142,true
2026-07-11,2,2,3501430,1,1,17.0,53,true
2026-07-11,2,2,3501430,2,1,13.0,41,true
2026-07-11,2,2,3501430,3,1,12.0,38,true
2026-07-11,2,2,3501430,4,1,18.0,57,true
2026-07-11,2,2,3501430,5,1,20.0,63,true
2026-07-11,2,2,3501430,6,1,25.0,78,true
2026-07-11,2,2,3501430,7,1,10.0,32,true
2026-07-11,2,2,3501430,8,1,16.0,50,true
2026-07-11,2,2,3501430,9,1,19.0,60,true
2026-07-11,2,2,3501430,10,1,15.0,47,true
2026-07-11,2,2,3501430,11,1,8.0,25,true
2026-07-11,2,2,3501430,12,1,9.0,29,true
2026-07-11,2,2,3501430,13,1,17.0,53,true
2026-07-11,4,2,3500162,1,1,10.0,48,true
2026-07-11,4,2,3500162,2,1,16.0,77,true
2026-07-11,4,2,3500162,3,1,18.0,86,true
2026-07-11,4,2,3500162,4,1,20.0,96,true
2026-07-11,4,2,3500162,5,1,15.0,72,true
2026-07-11,4,2,3500162,6,1,25.0,120,true
2026-07-11,4,2,3500162,7,1,17.0,81,true
2026-07-11,4,2,3500162,8,1,13.0,62,true
2026-07-11,4,2,3500162,9,1,19.0,91,true
2026-07-11,4,2,3500162,10,1,12.0,58,true
2026-07-11,4,2,3500162,11,1,7.0,34,true
2026-07-11,4,2,3500162,12,1,10.0,48,true
2026-07-11,4,2,3500162,13,1,17.0,81,true
2026-07-12,1,3,3500005,1,1,15.0,85,true
2026-07-12,1,3,3500005,2,1,12.0,68,true
2026-07-12,1,3,3500005,3,1,10.0,57,true
2026-07-12,1,3,3500005,4,1,11.0,63,true
2026-07-12,1,3,3500005,5,1,10.0,57,true
2026-07-12,1,3,3500005,6,1,16.0,91,true
2026-07-12,1,3,3500005,7,1,16.0,91,true
2026-07-12,1,3,3500005,8,1,20.0,113,true
2026-07-12,1,3,3500005,9,1,10.0,57,true
2026-07-12,1,3,3500005,10,1,12.0,68,true
2026-07-12,1,3,3500005,11,1,21.0,119,true
2026-07-12,1,3,3500005,12,1,10.0,57,true
2026-07-12,1,3,3500005,13,1,19.0,108,true
2026-07-12,2,3,3501430,1,1,20.0,63,true
2026-07-12,2,3,3501430,2,1,15.0,47,true
2026-07-12,2,3,3501430,3,1,10.0,32,true
2026-07-12,2,3,3501430,4,1,12.0,38,true
2026-07-12,2,3,3501430,5,1,22.0,69,true
2026-07-12,2,3,3501430,6,1,19.0,60,true
2026-07-12,2,3,3501430,7,1,22.0,69,true
2026-07-12,2,3,3501430,8,1,10.0,32,true
2026-07-12,2,3,3501430,9,1,15.0,47,true
2026-07-12,2,3,3501430,10,1,12.0,38,true
2026-07-12,2,3,3501430,11,1,10.0,32,true
2026-07-12,2,3,3501430,12,1,19.0,60,true
2026-07-12,2,3,3501430,13,1,21.0,66,true
2026-07-12,4,3,3500162,1,1,20.0,96,true
2026-07-12,4,3,3500162,2,1,24.0,115,true
2026-07-12,4,3,3500162,3,1,30.0,143,true
2026-07-12,4,3,3500162,4,1,15.0,72,true
2026-07-12,4,3,3500162,5,1,19.0,91,true
2026-07-12,4,3,3500162,6,1,22.0,105,true
2026-07-12,4,3,3500162,7,1,22.0,105,true
2026-07-12,4,3,3500162,8,1,19.0,91,true
2026-07-12,4,3,3500162,9,1,211.0,1005,true
2026-07-12,4,3,3500162,10,1,10.0,48,true
2026-07-12,4,3,3500162,11,1,17.0,81,true
2026-07-12,4,3,3500162,12,1,10.0,48,true
2026-07-12,4,3,3500162,13,1,22.0,105,true
2026-07-12,1,1,3500005,1,1,16.0,91,true
2026-07-12,1,1,3500005,2,1,18.0,102,true
2026-07-12,1,1,3500005,3,1,12.0,68,true
2026-07-12,1,1,3500005,4,1,10.0,57,true
2026-07-12,1,1,3500005,5,1,11.0,63,true
2026-07-12,1,1,3500005,6,1,22.0,125,true
2026-07-12,1,1,3500005,7,1,11.0,63,true
2026-07-12,1,1,3500005,8,1,12.0,68,true
2026-07-12,1,1,3500005,9,1,11.0,63,true
2026-07-12,1,1,3500005,10,1,10.0,57,true
2026-07-12,1,1,3500005,11,1,11.0,63,true
2026-07-12,1,1,3500005,12,1,12.0,68,true
2026-07-12,1,1,3500005,13,1,10.0,57,true
2026-07-12,2,1,3501430,1,1,20.0,63,true
2026-07-12,2,1,3501430,2,1,16.0,50,true
2026-07-12,2,1,3501430,3,1,18.0,57,true
2026-07-12,2,1,3501430,4,1,19.0,60,true
2026-07-12,2,1,3501430,5,1,21.0,66,true
2026-07-12,2,1,3501430,6,1,38.0,119,true
2026-07-12,2,1,3501430,7,1,16.0,50,true
2026-07-12,2,1,3501430,8,1,12.0,38,true
2026-07-12,2,1,3501430,9,1,10.0,32,true
2026-07-12,2,1,3501430,10,1,11.0,35,true
2026-07-12,2,1,3501430,11,1,12.0,38,true
2026-07-12,2,1,3501430,12,1,10.0,32,true
2026-07-12,2,1,3501430,13,1,11.0,35,true
2026-07-12,4,1,3500162,1,1,20.0,96,true
2026-07-12,4,1,3500162,2,1,16.0,77,true
2026-07-12,4,1,3500162,3,1,22.0,105,true
2026-07-12,4,1,3500162,4,1,24.0,115,true
2026-07-12,4,1,3500162,5,1,16.0,77,true
2026-07-12,4,1,3500162,6,1,37.0,177,true
2026-07-12,4,1,3500162,7,1,11.0,53,true
2026-07-12,4,1,3500162,8,1,12.0,58,true
2026-07-12,4,1,3500162,9,1,10.0,48,true
2026-07-12,4,1,3500162,10,1,11.0,53,true
2026-07-12,4,1,3500162,11,1,12.0,58,true
2026-07-12,4,1,3500162,12,1,10.0,48,true
2026-07-12,4,1,3500162,13,1,11.0,53,true
2026-07-12,1,2,3500005,1,1,10.0,57,true
2026-07-12,1,2,3500005,2,1,20.0,113,true
2026-07-12,1,2,3500005,3,1,14.0,80,true
2026-07-12,1,2,3500005,4,1,11.0,63,true
2026-07-12,1,2,3500005,5,1,16.0,91,true
2026-07-12,1,2,3500005,6,1,28.0,159,true
2026-07-12,1,2,3500005,7,1,7.0,40,true
2026-07-12,1,2,3500005,8,1,13.0,74,true
2026-07-12,1,2,3500005,9,1,8.0,46,true
2026-07-12,1,2,3500005,10,1,15.0,85,true
2026-07-12,1,2,3500005,11,1,17.0,97,true
2026-07-12,1,2,3500005,12,1,12.0,68,true
2026-07-12,1,2,3500005,13,1,29.0,164,true
2026-07-12,2,2,3500162,1,1,15.0,72,true
2026-07-12,2,2,3500162,2,1,19.0,91,true
2026-07-12,2,2,3500162,3,1,11.0,53,true
2026-07-12,2,2,3500162,4,1,17.0,81,true
2026-07-12,2,2,3500162,5,1,9.0,43,true
2026-07-12,2,2,3500162,6,1,34.0,162,true
2026-07-12,2,2,3500162,7,1,8.0,39,true
2026-07-12,2,2,3500162,8,1,12.0,58,true
2026-07-12,2,2,3500162,9,1,10.0,48,true
2026-07-12,2,2,3500162,10,1,18.0,86,true
2026-07-12,2,2,3500162,11,1,13.0,62,true
2026-07-12,2,2,3500162,12,1,16.0,77,true
2026-07-12,2,2,3500162,13,1,24.0,115,true
2026-07-12,4,2,3500162,1,1,11.0,53,true
2026-07-12,4,2,3500162,2,1,16.0,77,true
2026-07-12,4,2,3500162,3,1,14.0,67,true
2026-07-12,4,2,3500162,4,1,10.0,48,true
2026-07-12,4,2,3500162,5,1,12.0,58,true
2026-07-12,4,2,3500162,6,1,24.0,115,true
2026-07-12,4,2,3500162,7,1,8.0,39,true
2026-07-12,4,2,3500162,8,1,20.0,96,true
2026-07-12,4,2,3500162,9,1,17.0,81,true
2026-07-12,4,2,3500162,10,1,13.0,62,true
2026-07-12,4,2,3500162,11,1,18.0,86,true
2026-07-12,4,2,3500162,12,1,7.0,34,true
2026-07-12,4,2,3500162,13,1,23.0,110,true
2026-07-13,1,3,3500005,1,1,9.0,51,true
2026-07-13,1,3,3500005,2,1,11.0,63,true
2026-07-13,1,3,3500005,3,1,8.0,46,true
2026-07-13,1,3,3500005,4,1,10.0,57,true
2026-07-13,1,3,3500005,5,1,12.0,68,true
2026-07-13,1,3,3500005,6,1,16.0,91,true
2026-07-13,1,3,3500005,7,1,7.0,40,true
2026-07-13,1,3,3500005,8,1,9.0,51,true
2026-07-13,1,3,3500005,9,1,11.0,63,true
2026-07-13,1,3,3500005,10,1,13.0,74,true
2026-07-13,1,3,3500005,11,1,9.0,51,true
2026-07-13,1,3,3500005,12,1,11.0,63,true
2026-07-13,1,3,3500005,13,1,14.0,80,true
2026-07-13,2,3,3500162,1,1,14.0,67,true
2026-07-13,2,3,3500162,2,1,17.0,81,true
2026-07-13,2,3,3500162,3,1,13.0,62,true
2026-07-13,2,3,3500162,4,1,10.0,48,true
2026-07-13,2,3,3500162,5,1,15.0,72,true
2026-07-13,2,3,3500162,6,1,34.0,162,true
2026-07-13,2,3,3500162,7,1,19.0,91,true
2026-07-13,2,3,3500162,8,1,13.0,62,true
2026-07-13,2,3,3500162,9,1,15.0,72,true
2026-07-13,2,3,3500162,10,1,10.0,48,true
2026-07-13,2,3,3500162,11,1,16.0,77,true
2026-07-13,2,3,3500162,12,1,18.0,86,true
2026-07-13,2,3,3500162,13,1,13.0,62,true
2026-07-13,4,3,3500162,1,1,19.0,91,true
2026-07-13,4,3,3500162,2,1,22.0,105,true
2026-07-13,4,3,3500162,3,1,20.0,96,true
2026-07-13,4,3,3500162,4,1,15.0,72,true
2026-07-13,4,3,3500162,5,1,17.0,81,true
2026-07-13,4,3,3500162,6,1,36.0,172,true
2026-07-13,4,3,3500162,7,1,21.0,100,true
2026-07-13,4,3,3500162,8,1,20.0,96,true
2026-07-13,4,3,3500162,9,1,13.0,62,true
2026-07-13,4,3,3500162,10,1,17.0,81,true
2026-07-13,4,3,3500162,11,1,19.0,91,true
2026-07-13,4,3,3500162,12,1,13.0,62,true
2026-07-13,4,3,3500162,13,1,16.0,77,true
2026-07-13,1,1,3500005,1,1,15.0,85,true
2026-07-13,1,1,3500005,2,1,12.0,68,true
2026-07-13,1,1,3500005,3,1,13.0,74,true
2026-07-13,1,1,3500005,4,1,12.0,68,true
2026-07-13,1,1,3500005,5,1,10.0,57,true
2026-07-13,1,1,3500005,6,1,25.0,142,true
2026-07-13,1,1,3500005,7,1,20.0,113,true
2026-07-13,1,1,3500005,8,1,15.0,85,true
2026-07-13,1,1,3500005,9,1,18.0,102,true
2026-07-13,1,1,3500005,10,1,12.0,68,true
2026-07-13,1,1,3500005,11,1,13.0,74,true
2026-07-13,1,1,3500005,12,1,20.0,113,true
2026-07-13,1,1,3500005,13,1,13.0,74,true
2026-07-13,2,1,3500162,1,1,20.0,96,true
2026-07-13,2,1,3500162,2,1,25.0,120,true
2026-07-13,2,1,3500162,3,1,25.0,120,true
2026-07-13,2,1,3500162,4,1,30.0,143,true
2026-07-13,2,1,3500162,5,1,25.0,120,true
2026-07-13,2,1,3500162,6,1,30.0,143,true
2026-07-13,2,1,3500162,7,1,13.0,62,true
2026-07-13,2,1,3500162,8,1,28.0,134,true
2026-07-13,2,1,3500162,9,1,19.0,91,true
2026-07-13,2,1,3500162,10,1,25.0,120,true
2026-07-13,2,1,3500162,11,1,20.0,96,true
2026-07-13,2,1,3500162,12,1,35.0,167,true
2026-07-13,2,1,3500162,13,1,25.0,120,true
2026-07-13,4,1,3500162,1,1,25.0,120,true
2026-07-13,4,1,3500162,2,1,26.0,124,true
2026-07-13,4,1,3500162,3,1,22.0,105,true
2026-07-13,4,1,3500162,4,1,24.0,115,true
2026-07-13,4,1,3500162,5,1,20.0,96,true
2026-07-13,4,1,3500162,6,1,35.0,167,true
2026-07-13,4,1,3500162,7,1,18.0,86,true
2026-07-13,4,1,3500162,8,1,35.0,167,true
2026-07-13,4,1,3500162,9,1,10.0,48,true
2026-07-13,4,1,3500162,10,1,12.0,58,true
2026-07-13,4,1,3500162,11,1,23.0,110,true
2026-07-13,4,1,3500162,12,1,35.0,167,true
2026-07-13,4,1,3500162,13,1,10.0,48,true
2026-07-13,6,1,3500888,1,1,10.0,17,true
2026-07-13,6,1,3500888,2,1,12.0,20,true
2026-07-13,6,1,3500888,3,1,13.0,21,true
2026-07-13,6,1,3500888,4,1,14.0,23,true
2026-07-13,6,1,3500888,5,1,12.0,20,true
2026-07-13,6,1,3500888,6,1,0.0,0,true
2026-07-13,6,1,3500888,7,1,10.0,17,true
2026-07-13,6,1,3500888,8,1,12.0,20,true
2026-07-13,6,1,3500888,9,1,10.0,17,true
2026-07-13,6,1,3500888,10,1,12.0,20,true
2026-07-13,6,1,3500888,11,1,13.0,21,true
2026-07-13,6,1,3500888,12,1,10.0,17,true
2026-07-13,6,1,3500888,13,1,15.0,25,true
2026-07-14,1,1,3500005,1,1,10.0,57,true
2026-07-14,1,1,3500005,2,1,18.0,102,true
2026-07-14,1,1,3500005,3,1,19.0,108,true
2026-07-14,1,1,3500005,4,1,16.0,91,true
2026-07-14,1,1,3500005,5,1,12.0,68,true
2026-07-14,1,1,3500005,6,1,30.0,170,true
2026-07-14,1,1,3500005,7,1,12.0,68,true
2026-07-14,1,1,3500005,8,1,11.0,63,true
2026-07-14,1,1,3500005,9,1,12.0,68,true
2026-07-14,1,1,3500005,10,1,10.0,57,true
2026-07-14,1,1,3500005,11,1,11.0,63,true
2026-07-14,1,1,3500005,12,1,12.0,68,true
2026-07-14,1,1,3500005,13,1,16.0,91,true
2026-07-14,2,1,3501430,1,1,16.0,50,true
2026-07-14,2,1,3501430,2,1,21.0,66,true
2026-07-14,2,1,3501430,3,1,18.0,57,true
2026-07-14,2,1,3501430,4,1,19.0,60,true
2026-07-14,2,1,3501430,5,1,14.0,44,true
2026-07-14,2,1,3501430,6,1,28.0,88,true
2026-07-14,2,1,3501430,7,1,11.0,35,true
2026-07-14,2,1,3501430,8,1,12.0,38,true
2026-07-14,2,1,3501430,9,1,14.0,44,true
2026-07-14,2,1,3501430,10,1,16.0,50,true
2026-07-14,2,1,3501430,11,1,10.0,32,true
2026-07-14,2,1,3501430,12,1,11.0,35,true
2026-07-14,2,1,3501430,13,1,22.0,69,true
2026-07-14,4,1,3501226,1,1,16.0,87,true
2026-07-14,4,1,3501226,2,1,18.0,98,true
2026-07-14,4,1,3501226,3,1,14.0,76,true
2026-07-14,4,1,3501226,4,1,16.0,87,true
2026-07-14,4,1,3501226,5,1,19.0,103,true
2026-07-14,4,1,3501226,6,1,45.0,244,true
2026-07-14,4,1,3501226,7,1,16.0,87,true
2026-07-14,4,1,3501226,8,1,18.0,98,true
2026-07-14,4,1,3501226,9,1,10.0,55,true
2026-07-14,4,1,3501226,10,1,18.0,98,true
2026-07-14,4,1,3501226,11,1,26.0,141,true
2026-07-14,4,1,3501226,12,1,28.0,152,true
2026-07-14,4,1,3501226,13,1,16.0,87,true
2026-07-14,6,1,3500888,1,1,20.0,33,true
2026-07-14,6,1,3500888,2,1,22.0,36,true
2026-07-14,6,1,3500888,3,1,16.0,26,true
2026-07-14,6,1,3500888,4,1,10.0,17,true
2026-07-14,6,1,3500888,5,1,11.0,18,true
2026-07-14,6,1,3500888,6,1,28.0,46,true
2026-07-14,6,1,3500888,7,1,11.0,18,true
2026-07-14,6,1,3500888,8,1,12.0,20,true
2026-07-14,6,1,3500888,9,1,18.0,30,true
2026-07-14,6,1,3500888,10,1,19.0,31,true
2026-07-14,6,1,3500888,11,1,14.0,23,true
2026-07-14,6,1,3500888,12,1,10.0,17,true
2026-07-14,6,1,3500888,13,1,10.0,17,true
2026-07-14,1,3,3500005,1,1,12.0,68,true
2026-07-14,1,3,3500005,2,1,10.0,57,true
2026-07-14,1,3,3500005,3,1,12.0,68,true
2026-07-14,1,3,3500005,4,1,10.0,57,true
2026-07-14,1,3,3500005,5,1,10.0,57,true
2026-07-14,1,3,3500005,6,1,12.0,68,true
2026-07-14,1,3,3500005,7,1,10.0,57,true
2026-07-14,1,3,3500005,8,1,12.0,68,true
2026-07-14,1,3,3500005,9,1,11.0,63,true
2026-07-14,1,3,3500005,10,1,10.0,57,true
2026-07-14,1,3,3500005,11,1,11.0,63,true
2026-07-14,1,3,3500005,12,1,12.0,68,true
2026-07-14,1,3,3500005,13,1,13.0,74,true
2026-07-14,2,3,3500162,1,1,18.0,86,true
2026-07-14,2,3,3500162,2,1,12.0,58,true
2026-07-14,2,3,3500162,3,1,14.0,67,true
2026-07-14,2,3,3500162,4,1,13.0,62,true
2026-07-14,2,3,3500162,5,1,12.0,58,true
2026-07-14,2,3,3500162,6,1,15.0,72,true
2026-07-14,2,3,3500162,7,1,12.0,58,true
2026-07-14,2,3,3500162,8,1,12.0,58,true
2026-07-14,2,3,3500162,9,1,11.0,53,true
2026-07-14,2,3,3500162,10,1,10.0,48,true
2026-07-14,2,3,3500162,11,1,10.0,48,true
2026-07-14,2,3,3500162,12,1,13.0,62,true
2026-07-14,2,3,3500162,13,1,12.0,58,true
2026-07-14,4,3,3501226,1,1,25.0,136,true
2026-07-14,4,3,3501226,2,1,26.0,141,true
2026-07-14,4,3,3501226,3,1,22.0,119,true
2026-07-14,4,3,3501226,4,1,30.0,163,true
2026-07-14,4,3,3501226,5,1,15.0,82,true
2026-07-14,4,3,3501226,6,1,22.0,119,true
2026-07-14,4,3,3501226,7,1,18.0,98,true
2026-07-14,4,3,3501226,8,1,25.0,136,true
2026-07-14,4,3,3501226,9,1,12.0,65,true
2026-07-14,4,3,3501226,10,1,13.0,71,true
2026-07-14,4,3,3501226,11,1,20.0,109,true
2026-07-14,4,3,3501226,12,1,15.0,82,true
2026-07-14,4,3,3501226,13,1,19.0,103,true
2026-07-14,6,3,3500888,1,1,15.0,25,true
2026-07-14,6,3,3500888,2,1,12.0,20,true
2026-07-14,6,3,3500888,3,1,13.0,21,true
2026-07-14,6,3,3500888,4,1,19.0,31,true
2026-07-14,6,3,3500888,5,1,11.0,18,true
2026-07-14,6,3,3500888,6,1,12.0,20,true
2026-07-14,6,3,3500888,7,1,16.0,26,true
2026-07-14,6,3,3500888,8,1,122.0,197,true
2026-07-14,6,3,3500888,9,1,13.0,21,true
2026-07-14,6,3,3500888,10,1,14.0,23,true
2026-07-14,6,3,3500888,11,1,13.0,21,true
2026-07-14,6,3,3500888,12,1,12.0,20,true
2026-07-14,6,3,3500888,13,1,15.0,25,true
2026-07-14,1,2,3500005,1,1,20.0,113,true
2026-07-14,1,2,3500005,2,1,12.0,68,true
2026-07-14,1,2,3500005,3,1,19.0,108,true
2026-07-14,1,2,3500005,4,1,15.0,85,true
2026-07-14,1,2,3500005,5,1,13.0,74,true
2026-07-14,1,2,3500005,6,1,20.0,113,true
2026-07-14,1,2,3500005,7,1,19.0,108,true
2026-07-14,1,2,3500005,8,1,13.0,74,true
2026-07-14,1,2,3500005,9,1,20.0,113,true
2026-07-14,1,2,3500005,10,1,16.0,91,true
2026-07-14,1,2,3500005,11,1,11.0,63,true
2026-07-14,1,2,3500005,12,1,14.0,80,true
2026-07-14,1,2,3500005,13,1,20.0,113,true
2026-07-14,2,2,3501430,1,1,25.0,78,true
2026-07-14,2,2,3501430,2,1,30.0,94,true
2026-07-14,2,2,3501430,3,1,31.0,97,true
2026-07-14,2,2,3501430,4,1,20.0,63,true
2026-07-14,2,2,3501430,5,1,19.0,60,true
2026-07-14,2,2,3501430,6,1,25.0,78,true
2026-07-14,2,2,3501430,7,1,32.0,100,true
2026-07-14,2,2,3501430,8,1,15.0,47,true
2026-07-14,2,2,3501430,9,1,25.0,78,true
2026-07-14,2,2,3501430,10,1,10.0,32,true
2026-07-14,2,2,3501430,11,1,17.0,53,true
2026-07-14,2,2,3501430,12,1,22.0,69,true
2026-07-14,2,2,3501430,13,1,20.0,63,true
2026-07-14,4,2,3501225,1,1,20.0,122,true
2026-07-14,4,2,3501225,2,1,30.0,182,true
2026-07-14,4,2,3501225,3,1,10.0,61,true
2026-07-14,4,2,3501225,4,1,22.0,134,true
2026-07-14,4,2,3501225,5,1,10.0,61,true
2026-07-14,4,2,3501225,6,1,29.0,176,true
2026-07-14,4,2,3501225,7,1,19.0,116,true
2026-07-14,4,2,3501225,8,1,13.0,79,true
2026-07-14,4,2,3501225,9,1,24.0,146,true
2026-07-14,4,2,3501225,10,1,20.0,122,true
2026-07-14,4,2,3501225,11,1,17.0,104,true
2026-07-14,4,2,3501225,12,1,23.0,140,true
2026-07-14,4,2,3501225,13,1,16.0,97,true
2026-07-14,6,2,3500888,1,1,40.0,65,true
2026-07-14,6,2,3500888,2,1,35.0,57,true
2026-07-14,6,2,3500888,3,1,24.0,39,true
2026-07-14,6,2,3500888,4,1,10.0,17,true
2026-07-14,6,2,3500888,5,1,15.0,25,true
2026-07-14,6,2,3500888,6,1,30.0,49,true
2026-07-14,6,2,3500888,7,1,20.0,33,true
2026-07-14,6,2,3500888,8,1,22.0,36,true
2026-07-14,6,2,3500888,9,1,10.0,17,true
2026-07-14,6,2,3500888,10,1,17.0,28,true
2026-07-14,6,2,3500888,11,1,19.0,31,true
2026-07-14,6,2,3500888,12,1,20.0,33,true
2026-07-14,6,2,3500888,13,1,20.0,33,true
2026-07-15,1,3,3500005,1,1,15.0,85,true
2026-07-15,1,3,3500005,2,1,12.0,68,true
2026-07-15,1,3,3500005,3,1,13.0,74,true
2026-07-15,1,3,3500005,4,1,10.0,57,true
2026-07-15,1,3,3500005,5,1,12.0,68,true
2026-07-15,1,3,3500005,6,1,11.0,63,true
2026-07-15,1,3,3500005,7,1,16.0,91,true
2026-07-15,1,3,3500005,8,1,10.0,57,true
2026-07-15,1,3,3500005,9,1,9.0,51,true
2026-07-15,1,3,3500005,10,1,12.0,68,true
2026-07-15,1,3,3500005,11,1,11.0,63,true
2026-07-15,1,3,3500005,12,1,10.0,57,true
2026-07-15,1,3,3500005,13,1,12.0,68,true
2026-07-15,2,3,3501430,1,1,18.0,57,true
2026-07-15,2,3,3501430,2,1,12.0,38,true
2026-07-15,2,3,3501430,3,1,13.0,41,true
2026-07-15,2,3,3501430,4,1,12.0,38,true
2026-07-15,2,3,3501430,5,1,10.0,32,true
2026-07-15,2,3,3501430,6,1,12.0,38,true
2026-07-15,2,3,3501430,7,1,13.0,41,true
2026-07-15,2,3,3501430,8,1,10.0,32,true
2026-07-15,2,3,3501430,9,1,12.0,38,true
2026-07-15,2,3,3501430,10,1,11.0,35,true
2026-07-15,2,3,3501430,11,1,11.0,35,true
2026-07-15,2,3,3501430,12,1,12.0,38,true
2026-07-15,2,3,3501430,13,1,13.0,41,true
2026-07-15,4,3,3501225,1,1,18.0,110,true
2026-07-15,4,3,3501225,2,1,17.0,104,true
2026-07-15,4,3,3501225,3,1,12.0,73,true
2026-07-15,4,3,3501225,4,1,13.0,79,true
2026-07-15,4,3,3501225,5,1,10.0,61,true
2026-07-15,4,3,3501225,6,1,13.0,79,true
2026-07-15,4,3,3501225,7,1,15.0,91,true
2026-07-15,4,3,3501225,8,1,12.0,73,true
2026-07-15,4,3,3501225,9,1,13.0,79,true
2026-07-15,4,3,3501225,10,1,15.0,91,true
2026-07-15,4,3,3501225,11,1,14.0,85,true
2026-07-15,4,3,3501225,12,1,12.0,73,true
2026-07-15,4,3,3501225,13,1,13.0,79,true
2026-07-15,6,3,3500888,1,1,12.0,20,true
2026-07-15,6,3,3500888,2,1,15.0,25,true
2026-07-15,6,3,3500888,3,1,12.0,20,true
2026-07-15,6,3,3500888,4,1,10.0,17,true
2026-07-15,6,3,3500888,5,1,10.0,17,true
2026-07-15,6,3,3500888,6,1,12.0,20,true
2026-07-15,6,3,3500888,7,1,10.0,17,true
2026-07-15,6,3,3500888,8,1,12.0,20,true
2026-07-15,6,3,3500888,9,1,9.0,15,true
2026-07-15,6,3,3500888,10,1,12.0,20,true
2026-07-15,6,3,3500888,11,1,10.0,17,true
2026-07-15,6,3,3500888,12,1,12.0,20,true
2026-07-15,6,3,3500888,13,1,13.0,21,true
2026-07-15,1,1,3500005,1,1,16.0,91,true
2026-07-15,1,1,3500005,2,1,18.0,102,true
2026-07-15,1,1,3500005,3,1,11.0,63,true
2026-07-15,1,1,3500005,4,1,12.0,68,true
2026-07-15,1,1,3500005,5,1,10.0,57,true
2026-07-15,1,1,3500005,6,1,21.0,119,true
2026-07-15,1,1,3500005,7,1,11.0,63,true
2026-07-15,1,1,3500005,8,1,12.0,68,true
2026-07-15,1,1,3500005,9,1,10.0,57,true
2026-07-15,1,1,3500005,10,1,11.0,63,true
2026-07-15,1,1,3500005,11,1,12.0,68,true
2026-07-15,1,1,3500005,12,1,14.0,80,true
2026-07-15,1,1,3500005,13,1,26.0,147,true
2026-07-15,2,1,3501430,1,1,10.0,32,true
2026-07-15,2,1,3501430,2,1,21.0,66,true
2026-07-15,2,1,3501430,3,1,16.0,50,true
2026-07-15,2,1,3501430,4,1,18.0,57,true
2026-07-15,2,1,3501430,5,1,16.0,50,true
2026-07-15,2,1,3501430,6,1,22.0,69,true
2026-07-15,2,1,3501430,7,1,10.0,32,true
2026-07-15,2,1,3501430,8,1,11.0,35,true
2026-07-15,2,1,3501430,9,1,12.0,38,true
2026-07-15,2,1,3501430,10,1,16.0,50,true
2026-07-15,2,1,3501430,11,1,10.0,32,true
2026-07-15,2,1,3501430,12,1,11.0,35,true
2026-07-15,2,1,3501430,13,1,22.0,69,true
2026-07-15,4,1,3501225,1,1,20.0,122,true
2026-07-15,4,1,3501225,2,1,16.0,97,true
2026-07-15,4,1,3501225,3,1,18.0,110,true
2026-07-15,4,1,3501225,4,1,19.0,116,true
2026-07-15,4,1,3501225,5,1,20.0,122,true
2026-07-15,4,1,3501225,6,1,40.0,243,true
2026-07-15,4,1,3501225,7,1,18.0,110,true
2026-07-15,4,1,3501225,8,1,19.0,116,true
2026-07-15,4,1,3501225,9,1,21.0,128,true
2026-07-15,4,1,3501225,10,1,14.0,85,true
2026-07-15,4,1,3501225,11,1,16.0,97,true
2026-07-15,4,1,3501225,12,1,12.0,73,true
2026-07-15,4,1,3501225,13,1,18.0,110,true
2026-07-15,6,1,3500888,1,1,20.0,33,true
2026-07-15,6,1,3500888,2,1,24.0,39,true
2026-07-15,6,1,3500888,3,1,16.0,26,true
2026-07-15,6,1,3500888,4,1,18.0,30,true
2026-07-15,6,1,3500888,5,1,10.0,17,true
2026-07-15,6,1,3500888,6,1,23.0,38,true
2026-07-15,6,1,3500888,7,1,10.0,17,true
2026-07-15,6,1,3500888,8,1,11.0,18,true
2026-07-15,6,1,3500888,9,1,12.0,20,true
2026-07-15,6,1,3500888,10,1,11.0,18,true
2026-07-15,6,1,3500888,11,1,12.0,20,true
2026-07-15,6,1,3500888,12,1,10.0,17,true
2026-07-15,6,1,3500888,13,1,16.0,26,true
2026-07-15,1,2,3500005,1,1,20.0,113,true
2026-07-15,1,2,3500005,2,1,24.0,136,true
2026-07-15,1,2,3500005,3,1,10.0,57,true
2026-07-15,1,2,3500005,4,1,17.0,97,true
2026-07-15,1,2,3500005,5,1,19.0,108,true
2026-07-15,1,2,3500005,6,1,21.0,119,true
2026-07-15,1,2,3500005,7,1,29.0,164,true
2026-07-15,1,2,3500005,8,1,22.0,125,true
2026-07-15,1,2,3500005,9,1,13.0,74,true
2026-07-15,1,2,3500005,10,1,19.0,108,true
2026-07-15,1,2,3500005,11,1,23.0,130,true
2026-07-15,1,2,3500005,12,1,10.0,57,true
2026-07-15,1,2,3500005,13,1,21.0,119,true
2026-07-15,2,2,3501430,1,1,24.0,75,true
2026-07-15,2,2,3501430,2,1,20.0,63,true
2026-07-15,2,2,3501430,3,1,30.0,94,true
2026-07-15,2,2,3501430,4,1,17.0,53,true
2026-07-15,2,2,3501430,5,1,20.0,63,true
2026-07-15,2,2,3501430,6,1,25.0,78,true
2026-07-15,2,2,3501430,7,1,20.0,63,true
2026-07-15,2,2,3501430,8,1,20.0,63,true
2026-07-15,2,2,3501430,9,1,19.0,60,true
2026-07-15,2,2,3501430,10,1,13.0,41,true
2026-07-15,2,2,3501430,11,1,12.0,38,true
2026-07-15,2,2,3501430,12,1,10.0,32,true
2026-07-15,2,2,3501430,13,1,27.0,85,true
2026-07-15,4,2,3501226,1,1,40.0,217,true
2026-07-15,4,2,3501226,2,1,20.0,109,true
2026-07-15,4,2,3501226,3,1,17.0,92,true
2026-07-15,4,2,3501226,4,1,20.0,109,true
2026-07-15,4,2,3501226,5,1,19.0,103,true
2026-07-15,4,2,3501226,6,1,19.0,103,true
2026-07-15,4,2,3501226,7,1,20.0,109,true
2026-07-15,4,2,3501226,8,1,35.0,190,true
2026-07-15,4,2,3501226,9,1,17.0,92,true
2026-07-15,4,2,3501226,10,1,14.0,76,true
2026-07-15,4,2,3501226,11,1,13.0,71,true
2026-07-15,4,2,3501226,12,1,10.0,55,true
2026-07-15,4,2,3501226,13,1,22.0,119,true
2026-07-15,6,2,3500887,1,1,45.0,73,true
2026-07-15,6,2,3500887,2,1,30.0,49,true
2026-07-15,6,2,3500887,3,1,22.0,36,true
2026-07-15,6,2,3500887,4,1,17.0,28,true
2026-07-15,6,2,3500887,5,1,20.0,33,true
2026-07-15,6,2,3500887,6,1,20.0,33,true
2026-07-15,6,2,3500887,7,1,30.0,49,true
2026-07-15,6,2,3500887,8,1,24.0,39,true
2026-07-15,6,2,3500887,9,1,20.0,33,true
2026-07-15,6,2,3500887,10,1,19.0,31,true
2026-07-15,6,2,3500887,11,1,23.0,38,true
2026-07-15,6,2,3500887,12,1,18.0,30,true
2026-07-15,6,2,3500887,13,1,20.0,33,true
2026-07-16,1,3,3500005,1,1,12.0,68,true
2026-07-16,1,3,3500005,2,1,13.0,74,true
2026-07-16,1,3,3500005,3,1,12.0,68,true
2026-07-16,1,3,3500005,4,1,10.0,57,true
2026-07-16,1,3,3500005,5,1,12.0,68,true
2026-07-16,1,3,3500005,6,1,13.0,74,true
2026-07-16,1,3,3500005,7,1,13.0,74,true
2026-07-16,1,3,3500005,8,1,12.0,68,true
2026-07-16,1,3,3500005,9,1,10.0,57,true
2026-07-16,1,3,3500005,10,1,10.0,57,true
2026-07-16,1,3,3500005,11,1,11.0,63,true
2026-07-16,1,3,3500005,12,1,13.0,74,true
2026-07-16,1,3,3500005,13,1,12.0,68,true
2026-07-16,2,3,3501430,1,1,14.0,44,true
2026-07-16,2,3,3501430,2,1,15.0,47,true
2026-07-16,2,3,3501430,3,1,12.0,38,true
2026-07-16,2,3,3501430,4,1,10.0,32,true
2026-07-16,2,3,3501430,5,1,12.0,38,true
2026-07-16,2,3,3501430,6,1,13.0,41,true
2026-07-16,2,3,3501430,7,1,14.0,44,true
2026-07-16,2,3,3501430,8,1,12.0,38,true
2026-07-16,2,3,3501430,9,1,10.0,32,true
2026-07-16,2,3,3501430,10,1,11.0,35,true
2026-07-16,2,3,3501430,11,1,12.0,38,true
2026-07-16,2,3,3501430,12,1,18.0,57,true
2026-07-16,2,3,3501430,13,1,12.0,38,true
2026-07-16,4,3,3501226,1,1,15.0,82,true
2026-07-16,4,3,3501226,2,1,17.0,92,true
2026-07-16,4,3,3501226,3,1,14.0,76,true
2026-07-16,4,3,3501226,4,1,13.0,71,true
2026-07-16,4,3,3501226,5,1,12.0,65,true
2026-07-16,4,3,3501226,6,1,15.0,82,true
2026-07-16,4,3,3501226,7,1,15.0,82,true
2026-07-16,4,3,3501226,8,1,12.0,65,true
2026-07-16,4,3,3501226,9,1,10.0,55,true
2026-07-16,4,3,3501226,10,1,9.0,49,true
2026-07-16,4,3,3501226,11,1,10.0,55,true
2026-07-16,4,3,3501226,12,1,11.0,60,true
2026-07-16,4,3,3501226,13,1,12.0,65,true
2026-07-16,6,3,3500887,1,1,12.0,20,true
2026-07-16,6,3,3500887,2,1,15.0,25,true
2026-07-16,6,3,3500887,3,1,13.0,21,true
2026-07-16,6,3,3500887,4,1,14.0,23,true
2026-07-16,6,3,3500887,5,1,12.0,20,true
2026-07-16,6,3,3500887,6,1,17.0,28,true
2026-07-16,6,3,3500887,7,1,15.0,25,true
2026-07-16,6,3,3500887,8,1,13.0,21,true
2026-07-16,6,3,3500887,9,1,14.0,23,true
2026-07-16,6,3,3500887,10,1,12.0,20,true
2026-07-16,6,3,3500887,11,1,10.0,17,true
2026-07-16,6,3,3500887,12,1,12.0,20,true
2026-07-16,6,3,3500887,13,1,13.0,21,true
2026-07-16,1,1,3500005,1,1,10.0,57,true
2026-07-16,1,1,3500005,2,1,11.0,63,true
2026-07-16,1,1,3500005,3,1,16.0,91,true
2026-07-16,1,1,3500005,4,1,12.0,68,true
2026-07-16,1,1,3500005,5,1,18.0,102,true
2026-07-16,1,1,3500005,6,1,10.0,57,true
2026-07-16,1,1,3500005,7,1,10.0,57,true
2026-07-16,1,1,3500005,8,1,11.0,63,true
2026-07-16,1,1,3500005,9,1,12.0,68,true
2026-07-16,1,1,3500005,10,1,16.0,91,true
2026-07-16,1,1,3500005,11,1,12.0,68,true
2026-07-16,1,1,3500005,12,1,10.0,57,true
2026-07-16,1,1,3500005,13,1,11.0,63,true
2026-07-16,2,1,3501430,1,1,20.0,63,true
2026-07-16,2,1,3501430,2,1,16.0,50,true
2026-07-16,2,1,3501430,3,1,18.0,57,true
2026-07-16,2,1,3501430,4,1,12.0,38,true
2026-07-16,2,1,3501430,5,1,10.0,32,true
2026-07-16,2,1,3501430,6,1,23.0,72,true
2026-07-16,2,1,3501430,7,1,16.0,50,true
2026-07-16,2,1,3501430,8,1,12.0,38,true
2026-07-16,2,1,3501430,9,1,10.0,32,true
2026-07-16,2,1,3501430,10,1,11.0,35,true
2026-07-16,2,1,3501430,11,1,10.0,32,true
2026-07-16,2,1,3501430,12,1,18.0,57,true
2026-07-16,2,1,3501430,13,1,19.0,60,true
2026-07-16,4,1,3501226,1,1,16.0,87,true
2026-07-16,4,1,3501226,2,1,18.0,98,true
2026-07-16,4,1,3501226,3,1,19.0,103,true
2026-07-16,4,1,3501226,4,1,10.0,55,true
2026-07-16,4,1,3501226,5,1,12.0,65,true
2026-07-16,4,1,3501226,6,1,26.0,141,true
2026-07-16,4,1,3501226,7,1,11.0,60,true
2026-07-16,4,1,3501226,8,1,12.0,65,true
2026-07-16,4,1,3501226,9,1,16.0,87,true
2026-07-16,4,1,3501226,10,1,10.0,55,true
2026-07-16,4,1,3501226,11,1,11.0,60,true
2026-07-16,4,1,3501226,12,1,12.0,65,true
2026-07-16,4,1,3501226,13,1,10.0,55,true
2026-07-16,6,1,3500887,1,1,20.0,33,true
2026-07-16,6,1,3500887,2,1,21.0,34,true
2026-07-16,6,1,3500887,3,1,16.0,26,true
2026-07-16,6,1,3500887,4,1,12.0,20,true
2026-07-16,6,1,3500887,5,1,18.0,30,true
2026-07-16,6,1,3500887,6,1,29.0,47,true
2026-07-16,6,1,3500887,7,1,10.0,17,true
2026-07-16,6,1,3500887,8,1,11.0,18,true
2026-07-16,6,1,3500887,9,1,10.0,17,true
2026-07-16,6,1,3500887,10,1,10.0,17,true
2026-07-16,6,1,3500887,11,1,18.0,30,true
2026-07-16,6,1,3500887,12,1,16.0,26,true
2026-07-16,6,1,3500887,13,1,10.0,17,true
2026-07-16,1,2,3500005,1,1,16.0,91,true
2026-07-16,1,2,3500005,2,1,19.0,108,true
2026-07-16,1,2,3500005,3,1,17.0,97,true
2026-07-16,1,2,3500005,4,1,14.0,80,true
2026-07-16,1,2,3500005,5,1,13.0,74,true
2026-07-16,1,2,3500005,6,1,19.0,108,true
2026-07-16,1,2,3500005,7,1,15.0,85,true
2026-07-16,1,2,3500005,8,1,13.0,74,true
2026-07-16,1,2,3500005,9,1,16.0,91,true
2026-07-16,1,2,3500005,10,1,20.0,113,true
2026-07-16,1,2,3500005,11,1,15.0,85,true
2026-07-16,1,2,3500005,12,1,21.0,119,true
2026-07-16,1,2,3500005,13,1,19.0,108,true
2026-07-16,2,2,3501430,1,1,35.0,110,true
2026-07-16,2,2,3501430,2,1,20.0,63,true
2026-07-16,2,2,3501430,3,1,22.0,69,true
2026-07-16,2,2,3501430,4,1,15.0,47,true
2026-07-16,2,2,3501430,5,1,19.0,60,true
2026-07-16,2,2,3501430,6,1,34.0,106,true
2026-07-16,2,2,3501430,7,1,24.0,75,true
2026-07-16,2,2,3501430,8,1,17.0,53,true
2026-07-16,2,2,3501430,9,1,16.0,50,true
2026-07-16,2,2,3501430,10,1,11.0,35,true
2026-07-16,2,2,3501430,11,1,13.0,41,true
2026-07-16,2,2,3501430,12,1,10.0,32,true
2026-07-16,2,2,3501430,13,1,22.0,69,true
2026-07-16,4,2,3500162,1,1,24.0,115,true
2026-07-16,4,2,3500162,2,1,10.0,48,true
2026-07-16,4,2,3500162,3,1,22.0,105,true
2026-07-16,4,2,3500162,4,1,15.0,72,true
2026-07-16,4,2,3500162,5,1,16.0,77,true
2026-07-16,4,2,3500162,6,1,21.0,100,true
2026-07-16,4,2,3500162,7,1,20.0,96,true
2026-07-16,4,2,3500162,8,1,15.0,72,true
2026-07-16,4,2,3500162,9,1,17.0,81,true
2026-07-16,4,2,3500162,10,1,20.0,96,true
2026-07-16,4,2,3500162,11,1,10.0,48,true
2026-07-16,4,2,3500162,12,1,17.0,81,true
2026-07-16,4,2,3500162,13,1,17.0,81,true
2026-07-16,6,2,3500887,1,1,45.0,73,true
2026-07-16,6,2,3500887,2,1,30.0,49,true
2026-07-16,6,2,3500887,3,1,20.0,33,true
2026-07-16,6,2,3500887,4,1,17.0,28,true
2026-07-16,6,2,3500887,5,1,22.0,36,true
2026-07-16,6,2,3500887,6,1,22.0,36,true
2026-07-16,6,2,3500887,7,1,30.0,49,true
2026-07-16,6,2,3500887,8,1,12.0,20,true
2026-07-16,6,2,3500887,9,1,22.0,36,true
2026-07-16,6,2,3500887,10,1,16.0,26,true
2026-07-16,6,2,3500887,11,1,17.0,28,true
2026-07-16,6,2,3500887,12,1,20.0,33,true
2026-07-16,6,2,3500887,13,1,20.0,33,true
2026-07-16,1,3,3500005,1,2,12.0,68,true
2026-07-16,1,3,3500005,2,2,13.0,74,true
2026-07-16,1,3,3500005,3,2,14.0,80,true
2026-07-16,1,3,3500005,4,2,12.0,68,true
2026-07-16,1,3,3500005,5,2,13.0,74,true
2026-07-16,1,3,3500005,6,2,12.0,68,true
2026-07-16,1,3,3500005,7,2,10.0,57,true
2026-07-16,1,3,3500005,8,2,10.0,57,true
2026-07-16,1,3,3500005,9,2,11.0,63,true
2026-07-16,1,3,3500005,10,2,9.0,51,true
2026-07-16,1,3,3500005,11,2,10.0,57,true
2026-07-16,1,3,3500005,12,2,11.0,63,true
2026-07-16,1,3,3500005,13,2,12.0,68,true
2026-07-16,2,3,3501430,1,2,15.0,47,true
2026-07-16,2,3,3501430,2,2,17.0,53,true
2026-07-16,2,3,3501430,3,2,12.0,38,true
2026-07-16,2,3,3501430,4,2,13.0,41,true
2026-07-16,2,3,3501430,5,2,14.0,44,true
2026-07-16,2,3,3501430,6,2,15.0,47,true
2026-07-16,2,3,3501430,7,2,13.0,41,true
2026-07-16,2,3,3501430,8,2,10.0,32,true
2026-07-16,2,3,3501430,9,2,12.0,38,true
2026-07-16,2,3,3501430,10,2,11.0,35,true
2026-07-16,2,3,3501430,11,2,9.0,29,true
2026-07-16,2,3,3501430,12,2,12.0,38,true
2026-07-16,2,3,3501430,13,2,13.0,41,true
2026-07-16,4,3,3500162,1,1,18.0,86,true
2026-07-16,4,3,3500162,2,1,19.0,91,true
2026-07-16,4,3,3500162,3,1,17.0,81,true
2026-07-16,4,3,3500162,4,1,12.0,58,true
2026-07-16,4,3,3500162,5,1,15.0,72,true
2026-07-16,4,3,3500162,6,1,17.0,81,true
2026-07-16,4,3,3500162,7,1,15.0,72,true
2026-07-16,4,3,3500162,8,1,14.0,67,true
2026-07-16,4,3,3500162,9,1,12.0,58,true
2026-07-16,4,3,3500162,10,1,13.0,62,true
2026-07-16,4,3,3500162,11,1,10.0,48,true
2026-07-16,4,3,3500162,12,1,12.0,58,true
2026-07-16,4,3,3500162,13,1,13.0,62,true
2026-07-16,6,3,3500887,1,2,15.0,25,true
2026-07-16,6,3,3500887,2,2,17.0,28,true
2026-07-16,6,3,3500887,3,2,12.0,20,true
2026-07-16,6,3,3500887,4,2,13.0,21,true
2026-07-16,6,3,3500887,5,2,15.0,25,true
2026-07-16,6,3,3500887,6,2,12.0,20,true
2026-07-16,6,3,3500887,7,2,13.0,21,true
2026-07-16,6,3,3500887,8,2,10.0,17,true
2026-07-16,6,3,3500887,9,2,12.0,20,true
2026-07-16,6,3,3500887,10,2,1.0,2,true
2026-07-16,6,3,3500887,11,2,13.0,21,true
2026-07-16,6,3,3500887,12,2,9.0,15,true
2026-07-16,6,3,3500887,13,2,12.0,20,true
2026-07-17,2,1,3501430,1,1,16.0,50,true
2026-07-17,2,1,3501430,2,1,18.0,57,true
2026-07-17,2,1,3501430,3,1,19.0,60,true
2026-07-17,2,1,3501430,4,1,21.0,66,true
2026-07-17,2,1,3501430,5,1,16.0,50,true
2026-07-17,2,1,3501430,6,1,37.0,116,true
2026-07-17,2,1,3501430,7,1,11.0,35,true
2026-07-17,2,1,3501430,8,1,12.0,38,true
2026-07-17,2,1,3501430,9,1,16.0,50,true
2026-07-17,2,1,3501430,10,1,10.0,32,true
2026-07-17,2,1,3501430,11,1,11.0,35,true
2026-07-17,2,1,3501430,12,1,10.0,32,true
2026-07-17,2,1,3501430,13,1,11.0,35,true
2026-07-17,4,1,3500162,1,1,20.0,96,true
2026-07-17,4,1,3500162,2,1,24.0,115,true
2026-07-17,4,1,3500162,3,1,16.0,77,true
2026-07-17,4,1,3500162,4,1,18.0,86,true
2026-07-17,4,1,3500162,5,1,19.0,91,true
2026-07-17,4,1,3500162,6,1,21.0,100,true
2026-07-17,4,1,3500162,7,1,12.0,58,true
2026-07-17,4,1,3500162,8,1,10.0,48,true
2026-07-17,4,1,3500162,9,1,16.0,77,true
2026-07-17,4,1,3500162,10,1,10.0,48,true
2026-07-17,4,1,3500162,11,1,22.0,105,true
2026-07-17,4,1,3500162,12,1,23.0,110,true
2026-07-17,4,1,3500162,13,1,24.0,115,true
2026-07-17,6,1,3500887,1,1,30.0,49,true
2026-07-17,6,1,3500887,2,1,26.0,42,true
2026-07-17,6,1,3500887,3,1,10.0,17,true
2026-07-17,6,1,3500887,4,1,18.0,30,true
2026-07-17,6,1,3500887,5,1,19.0,31,true
2026-07-17,6,1,3500887,6,1,21.0,34,true
2026-07-17,6,1,3500887,7,1,12.0,20,true
2026-07-17,6,1,3500887,8,1,10.0,17,true
2026-07-17,6,1,3500887,9,1,11.0,18,true
2026-07-17,6,1,3500887,10,1,12.0,20,true
2026-07-17,6,1,3500887,11,1,10.0,17,true
2026-07-17,6,1,3500887,12,1,11.0,18,true
2026-07-17,6,1,3500887,13,1,12.0,20,true
2026-07-17,1,3,3500005,1,1,12.0,68,true
2026-07-17,1,3,3500005,2,1,10.0,57,true
2026-07-17,1,3,3500005,3,1,12.0,68,true
2026-07-17,1,3,3500005,4,1,11.0,63,true
2026-07-17,1,3,3500005,5,1,10.0,57,true
2026-07-17,1,3,3500005,6,1,12.0,68,true
2026-07-17,1,3,3500005,7,1,10.0,57,true
2026-07-17,1,3,3500005,8,1,9.0,51,true
2026-07-17,1,3,3500005,9,1,12.0,68,true
2026-07-17,1,3,3500005,10,1,11.0,63,true
2026-07-17,1,3,3500005,11,1,10.0,57,true
2026-07-17,1,3,3500005,12,1,12.0,68,true
2026-07-17,1,3,3500005,13,1,11.0,63,true
2026-07-17,2,3,3500162,1,1,15.0,72,true
2026-07-17,2,3,3500162,2,1,14.0,67,true
2026-07-17,2,3,3500162,3,1,15.0,72,true
2026-07-17,2,3,3500162,4,1,12.0,58,true
2026-07-17,2,3,3500162,5,1,13.0,62,true
2026-07-17,2,3,3500162,6,1,15.0,72,true
2026-07-17,2,3,3500162,7,1,13.0,62,true
2026-07-17,2,3,3500162,8,1,12.0,58,true
2026-07-17,2,3,3500162,9,1,10.0,48,true
2026-07-17,2,3,3500162,10,1,12.0,58,true
2026-07-17,2,3,3500162,11,1,11.0,53,true
2026-07-17,2,3,3500162,12,1,10.0,48,true
2026-07-17,2,3,3500162,13,1,12.0,58,true
2026-07-17,4,3,3500162,1,1,18.0,86,true
2026-07-17,4,3,3500162,2,1,17.0,81,true
2026-07-17,4,3,3500162,3,1,12.0,58,true
2026-07-17,4,3,3500162,4,1,10.0,48,true
2026-07-17,4,3,3500162,5,1,12.0,58,true
2026-07-17,4,3,3500162,6,1,14.0,67,true
2026-07-17,4,3,3500162,7,1,15.0,72,true
2026-07-17,4,3,3500162,8,1,17.0,81,true
2026-07-17,4,3,3500162,9,1,12.0,58,true
2026-07-17,4,3,3500162,10,1,13.0,62,true
2026-07-17,4,3,3500162,11,1,12.0,58,true
2026-07-17,4,3,3500162,12,1,10.0,48,true
2026-07-17,4,3,3500162,13,1,12.0,58,true
2026-07-17,6,3,3500888,1,1,20.0,33,true
2026-07-17,6,3,3500888,2,1,23.0,38,true
2026-07-17,6,3,3500888,3,1,20.0,33,true
2026-07-17,6,3,3500888,4,1,19.0,31,true
2026-07-17,6,3,3500888,5,1,15.0,25,true
2026-07-17,6,3,3500888,6,1,18.0,30,true
2026-07-17,6,3,3500888,7,1,18.0,30,true
2026-07-17,6,3,3500888,8,1,12.0,20,true
2026-07-17,6,3,3500888,9,1,13.0,21,true
2026-07-17,6,3,3500888,10,1,14.0,23,true
2026-07-17,6,3,3500888,11,1,12.0,20,true
2026-07-17,6,3,3500888,12,1,10.0,17,true
2026-07-17,6,3,3500888,13,1,12.0,20,true
2026-07-17,1,2,3500005,1,1,10.0,57,true
2026-07-17,1,2,3500005,2,1,9.0,51,true
2026-07-17,1,2,3500005,3,1,7.0,40,true
2026-07-17,1,2,3500005,4,1,6.0,34,true
2026-07-17,1,2,3500005,5,1,5.0,29,true
2026-07-17,1,2,3500005,6,1,19.0,108,true
2026-07-17,1,2,3500005,7,1,11.0,63,true
2026-07-17,1,2,3500005,8,1,10.0,57,true
2026-07-17,1,2,3500005,9,1,10.0,57,true
2026-07-17,1,2,3500005,10,1,5.0,29,true
2026-07-17,1,2,3500005,11,1,7.0,40,true
2026-07-17,1,2,3500005,12,1,5.0,29,true
2026-07-17,1,2,3500005,13,1,12.0,68,true
2026-07-17,2,2,3501430,1,1,30.0,94,true
2026-07-17,2,2,3501430,2,1,20.0,63,true
2026-07-17,2,2,3501430,3,1,24.0,75,true
2026-07-17,2,2,3501430,4,1,17.0,53,true
2026-07-17,2,2,3501430,5,1,10.0,32,true
2026-07-17,2,2,3501430,6,1,25.0,78,true
2026-07-17,2,2,3501430,7,1,24.0,75,true
2026-07-17,2,2,3501430,8,1,15.0,47,true
2026-07-17,2,2,3501430,9,1,10.0,32,true
2026-07-17,2,2,3501430,10,1,13.0,41,true
2026-07-17,2,2,3501430,11,1,10.0,32,true
2026-07-17,2,2,3501430,12,1,24.0,75,true
2026-07-17,2,2,3501430,13,1,32.0,100,true
2026-07-17,4,2,3500162,1,1,30.0,143,true
2026-07-17,4,2,3500162,2,1,25.0,120,true
2026-07-17,4,2,3500162,3,1,20.0,96,true
2026-07-17,4,2,3500162,4,1,23.0,110,true
2026-07-17,4,2,3500162,5,1,10.0,48,true
2026-07-17,4,2,3500162,6,1,24.0,115,true
2026-07-17,4,2,3500162,7,1,25.0,120,true
2026-07-17,4,2,3500162,8,1,17.0,81,true
2026-07-17,4,2,3500162,9,1,10.0,48,true
2026-07-17,4,2,3500162,10,1,9.0,43,true
2026-07-17,4,2,3500162,11,1,22.0,105,true
2026-07-17,4,2,3500162,12,1,10.0,48,true
2026-07-17,4,2,3500162,13,1,24.0,115,true
2026-07-18,1,1,3500005,1,1,18.0,102,true
2026-07-18,1,1,3500005,2,1,15.0,85,true
2026-07-18,1,1,3500005,3,1,16.0,91,true
2026-07-18,1,1,3500005,4,1,11.0,63,true
2026-07-18,1,1,3500005,5,1,9.0,51,true
2026-07-18,1,1,3500005,6,1,15.0,85,true
2026-07-18,1,1,3500005,7,1,19.0,108,true
2026-07-18,1,1,3500005,8,1,12.0,68,true
2026-07-18,1,1,3500005,9,1,20.0,113,true
2026-07-18,1,1,3500005,10,1,13.0,74,true
2026-07-18,1,1,3500005,11,1,17.0,97,true
2026-07-18,1,1,3500005,12,1,11.0,63,true
2026-07-18,1,1,3500005,13,1,29.0,164,true
2026-07-18,2,1,3500162,1,1,20.0,96,true
2026-07-18,2,1,3500162,2,1,15.0,72,true
2026-07-18,2,1,3500162,3,1,18.0,86,true
2026-07-18,2,1,3500162,4,1,11.0,53,true
2026-07-18,2,1,3500162,5,1,14.0,67,true
2026-07-18,2,1,3500162,6,1,26.0,124,true
2026-07-18,2,1,3500162,7,1,9.0,43,true
2026-07-18,2,1,3500162,8,1,13.0,62,true
2026-07-18,2,1,3500162,9,1,7.0,34,true
2026-07-18,2,1,3500162,10,1,8.0,39,true
2026-07-18,2,1,3500162,11,1,16.0,77,true
2026-07-18,2,1,3500162,12,1,13.0,62,true
2026-07-18,4,1,3500162,1,1,10.0,48,true
2026-07-18,4,1,3500162,2,1,14.0,67,true
2026-07-18,4,1,3500162,3,1,16.0,77,true
2026-07-18,4,1,3500162,4,1,12.0,58,true
2026-07-18,4,1,3500162,5,1,10.0,48,true
2026-07-18,4,1,3500162,6,1,23.0,110,true
2026-07-18,4,1,3500162,7,1,16.0,77,true
2026-07-18,4,1,3500162,8,1,10.0,48,true
2026-07-18,4,1,3500162,9,1,11.0,53,true
2026-07-18,4,1,3500162,10,1,12.0,58,true
2026-07-18,4,1,3500162,11,1,14.0,67,true
2026-07-18,4,1,3500162,12,1,10.0,48,true
2026-07-18,4,1,3500162,13,1,11.0,53,true
2026-07-18,6,1,3500887,1,1,20.0,33,true
2026-07-18,6,1,3500887,2,1,21.0,34,true
2026-07-18,6,1,3500887,3,1,16.0,26,true
2026-07-18,6,1,3500887,4,1,18.0,30,true
2026-07-18,6,1,3500887,5,1,10.0,17,true
2026-07-18,6,1,3500887,6,1,24.0,39,true
2026-07-18,6,1,3500887,7,1,11.0,18,true
2026-07-18,6,1,3500887,8,1,17.0,28,true
2026-07-18,6,1,3500887,9,1,10.0,17,true
2026-07-18,6,1,3500887,10,1,11.0,18,true
2026-07-18,6,1,3500887,11,1,21.0,34,true
2026-07-18,6,1,3500887,12,1,16.0,26,true
2026-07-18,1,2,3500005,1,1,17.0,97,true
2026-07-18,1,2,3500005,2,1,15.0,85,true
2026-07-18,1,2,3500005,3,1,13.0,74,true
2026-07-18,1,2,3500005,4,1,10.0,57,true
2026-07-18,1,2,3500005,5,1,9.0,51,true
2026-07-18,1,2,3500005,6,1,18.0,102,true
2026-07-18,1,2,3500005,7,1,15.0,85,true
2026-07-18,1,2,3500005,8,1,24.0,136,true
2026-07-18,1,2,3500005,9,1,20.0,113,true
2026-07-18,1,2,3500005,10,1,19.0,108,true
2026-07-18,1,2,3500005,11,1,26.0,147,true
2026-07-18,1,2,3500005,12,1,12.0,68,true
2026-07-18,1,2,3500005,13,1,20.0,113,true
2026-07-18,2,2,3500162,1,1,22.0,105,true
2026-07-18,2,2,3500162,2,1,17.0,81,true
2026-07-18,2,2,3500162,3,1,16.0,77,true
2026-07-18,2,2,3500162,4,1,13.0,62,true
2026-07-18,2,2,3500162,5,1,10.0,48,true
2026-07-18,2,2,3500162,6,1,20.0,96,true
2026-07-18,2,2,3500162,7,1,20.0,96,true
2026-07-18,2,2,3500162,8,1,22.0,105,true
2026-07-18,2,2,3500162,9,1,14.0,67,true
2026-07-18,2,2,3500162,10,1,11.0,53,true
2026-07-18,2,2,3500162,11,1,9.0,43,true
2026-07-18,2,2,3500162,12,1,24.0,115,true
2026-07-18,2,2,3500162,13,1,18.0,86,true
2026-07-18,4,2,3500162,1,1,30.0,143,true
2026-07-18,4,2,3500162,2,1,19.0,91,true
2026-07-18,4,2,3500162,3,1,20.0,96,true
2026-07-18,4,2,3500162,4,1,15.0,72,true
2026-07-18,4,2,3500162,5,1,16.0,77,true
2026-07-18,4,2,3500162,6,1,22.0,105,true
2026-07-18,4,2,3500162,7,1,22.0,105,true
2026-07-18,4,2,3500162,8,1,17.0,81,true
2026-07-18,4,2,3500162,9,1,13.0,62,true
2026-07-18,4,2,3500162,10,1,10.0,48,true
2026-07-18,4,2,3500162,11,1,14.0,67,true
2026-07-18,4,2,3500162,12,1,22.0,105,true
2026-07-18,4,2,3500162,13,1,24.0,115,true
2026-07-19,1,1,3500005,1,1,16.0,91,true
2026-07-19,1,1,3500005,2,1,13.0,74,true
2026-07-19,1,1,3500005,3,1,12.0,68,true
2026-07-19,1,1,3500005,4,1,11.0,63,true
2026-07-19,1,1,3500005,5,1,10.0,57,true
2026-07-19,1,1,3500005,6,1,21.0,119,true
2026-07-19,1,1,3500005,7,1,13.0,74,true
2026-07-19,1,1,3500005,8,1,22.0,125,true
2026-07-19,1,1,3500005,9,1,15.0,85,true
2026-07-19,1,1,3500005,10,1,16.0,91,true
2026-07-19,1,1,3500005,11,1,11.0,63,true
2026-07-19,1,1,3500005,12,1,9.0,51,true
2026-07-19,1,1,3500005,13,1,16.0,91,true
2026-07-19,2,1,3500162,1,1,24.0,115,true
2026-07-19,2,1,3500162,2,1,20.0,96,true
2026-07-19,2,1,3500162,3,1,15.0,72,true
2026-07-19,2,1,3500162,4,1,22.0,105,true
2026-07-19,2,1,3500162,5,1,10.0,48,true
2026-07-19,2,1,3500162,6,1,23.0,110,true
2026-07-19,2,1,3500162,7,1,20.0,96,true
2026-07-19,2,1,3500162,8,1,13.0,62,true
2026-07-19,2,1,3500162,9,1,9.0,43,true
2026-07-19,2,1,3500162,10,1,10.0,48,true
2026-07-19,2,1,3500162,11,1,11.0,53,true
2026-07-19,2,1,3500162,12,1,13.0,62,true
2026-07-19,2,1,3500162,13,1,25.0,120,true
2026-07-20,1,2,3500005,1,1,10.0,57,true
2026-07-20,1,2,3500005,2,1,8.0,46,true
2026-07-20,1,2,3500005,3,1,9.0,51,true
2026-07-20,1,2,3500005,4,1,5.0,29,true
2026-07-20,1,2,3500005,5,1,7.0,40,true
2026-07-20,1,2,3500005,6,1,8.0,46,true
2026-07-20,1,2,3500005,7,1,6.0,34,true
2026-07-20,1,2,3500005,8,1,9.0,51,true
2026-07-20,1,2,3500005,9,1,11.0,63,true
2026-07-20,1,2,3500005,10,1,13.0,74,true
2026-07-20,1,2,3500005,11,1,6.0,34,true
2026-07-20,1,2,3500005,12,1,4.0,23,true
2026-07-20,1,2,3500005,13,1,9.0,51,true
2026-07-20,2,2,412644,1,1,6.0,29,true
2026-07-20,2,2,412644,2,1,8.0,39,true
2026-07-20,2,2,412644,3,1,5.0,24,true
2026-07-20,2,2,412644,4,1,10.0,48,true
2026-07-20,2,2,412644,5,1,4.0,20,true
2026-07-20,2,2,412644,6,1,9.0,43,true
2026-07-20,2,2,412644,7,1,7.0,34,true
2026-07-20,2,2,412644,8,1,5.0,24,true
2026-07-20,2,2,412644,9,1,7.0,34,true
2026-07-20,2,2,412644,10,1,9.0,43,true
2026-07-20,2,2,412644,11,1,4.0,20,true
2026-07-20,2,2,412644,12,1,6.0,29,true
2026-07-20,2,2,412644,13,1,3.0,15,true
2026-07-20,4,2,3500446,1,1,10.0,44,true
2026-07-20,4,2,3500446,2,1,12.0,52,true
2026-07-20,4,2,3500446,3,1,15.0,65,true
2026-07-20,4,2,3500446,4,1,20.0,87,true
2026-07-20,4,2,3500446,5,1,16.0,69,true
2026-07-20,4,2,3500446,6,1,29.0,125,true
2026-07-20,4,2,3500446,7,1,13.0,57,true
2026-07-20,4,2,3500446,8,1,11.0,48,true
2026-07-20,4,2,3500446,9,1,16.0,69,true
2026-07-20,4,2,3500446,10,1,19.0,82,true
2026-07-20,4,2,3500446,11,1,10.0,44,true
2026-07-20,4,2,3500446,12,1,12.0,52,true
2026-07-20,4,2,3500446,13,1,15.0,65,true
2026-07-21,1,3,3500005,1,1,11.0,63,true
2026-07-21,1,3,3500005,2,1,19.0,108,true
2026-07-21,1,3,3500005,3,1,16.0,91,true
2026-07-21,1,3,3500005,4,1,9.0,51,true
2026-07-21,1,3,3500005,5,1,10.0,57,true
2026-07-21,1,3,3500005,6,1,32.0,181,true
2026-07-21,1,3,3500005,7,1,20.0,113,true
2026-07-21,1,3,3500005,8,1,18.0,102,true
2026-07-21,1,3,3500005,9,1,8.0,46,true
2026-07-21,1,3,3500005,10,1,12.0,68,true
2026-07-21,1,3,3500005,11,1,14.0,80,true
2026-07-21,1,3,3500005,12,1,13.0,74,true
2026-07-21,1,3,3500005,13,1,19.0,108,true
2026-07-21,2,3,412644,1,1,20.0,96,true
2026-07-21,2,3,412644,2,1,11.0,53,true
2026-07-21,2,3,412644,3,1,15.0,72,true
2026-07-21,2,3,412644,4,1,9.0,43,true
2026-07-21,2,3,412644,5,1,18.0,86,true
2026-07-21,2,3,412644,6,1,16.0,77,true
2026-07-21,2,3,412644,7,1,8.0,39,true
2026-07-21,2,3,412644,8,1,17.0,81,true
2026-07-21,2,3,412644,9,1,13.0,62,true
2026-07-21,2,3,412644,10,1,16.0,77,true
2026-07-21,2,3,412644,11,1,19.0,91,true
2026-07-21,2,3,412644,12,1,10.0,48,true
2026-07-21,2,3,412644,13,1,17.0,81,true
2026-07-21,4,3,3500446,1,1,15.0,65,true
2026-07-21,4,3,3500446,2,1,18.0,78,true
2026-07-21,4,3,3500446,3,1,12.0,52,true
2026-07-21,4,3,3500446,4,1,10.0,44,true
2026-07-21,4,3,3500446,5,1,13.0,57,true
2026-07-21,4,3,3500446,6,1,36.0,156,true
2026-07-21,4,3,3500446,7,1,8.0,35,true
2026-07-21,4,3,3500446,8,1,14.0,61,true
2026-07-21,4,3,3500446,9,1,16.0,69,true
2026-07-21,4,3,3500446,10,1,20.0,87,true
2026-07-21,4,3,3500446,11,1,11.0,48,true
2026-07-21,4,3,3500446,12,1,9.0,39,true
2026-07-21,4,3,3500446,13,1,19.0,82,true
2026-07-21,1,2,3500005,1,1,13.0,74,true
2026-07-21,1,2,3500005,2,1,10.0,57,true
2026-07-21,1,2,3500005,3,1,12.0,68,true
2026-07-21,1,2,3500005,4,1,12.0,68,true
2026-07-21,1,2,3500005,5,1,10.0,57,true
2026-07-21,1,2,3500005,6,1,12.0,68,true
2026-07-21,1,2,3500005,7,1,13.0,74,true
2026-07-21,1,2,3500005,8,1,10.0,57,true
2026-07-21,1,2,3500005,9,1,12.0,68,true
2026-07-21,1,2,3500005,10,1,10.0,57,true
2026-07-21,1,2,3500005,11,1,9.0,51,true
2026-07-21,1,2,3500005,12,1,10.0,57,true
2026-07-21,1,2,3500005,13,1,11.0,63,true
2026-07-21,2,2,412644,1,1,18.0,86,true
2026-07-21,2,2,412644,2,1,17.0,81,true
2026-07-21,2,2,412644,3,1,15.0,72,true
2026-07-21,2,2,412644,4,1,14.0,67,true
2026-07-21,2,2,412644,5,1,13.0,62,true
2026-07-21,2,2,412644,6,1,14.0,67,true
2026-07-21,2,2,412644,7,1,13.0,62,true
2026-07-21,2,2,412644,8,1,12.0,58,true
2026-07-21,2,2,412644,9,1,10.0,48,true
2026-07-21,2,2,412644,10,1,12.0,58,true
2026-07-21,2,2,412644,11,1,10.0,48,true
2026-07-21,2,2,412644,12,1,10.0,48,true
2026-07-21,2,2,412644,13,1,13.0,62,true
2026-07-21,4,2,3501225,1,1,20.0,122,true
2026-07-21,4,2,3501225,2,1,22.0,134,true
2026-07-21,4,2,3501225,3,1,20.0,122,true
2026-07-21,4,2,3501225,4,1,19.0,116,true
2026-07-21,4,2,3501225,5,1,18.0,110,true
2026-07-21,4,2,3501225,6,1,19.0,116,true
2026-07-21,4,2,3501225,7,1,15.0,91,true
2026-07-21,4,2,3501225,8,1,13.0,79,true
2026-07-21,4,2,3501225,9,1,12.0,73,true
2026-07-21,4,2,3501225,10,1,10.0,61,true
2026-07-21,4,2,3501225,11,1,19.0,116,true
2026-07-21,4,2,3501225,12,1,10.0,61,true
2026-07-21,4,2,3501225,13,1,12.0,73,true
2026-07-21,6,2,3500888,1,1,20.0,33,true
2026-07-21,6,2,3500888,2,1,23.0,38,true
2026-07-21,6,2,3500888,3,1,22.0,36,true
2026-07-21,6,2,3500888,4,1,19.0,31,true
2026-07-21,6,2,3500888,5,1,15.0,25,true
2026-07-21,6,2,3500888,6,1,17.0,28,true
2026-07-21,6,2,3500888,7,1,15.0,25,true
2026-07-21,6,2,3500888,8,1,13.0,21,true
2026-07-21,6,2,3500888,9,1,10.0,17,true
2026-07-21,6,2,3500888,10,1,12.0,20,true
2026-07-21,6,2,3500888,11,1,10.0,17,true
2026-07-21,6,2,3500888,12,1,12.0,20,true
2026-07-21,6,2,3500888,13,1,15.0,25,true
2026-07-21,1,1,3500005,1,1,12.0,68,true
2026-07-21,1,1,3500005,2,1,20.0,113,true
2026-07-21,1,1,3500005,3,1,15.0,85,true
2026-07-21,1,1,3500005,4,1,10.0,57,true
2026-07-21,1,1,3500005,5,1,11.0,63,true
2026-07-21,1,1,3500005,6,1,19.0,108,true
2026-07-21,1,1,3500005,7,1,22.0,125,true
2026-07-21,1,1,3500005,8,1,10.0,57,true
2026-07-21,1,1,3500005,9,1,19.0,108,true
2026-07-21,1,1,3500005,10,1,11.0,63,true
2026-07-21,1,1,3500005,11,1,16.0,91,true
2026-07-21,1,1,3500005,12,1,14.0,80,true
2026-07-21,1,1,3500005,13,1,16.0,91,true
2026-07-21,2,1,412644,1,1,24.0,115,true
2026-07-21,2,1,412644,2,1,11.0,53,true
2026-07-21,2,1,412644,3,1,10.0,48,true
2026-07-21,2,1,412644,4,1,8.0,39,true
2026-07-21,2,1,412644,5,1,10.0,48,true
2026-07-21,2,1,412644,6,1,13.0,62,true
2026-07-21,2,1,412644,7,1,9.0,43,true
2026-07-21,2,1,412644,8,1,16.0,77,true
2026-07-21,2,1,412644,9,1,12.0,58,true
2026-07-21,2,1,412644,10,1,8.0,39,true
2026-07-21,2,1,412644,11,1,11.0,53,true
2026-07-21,2,1,412644,12,1,10.0,48,true
2026-07-21,2,1,412644,13,1,12.0,58,true
2026-07-21,4,1,3500446,1,1,30.0,130,true
2026-07-21,4,1,3500446,2,1,24.0,104,true
2026-07-21,4,1,3500446,3,1,17.0,74,true
2026-07-21,4,1,3500446,4,1,20.0,87,true
2026-07-21,4,1,3500446,5,1,14.0,61,true
2026-07-21,4,1,3500446,6,1,21.0,91,true
2026-07-21,4,1,3500446,7,1,20.0,87,true
2026-07-21,4,1,3500446,8,1,13.0,57,true
2026-07-21,4,1,3500446,9,1,13.0,57,true
2026-07-21,4,1,3500446,10,1,15.0,65,true
2026-07-21,4,1,3500446,11,1,10.0,44,true
2026-07-21,4,1,3500446,12,1,24.0,104,true
2026-07-21,4,1,3500446,13,1,30.0,130,true
2026-07-21,4,1,3500888,1,1,40.0,65,true
2026-07-21,4,1,3500888,2,1,30.0,49,true
2026-07-21,4,1,3500888,3,1,10.0,17,true
2026-07-21,4,1,3500888,4,1,24.0,39,true
2026-07-21,4,1,3500888,5,1,15.0,25,true
2026-07-21,4,1,3500888,6,1,19.0,31,true
2026-07-21,4,1,3500888,7,1,30.0,49,true
2026-07-21,4,1,3500888,8,1,24.0,39,true
2026-07-21,4,1,3500888,9,1,10.0,17,true
2026-07-21,4,1,3500888,10,1,18.0,30,true
2026-07-21,4,1,3500888,11,1,19.0,31,true
2026-07-21,4,1,3500888,12,1,13.0,21,true
2026-07-21,4,1,3500888,13,1,21.0,34,true
2026-07-22,1,2,3500005,1,1,15.0,85,true
2026-07-22,1,2,3500005,2,1,12.0,68,true
2026-07-22,1,2,3500005,3,1,13.0,74,true
2026-07-22,1,2,3500005,4,1,14.0,80,true
2026-07-22,1,2,3500005,5,1,10.0,57,true
2026-07-22,1,2,3500005,6,1,11.0,63,true
2026-07-22,1,2,3500005,7,1,10.0,57,true
2026-07-22,1,2,3500005,8,1,12.0,68,true
2026-07-22,1,2,3500005,9,1,10.0,57,true
2026-07-22,1,2,3500005,10,1,11.0,63,true
2026-07-22,1,2,3500005,11,1,9.0,51,true
2026-07-22,1,2,3500005,12,1,10.0,57,true
2026-07-22,1,2,3500005,13,1,11.0,63,true
2026-07-22,2,2,412644,1,1,18.0,86,true
2026-07-22,2,2,412644,2,1,22.0,105,true
2026-07-22,2,2,412644,3,1,12.0,58,true
2026-07-22,2,2,412644,4,1,15.0,72,true
2026-07-22,2,2,412644,5,1,12.0,58,true
2026-07-22,2,2,412644,6,1,15.0,72,true
2026-07-22,2,2,412644,7,1,15.0,72,true
2026-07-22,2,2,412644,8,1,12.0,58,true
2026-07-22,2,2,412644,9,1,10.0,48,true
2026-07-22,2,2,412644,10,1,12.0,58,true
2026-07-22,2,2,412644,11,1,10.0,48,true
2026-07-22,2,2,412644,12,1,9.0,43,true
2026-07-22,2,2,412644,13,1,12.0,58,true
2026-07-22,4,2,3501225,1,1,20.0,122,true
2026-07-22,4,2,3501225,2,1,23.0,140,true
2026-07-22,4,2,3501225,3,1,29.0,176,true
2026-07-22,4,2,3501225,4,1,15.0,91,true
2026-07-22,4,2,3501225,5,1,15.0,91,true
2026-07-22,4,2,3501225,6,1,18.0,110,true
2026-07-22,4,2,3501225,7,1,17.0,104,true
2026-07-22,4,2,3501225,8,1,15.0,91,true
2026-07-22,4,2,3501225,9,1,12.0,73,true
2026-07-22,4,2,3501225,10,1,16.0,97,true
2026-07-22,4,2,3501225,11,1,10.0,61,true
2026-07-22,4,2,3501225,12,1,15.0,91,true
2026-07-22,4,2,3501225,13,1,14.0,85,true
2026-07-22,6,2,3500888,1,1,22.0,36,true
2026-07-22,6,2,3500888,2,1,25.0,41,true
2026-07-22,6,2,3500888,3,1,20.0,33,true
2026-07-22,6,2,3500888,4,1,19.0,31,true
2026-07-22,6,2,3500888,5,1,15.0,25,true
2026-07-22,6,2,3500888,6,1,20.0,33,true
2026-07-22,6,2,3500888,7,1,18.0,30,true
2026-07-22,6,2,3500888,8,1,17.0,28,true
2026-07-22,6,2,3500888,9,1,15.0,25,true
2026-07-22,6,2,3500888,10,1,16.0,26,true
2026-07-22,6,2,3500888,11,1,12.0,20,true
2026-07-22,6,2,3500888,12,1,18.0,30,true
2026-07-22,6,2,3500888,13,1,15.0,25,true
2026-07-22,1,3,3500005,1,1,20.0,113,true
2026-07-22,1,3,3500005,2,1,15.0,85,true
2026-07-22,1,3,3500005,3,1,11.0,63,true
2026-07-22,1,3,3500005,4,1,9.0,51,true
2026-07-22,1,3,3500005,5,1,12.0,68,true
2026-07-22,1,3,3500005,6,1,24.0,136,true
2026-07-22,1,3,3500005,7,1,8.0,46,true
2026-07-22,1,3,3500005,8,1,19.0,108,true
2026-07-22,1,3,3500005,9,1,17.0,97,true
2026-07-22,1,3,3500005,10,1,10.0,57,true
2026-07-22,1,3,3500005,11,1,13.0,74,true
2026-07-22,1,3,3500005,12,1,7.0,40,true
2026-07-22,1,3,3500005,13,1,26.0,147,true
2026-07-22,2,3,412644,1,1,15.0,72,true
2026-07-22,2,3,412644,2,1,11.0,53,true
2026-07-22,2,3,412644,3,1,9.0,43,true
2026-07-22,2,3,412644,4,1,12.0,58,true
2026-07-22,2,3,412644,5,1,17.0,81,true
2026-07-22,2,3,412644,6,1,36.0,172,true
2026-07-22,2,3,412644,7,1,13.0,62,true
2026-07-22,2,3,412644,8,1,8.0,39,true
2026-07-22,2,3,412644,9,1,10.0,48,true
2026-07-22,2,3,412644,10,1,18.0,86,true
2026-07-22,2,3,412644,11,1,19.0,91,true
2026-07-22,2,3,412644,12,1,7.0,34,true
2026-07-22,2,3,412644,13,1,27.0,129,true
2026-07-22,4,3,3501225,1,1,11.0,67,true
2026-07-22,4,3,3501225,2,1,14.0,85,true
2026-07-22,4,3,3501225,3,1,17.0,104,true
2026-07-22,4,3,3501225,4,1,20.0,122,true
2026-07-22,4,3,3501225,5,1,16.0,97,true
2026-07-22,4,3,3501225,6,1,22.0,134,true
2026-07-22,4,3,3501225,7,1,9.0,55,true
2026-07-22,4,3,3501225,8,1,13.0,79,true
2026-07-22,4,3,3501225,9,1,15.0,91,true
2026-07-22,4,3,3501225,10,1,8.0,49,true
2026-07-22,4,3,3501225,11,1,19.0,116,true
2026-07-22,4,3,3501225,12,1,16.0,97,true
2026-07-22,4,3,3501225,13,1,30.0,182,true
2026-07-22,6,3,3500888,1,1,16.0,26,true
2026-07-22,6,3,3500888,2,1,19.0,31,true
2026-07-22,6,3,3500888,3,1,11.0,18,true
2026-07-22,6,3,3500888,4,1,13.0,21,true
2026-07-22,6,3,3500888,5,1,18.0,30,true
2026-07-22,6,3,3500888,6,1,29.0,47,true
2026-07-22,6,3,3500888,7,1,14.0,23,true
2026-07-22,6,3,3500888,8,1,13.0,21,true
2026-07-22,6,3,3500888,9,1,12.0,20,true
2026-07-22,6,3,3500888,10,1,15.0,25,true
2026-07-22,6,3,3500888,11,1,11.0,18,true
2026-07-22,6,3,3500888,12,1,8.0,13,true
2026-07-22,6,3,3500888,13,1,24.0,39,true
2026-07-23,1,3,3500005,1,1,20.0,113,true
2026-07-23,1,3,3500005,2,1,11.0,63,true
2026-07-23,1,3,3500005,3,1,15.0,85,true
2026-07-23,1,3,3500005,4,1,17.0,97,true
2026-07-23,1,3,3500005,5,1,12.0,68,true
2026-07-23,1,3,3500005,6,1,25.0,142,true
2026-07-23,1,3,3500005,7,1,18.0,102,true
2026-07-23,1,3,3500005,8,1,14.0,80,true
2026-07-23,1,3,3500005,9,1,13.0,74,true
2026-07-23,1,3,3500005,10,1,8.0,46,true
2026-07-23,1,3,3500005,11,1,19.0,108,true
2026-07-23,1,3,3500005,12,1,10.0,57,true
2026-07-23,1,3,3500005,13,1,18.0,102,true
2026-07-23,2,3,3500162,1,1,15.0,72,true
2026-07-23,2,3,3500162,2,1,11.0,53,true
2026-07-23,2,3,3500162,3,1,16.0,77,true
2026-07-23,2,3,3500162,4,1,9.0,43,true
2026-07-23,2,3,3500162,5,1,10.0,48,true
2026-07-23,2,3,3500162,6,1,30.0,143,true
2026-07-23,2,3,3500162,7,1,20.0,96,true
2026-07-23,2,3,3500162,8,1,19.0,91,true
2026-07-23,2,3,3500162,9,1,13.0,62,true
2026-07-23,2,3,3500162,10,1,14.0,67,true
2026-07-23,2,3,3500162,11,1,8.0,39,true
2026-07-23,2,3,3500162,12,1,17.0,81,true
2026-07-23,2,3,3500162,13,1,26.0,124,true
2026-07-23,4,3,3501225,1,1,11.0,67,true
2026-07-23,4,3,3501225,2,1,9.0,55,true
2026-07-23,4,3,3501225,3,1,12.0,73,true
2026-07-23,4,3,3501225,4,1,16.0,97,true
2026-07-23,4,3,3501225,5,1,8.0,49,true
2026-07-23,4,3,3501225,6,1,27.0,164,true
2026-07-23,4,3,3501225,7,1,17.0,104,true
2026-07-23,4,3,3501225,8,1,13.0,79,true
2026-07-23,4,3,3501225,9,1,14.0,85,true
2026-07-23,4,3,3501225,10,1,15.0,91,true
2026-07-23,4,3,3501225,11,1,10.0,61,true
2026-07-23,4,3,3501225,12,1,12.0,73,true
2026-07-23,4,3,3501225,13,1,20.0,122,true
2026-07-23,6,3,3500888,1,1,10.0,17,true
2026-07-23,6,3,3500888,2,1,9.0,15,true
2026-07-23,6,3,3500888,3,1,16.0,26,true
2026-07-23,6,3,3500888,4,1,12.0,20,true
2026-07-23,6,3,3500888,5,1,18.0,30,true
2026-07-23,6,3,3500888,6,1,27.0,44,true
2026-07-23,6,3,3500888,7,1,19.0,31,true
2026-07-23,6,3,3500888,8,1,8.0,13,true
2026-07-23,6,3,3500888,9,1,11.0,18,true
2026-07-23,6,3,3500888,10,1,14.0,23,true
2026-07-23,6,3,3500888,11,1,17.0,28,true
2026-07-23,6,3,3500888,12,1,15.0,25,true
2026-07-23,6,3,3500888,13,1,21.0,34,true
2026-07-23,1,1,3500005,1,1,12.0,68,true
2026-07-23,1,1,3500005,2,1,10.0,57,true
2026-07-23,1,1,3500005,3,1,15.0,85,true
2026-07-23,1,1,3500005,4,1,16.0,91,true
2026-07-23,1,1,3500005,5,1,14.0,80,true
2026-07-23,1,1,3500005,6,1,21.0,119,true
2026-07-23,1,1,3500005,7,1,17.0,97,true
2026-07-23,1,1,3500005,8,1,20.0,113,true
2026-07-23,1,1,3500005,9,1,15.0,85,true
2026-07-23,1,1,3500005,10,1,10.0,57,true
2026-07-23,1,1,3500005,11,1,11.0,63,true
2026-07-23,1,1,3500005,12,1,12.0,68,true
2026-07-23,1,1,3500005,13,1,18.0,102,true
2026-07-23,2,1,3500162,1,1,24.0,115,true
2026-07-23,2,1,3500162,2,1,30.0,143,true
2026-07-23,2,1,3500162,3,1,17.0,81,true
2026-07-23,2,1,3500162,4,1,20.0,96,true
2026-07-23,2,1,3500162,5,1,10.0,48,true
2026-07-23,2,1,3500162,6,1,22.0,105,true
2026-07-23,2,1,3500162,7,1,22.0,105,true
2026-07-23,2,1,3500162,8,1,15.0,72,true
2026-07-23,2,1,3500162,9,1,17.0,81,true
2026-07-23,2,1,3500162,10,1,10.0,48,true
2026-07-23,2,1,3500162,11,1,19.0,91,true
2026-07-23,2,1,3500162,12,1,11.0,53,true
2026-07-23,2,1,3500162,13,1,29.0,139,true
2026-07-23,4,1,3501225,1,1,22.0,134,true
2026-07-23,4,1,3501225,2,1,30.0,182,true
2026-07-23,4,1,3501225,3,1,40.0,243,true
2026-07-23,4,1,3501225,4,1,17.0,104,true
2026-07-23,4,1,3501225,5,1,20.0,122,true
2026-07-23,4,1,3501225,6,1,25.0,152,true
2026-07-23,4,1,3501225,7,1,24.0,146,true
2026-07-23,4,1,3501225,8,1,20.0,122,true
2026-07-23,4,1,3501225,9,1,33.0,200,true
2026-07-23,4,1,3501225,10,1,22.0,134,true
2026-07-23,4,1,3501225,11,1,17.0,104,true
2026-07-23,4,1,3501225,12,1,10.0,61,true
2026-07-23,4,1,3501225,13,1,25.0,152,true
2026-07-23,6,1,3500888,1,1,33.0,54,true
2026-07-23,6,1,3500888,2,1,22.0,36,true
2026-07-23,6,1,3500888,3,1,20.0,33,true
2026-07-23,6,1,3500888,4,1,15.0,25,true
2026-07-23,6,1,3500888,5,1,17.0,28,true
2026-07-23,6,1,3500888,6,1,30.0,49,true
2026-07-23,6,1,3500888,7,1,14.0,23,true
2026-07-23,6,1,3500888,8,1,17.0,28,true
2026-07-23,6,1,3500888,9,1,20.0,33,true
2026-07-23,6,1,3500888,10,1,22.0,36,true
2026-07-23,6,1,3500888,11,1,29.0,47,true
2026-07-23,6,1,3500888,12,1,10.0,17,true
2026-07-23,6,1,3500888,13,1,25.0,41,true
2026-07-22,1,1,3500005,1,1,15.0,85,true
2026-07-22,1,1,3500005,2,1,10.0,57,true
2026-07-22,1,1,3500005,3,1,11.0,63,true
2026-07-22,1,1,3500005,4,1,12.0,68,true
2026-07-22,1,1,3500005,5,1,10.0,57,true
2026-07-22,1,1,3500005,6,1,17.0,97,true
2026-07-22,1,1,3500005,7,1,8.0,46,true
2026-07-22,1,1,3500005,8,1,22.0,125,true
2026-07-22,1,1,3500005,9,1,14.0,80,true
2026-07-22,1,1,3500005,10,1,21.0,119,true
2026-07-22,1,1,3500005,11,1,27.0,153,true
2026-07-22,1,1,3500005,12,1,10.0,57,true
2026-07-22,1,1,3500005,13,1,20.0,113,true
2026-07-22,2,1,412644,1,1,16.0,77,true
2026-07-22,2,1,412644,2,1,18.0,86,true
2026-07-22,2,1,412644,3,1,20.0,96,true
2026-07-22,2,1,412644,4,1,10.0,48,true
2026-07-22,2,1,412644,5,1,15.0,72,true
2026-07-22,2,1,412644,6,1,23.0,110,true
2026-07-22,2,1,412644,7,1,17.0,81,true
2026-07-22,2,1,412644,8,1,12.0,58,true
2026-07-22,2,1,412644,9,1,10.0,48,true
2026-07-22,2,1,412644,10,1,11.0,53,true
2026-07-22,2,1,412644,11,1,9.0,43,true
2026-07-22,2,1,412644,12,1,7.0,34,true
2026-07-22,2,1,412644,13,1,18.0,86,true
2026-07-22,4,1,3501225,1,1,25.0,152,true
2026-07-22,4,1,3501225,2,1,30.0,182,true
2026-07-22,4,1,3501225,3,1,17.0,104,true
2026-07-22,4,1,3501225,4,1,10.0,61,true
2026-07-22,4,1,3501225,5,1,13.0,79,true
2026-07-22,4,1,3501225,6,1,20.0,122,true
2026-07-22,4,1,3501225,7,1,20.0,122,true
2026-07-22,4,1,3501225,8,1,19.0,116,true
2026-07-22,4,1,3501225,9,1,15.0,91,true
2026-07-22,4,1,3501225,10,1,13.0,79,true
2026-07-22,4,1,3501225,11,1,10.0,61,true
2026-07-22,4,1,3501225,12,1,22.0,134,true
2026-07-22,4,1,3501225,13,1,19.0,116,true
2026-07-22,6,1,3500888,1,1,17.0,28,true
2026-07-22,6,1,3500888,2,1,20.0,33,true
2026-07-22,6,1,3500888,3,1,24.0,39,true
2026-07-22,6,1,3500888,4,1,19.0,31,true
2026-07-22,6,1,3500888,5,1,10.0,17,true
2026-07-22,6,1,3500888,6,1,23.0,38,true
2026-07-22,6,1,3500888,7,1,22.0,36,true
2026-07-22,6,1,3500888,8,1,10.0,17,true
2026-07-22,6,1,3500888,9,1,14.0,23,true
2026-07-22,6,1,3500888,10,1,17.0,28,true
2026-07-22,6,1,3500888,11,1,19.0,31,true
2026-07-22,6,1,3500888,12,1,10.0,17,true
2026-07-22,6,1,3500888,13,1,21.0,34,true
2026-07-23,1,2,3500005,1,1,16.0,91,true
2026-07-23,1,2,3500005,2,1,12.0,68,true
2026-07-23,1,2,3500005,3,1,13.0,74,true
2026-07-23,1,2,3500005,4,1,14.0,80,true
2026-07-23,1,2,3500005,5,1,11.0,63,true
2026-07-23,1,2,3500005,6,1,17.0,97,true
2026-07-23,1,2,3500005,7,1,9.0,51,true
2026-07-23,1,2,3500005,8,1,23.0,130,true
2026-07-23,1,2,3500005,9,1,16.0,91,true
2026-07-23,1,2,3500005,10,1,22.0,125,true
2026-07-23,1,2,3500005,11,1,28.0,159,true
2026-07-23,1,2,3500005,12,1,16.0,91,true
2026-07-23,1,2,3500005,13,1,21.0,119,true
2026-07-23,2,2,3500162,1,1,16.0,77,true
2026-07-23,2,2,3500162,2,1,20.0,96,true
2026-07-23,2,2,3500162,3,1,22.0,105,true
2026-07-23,2,2,3500162,4,1,16.0,77,true
2026-07-23,2,2,3500162,5,1,12.0,58,true
2026-07-23,2,2,3500162,6,1,19.0,91,true
2026-07-23,2,2,3500162,7,1,20.0,96,true
2026-07-23,2,2,3500162,8,1,19.0,91,true
2026-07-23,2,2,3500162,9,1,10.0,48,true
2026-07-23,2,2,3500162,10,1,20.0,96,true
2026-07-23,2,2,3500162,11,1,18.0,86,true
2026-07-23,2,2,3500162,12,1,21.0,100,true
2026-07-23,2,2,3500162,13,1,30.0,143,true
2026-07-23,4,2,3501225,1,1,26.0,158,true
2026-07-23,4,2,3501225,2,1,31.0,188,true
2026-07-23,4,2,3501225,3,1,18.0,110,true
2026-07-23,4,2,3501225,4,1,20.0,122,true
2026-07-23,4,2,3501225,5,1,21.0,128,true
2026-07-23,4,2,3501225,6,1,38.0,231,true
2026-07-23,4,2,3501225,7,1,22.0,134,true
2026-07-23,4,2,3501225,8,1,23.0,140,true
2026-07-23,4,2,3501225,9,1,21.0,128,true
2026-07-23,4,2,3501225,10,1,20.0,122,true
2026-07-23,4,2,3501225,11,1,23.0,140,true
2026-07-23,4,2,3501225,12,1,20.0,122,true
2026-07-23,4,2,3501225,13,1,30.0,182,true
2026-07-23,6,2,3500888,1,1,19.0,31,true
2026-07-23,6,2,3500888,2,1,25.0,41,true
2026-07-23,6,2,3500888,3,1,23.0,38,true
2026-07-23,6,2,3500888,4,1,20.0,33,true
2026-07-23,6,2,3500888,5,1,19.0,31,true
2026-07-23,6,2,3500888,6,1,36.0,59,true
2026-07-23,6,2,3500888,7,1,23.0,38,true
2026-07-23,6,2,3500888,8,1,20.0,33,true
2026-07-23,6,2,3500888,9,1,19.0,31,true
2026-07-23,6,2,3500888,10,1,16.0,26,true
2026-07-23,6,2,3500888,11,1,20.0,33,true
2026-07-23,6,2,3500888,12,1,21.0,34,true
2026-07-23,6,2,3500888,13,1,32.0,52,true
2026-07-24,1,3,3500005,1,1,20.0,113,true
2026-07-24,1,3,3500005,2,1,11.0,63,true
2026-07-24,1,3,3500005,3,1,8.0,46,true
2026-07-24,1,3,3500005,4,1,19.0,108,true
2026-07-24,1,3,3500005,5,1,14.0,80,true
2026-07-24,1,3,3500005,6,1,26.0,147,true
2026-07-24,1,3,3500005,7,1,12.0,68,true
2026-07-24,1,3,3500005,8,1,10.0,57,true
2026-07-24,1,3,3500005,9,1,18.0,102,true
2026-07-24,1,3,3500005,10,1,15.0,85,true
2026-07-24,1,3,3500005,11,1,16.0,91,true
2026-07-24,1,3,3500005,12,1,13.0,74,true
2026-07-24,1,3,3500005,13,1,17.0,97,true
2026-07-24,2,3,3500162,1,1,20.0,96,true
2026-07-24,2,3,3500162,2,1,14.0,67,true
2026-07-24,2,3,3500162,3,1,12.0,58,true
2026-07-24,2,3,3500162,4,1,9.0,43,true
2026-07-24,2,3,3500162,5,1,11.0,53,true
2026-07-24,2,3,3500162,6,1,30.0,143,true
2026-07-24,2,3,3500162,7,1,15.0,72,true
2026-07-24,2,3,3500162,8,1,16.0,77,true
2026-07-24,2,3,3500162,9,1,18.0,86,true
2026-07-24,2,3,3500162,10,1,8.0,39,true
2026-07-24,2,3,3500162,11,1,10.0,48,true
2026-07-24,2,3,3500162,12,1,19.0,91,true
2026-07-24,2,3,3500162,13,1,26.0,124,true
2026-07-24,4,3,3501226,1,1,11.0,60,true
2026-07-24,4,3,3501226,2,1,12.0,65,true
2026-07-24,4,3,3501226,3,1,16.0,87,true
2026-07-24,4,3,3501226,4,1,17.0,92,true
2026-07-24,4,3,3501226,5,1,20.0,109,true
2026-07-24,4,3,3501226,6,1,19.0,103,true
2026-07-24,4,3,3501226,7,1,7.0,38,true
2026-07-24,4,3,3501226,8,1,10.0,55,true
2026-07-24,4,3,3501226,9,1,18.0,98,true
2026-07-24,4,3,3501226,10,1,14.0,76,true
2026-07-24,4,3,3501226,11,1,15.0,82,true
2026-07-24,4,3,3501226,12,1,13.0,71,true
2026-07-24,4,3,3501226,13,1,30.0,163,true
2026-07-24,6,3,3500888,1,1,15.0,25,true
2026-07-24,6,3,3500888,2,1,20.0,33,true
2026-07-24,6,3,3500888,3,1,17.0,28,true
2026-07-24,6,3,3500888,4,1,19.0,31,true
2026-07-24,6,3,3500888,5,1,14.0,23,true
2026-07-24,6,3,3500888,6,1,23.0,38,true
2026-07-24,6,3,3500888,7,1,9.0,15,true
2026-07-24,6,3,3500888,8,1,17.0,28,true
2026-07-24,6,3,3500888,9,1,7.0,12,true
2026-07-24,6,3,3500888,10,1,18.0,30,true
2026-07-24,6,3,3500888,11,1,13.0,21,true
2026-07-24,6,3,3500888,12,1,16.0,26,true
2026-07-24,6,3,3500888,13,1,27.0,44,true
2026-07-24,1,1,3500005,1,1,15.0,85,true
2026-07-24,1,1,3500005,2,1,23.0,130,true
2026-07-24,1,1,3500005,3,1,15.0,85,true
2026-07-24,1,1,3500005,4,1,17.0,97,true
2026-07-24,1,1,3500005,5,1,10.0,57,true
2026-07-24,1,1,3500005,6,1,20.0,113,true
2026-07-24,1,1,3500005,7,1,17.0,97,true
2026-07-24,1,1,3500005,8,1,14.0,80,true
2026-07-24,1,1,3500005,9,1,13.0,74,true
2026-07-24,1,1,3500005,10,1,10.0,57,true
2026-07-24,1,1,3500005,11,1,12.0,68,true
2026-07-24,1,1,3500005,12,1,10.0,57,true
2026-07-24,1,1,3500005,13,1,21.0,119,true
2026-07-24,2,1,3501430,1,1,33.0,103,true
2026-07-24,2,1,3501430,2,1,21.0,66,true
2026-07-24,2,1,3501430,3,1,17.0,53,true
2026-07-24,2,1,3501430,4,1,11.0,35,true
2026-07-24,2,1,3501430,5,1,22.0,69,true
2026-07-24,2,1,3501430,6,1,21.0,66,true
2026-07-24,2,1,3501430,7,1,29.0,91,true
2026-07-24,2,1,3501430,8,1,17.0,53,true
2026-07-24,2,1,3501430,9,1,19.0,60,true
2026-07-24,2,1,3501430,10,1,23.0,72,true
2026-07-24,2,1,3501430,11,1,17.0,53,true
2026-07-24,2,1,3501430,12,1,12.0,38,true
2026-07-24,2,1,3501430,13,1,21.0,66,true
2026-07-24,4,1,3501226,1,1,22.0,119,true
2026-07-24,4,1,3501226,2,1,30.0,163,true
2026-07-24,4,1,3501226,3,1,11.0,60,true
2026-07-24,4,1,3501226,4,1,15.0,82,true
2026-07-24,4,1,3501226,5,1,30.0,163,true
2026-07-24,4,1,3501226,6,1,19.0,103,true
2026-07-24,4,1,3501226,7,1,24.0,130,true
2026-07-24,4,1,3501226,8,1,15.0,82,true
2026-07-24,4,1,3501226,9,1,33.0,179,true
2026-07-24,4,1,3501226,10,1,17.0,92,true
2026-07-24,4,1,3501226,11,1,23.0,125,true
2026-07-24,4,1,3501226,12,1,12.0,65,true
2026-07-24,4,1,3501226,13,1,20.0,109,true
2026-07-24,6,1,3500888,1,1,24.0,39,true
2026-07-24,6,1,3500888,2,1,10.0,17,true
2026-07-24,6,1,3500888,3,1,12.0,20,true
2026-07-24,6,1,3500888,4,1,13.0,21,true
2026-07-24,6,1,3500888,5,1,10.0,17,true
2026-07-24,6,1,3500888,6,1,20.0,33,true
2026-07-24,6,1,3500888,7,1,22.0,36,true
2026-07-24,6,1,3500888,8,1,17.0,28,true
2026-07-24,6,1,3500888,9,1,15.0,25,true
2026-07-24,6,1,3500888,10,1,13.0,21,true
2026-07-24,6,1,3500888,11,1,10.0,17,true
2026-07-24,6,1,3500888,12,1,4.0,7,true
2026-07-24,6,1,3500888,13,1,16.0,26,true
2026-07-25,1,3,3500005,1,1,14.0,80,true
2026-07-25,1,3,3500005,2,1,12.0,68,true
2026-07-25,1,3,3500005,3,1,16.0,91,true
2026-07-25,1,3,3500005,4,1,15.0,85,true
2026-07-25,1,3,3500005,5,1,19.0,108,true
2026-07-25,1,3,3500005,6,1,21.0,119,true
2026-07-25,1,3,3500005,7,1,6.0,34,true
2026-07-25,1,3,3500005,8,1,7.0,40,true
2026-07-25,1,3,3500005,9,1,9.0,51,true
2026-07-25,1,3,3500005,10,1,8.0,46,true
2026-07-25,1,3,3500005,11,1,6.0,34,true
2026-07-25,1,3,3500005,12,1,6.0,34,true
2026-07-25,1,3,3500005,13,1,11.0,63,true
2026-07-25,2,3,3501430,1,1,16.0,50,true
2026-07-25,2,3,3501430,2,1,14.0,44,true
2026-07-25,2,3,3501430,3,1,12.0,38,true
2026-07-25,2,3,3501430,4,1,12.0,38,true
2026-07-25,2,3,3501430,5,1,14.0,44,true
2026-07-25,2,3,3501430,6,1,28.0,88,true
2026-07-25,2,3,3501430,7,1,9.0,29,true
2026-07-25,2,3,3501430,8,1,8.0,25,true
2026-07-25,2,3,3501430,9,1,7.0,22,true
2026-07-25,2,3,3501430,10,1,7.0,22,true
2026-07-25,2,3,3501430,11,1,5.0,16,true
2026-07-25,2,3,3501430,12,1,4.0,13,true
2026-07-25,2,3,3501430,13,1,6.0,19,true
2026-07-25,4,3,3501226,1,1,17.0,92,true
2026-07-25,4,3,3501226,2,1,19.0,103,true
2026-07-25,4,3,3501226,3,1,17.0,92,true
2026-07-25,4,3,3501226,4,1,16.0,87,true
2026-07-25,4,3,3501226,5,1,14.0,76,true
2026-07-25,4,3,3501226,6,1,26.0,141,true
2026-07-25,4,3,3501226,7,1,16.0,87,true
2026-07-25,4,3,3501226,8,1,9.0,49,true
2026-07-25,4,3,3501226,9,1,9.0,49,true
2026-07-25,4,3,3501226,10,1,10.0,55,true
2026-07-25,4,3,3501226,11,1,11.0,60,true
2026-07-25,4,3,3501226,12,1,9.0,49,true
2026-07-25,4,3,3501226,13,1,18.0,98,true
2026-07-24,1,2,3500005,1,1,13.0,74,true
2026-07-24,1,2,3500005,2,1,14.0,80,true
2026-07-24,1,2,3500005,3,1,12.0,68,true
2026-07-24,1,2,3500005,4,1,13.0,74,true
2026-07-24,1,2,3500005,5,1,12.0,68,true
2026-07-24,1,2,3500005,6,1,14.0,80,true
2026-07-24,1,2,3500005,7,1,12.0,68,true
2026-07-24,1,2,3500005,8,1,10.0,57,true
2026-07-24,1,2,3500005,9,1,9.0,51,true
2026-07-24,1,2,3500005,10,1,12.0,68,true
2026-07-24,1,2,3500005,11,1,11.0,63,true
2026-07-24,1,2,3500005,12,1,10.0,57,true
2026-07-24,1,2,3500005,13,1,11.0,63,true
2026-07-24,2,2,3501430,1,1,17.0,53,true
2026-07-24,2,2,3501430,2,1,15.0,47,true
2026-07-24,2,2,3501430,3,1,16.0,50,true
2026-07-24,2,2,3501430,4,1,16.0,50,true
2026-07-24,2,2,3501430,5,1,13.0,41,true
2026-07-24,2,2,3501430,6,1,14.0,44,true
2026-07-24,2,2,3501430,7,1,13.0,41,true
2026-07-24,2,2,3501430,8,1,12.0,38,true
2026-07-24,2,2,3501430,9,1,10.0,32,true
2026-07-24,2,2,3501430,10,1,11.0,35,true
2026-07-24,2,2,3501430,11,1,9.0,29,true
2026-07-24,2,2,3501430,12,1,12.0,38,true
2026-07-24,2,2,3501430,13,1,11.0,35,true
2026-07-24,4,2,3501226,1,1,19.0,103,true
2026-07-24,4,2,3501226,2,1,20.0,109,true
2026-07-24,4,2,3501226,3,1,15.0,82,true
2026-07-24,4,2,3501226,4,1,14.0,76,true
2026-07-24,4,2,3501226,5,1,12.0,65,true
2026-07-24,4,2,3501226,6,1,13.0,71,true
2026-07-24,4,2,3501226,7,1,15.0,82,true
2026-07-24,4,2,3501226,8,1,14.0,76,true
2026-07-24,4,2,3501226,9,1,12.0,65,true
2026-07-24,4,2,3501226,10,1,11.0,60,true
2026-07-24,4,2,3501226,11,1,10.0,55,true
2026-07-24,4,2,3501226,12,1,12.0,65,true
2026-07-24,4,2,3501226,13,1,13.0,71,true
2026-07-25,1,2,3500005,1,1,12.0,68,true
2026-07-25,1,2,3500005,2,1,10.0,57,true
2026-07-25,1,2,3500005,3,1,12.0,68,true
2026-07-25,1,2,3500005,4,1,11.0,63,true
2026-07-25,1,2,3500005,5,1,10.0,57,true
2026-07-25,1,2,3500005,6,1,12.0,68,true
2026-07-25,1,2,3500005,7,1,10.0,57,true
2026-07-25,1,2,3500005,8,1,9.0,51,true
2026-07-25,1,2,3500005,9,1,12.0,68,true
2026-07-25,1,2,3500005,10,1,11.0,63,true
2026-07-25,1,2,3500005,11,1,10.0,57,true
2026-07-25,1,2,3500005,12,1,11.0,63,true
2026-07-25,1,2,3500005,13,1,12.0,68,true
2026-07-25,2,2,3501430,1,1,15.0,47,true
2026-07-25,2,2,3501430,2,1,18.0,57,true
2026-07-25,2,2,3501430,3,1,17.0,53,true
2026-07-25,2,2,3501430,4,1,15.0,47,true
2026-07-25,2,2,3501430,5,1,14.0,44,true
2026-07-25,2,2,3501430,6,1,13.0,41,true
2026-07-25,2,2,3501430,7,1,12.0,38,true
2026-07-25,2,2,3501430,8,1,10.0,32,true
2026-07-25,2,2,3501430,9,1,11.0,35,true
2026-07-25,2,2,3501430,10,1,9.0,29,true
2026-07-25,2,2,3501430,11,1,12.0,38,true
2026-07-25,2,2,3501430,12,1,13.0,41,true
2026-07-25,2,2,3501430,13,1,14.0,44,true
2026-07-25,4,2,3501226,1,1,18.0,98,true
2026-07-25,4,2,3501226,2,1,20.0,109,true
2026-07-25,4,2,3501226,3,1,19.0,103,true
2026-07-25,4,2,3501226,4,1,17.0,92,true
2026-07-25,4,2,3501226,5,1,12.0,65,true
2026-07-25,4,2,3501226,6,1,15.0,82,true
2026-07-25,4,2,3501226,7,1,15.0,82,true
2026-07-25,4,2,3501226,8,1,12.0,65,true
2026-07-25,4,2,3501226,9,1,10.0,55,true
2026-07-25,4,2,3501226,10,1,12.0,65,true
2026-07-25,4,2,3501226,11,1,10.0,55,true
2026-07-25,4,2,3501226,12,1,11.0,60,true
2026-07-25,4,2,3501226,13,1,12.0,65,true
2026-07-26,1,3,3500005,1,1,20.0,113,true
2026-07-26,1,3,3500005,2,1,11.0,63,true
2026-07-26,1,3,3500005,3,1,15.0,85,true
2026-07-26,1,3,3500005,4,1,17.0,97,true
2026-07-26,1,3,3500005,5,1,16.0,91,true
2026-07-26,1,3,3500005,6,1,27.0,153,true
2026-07-26,1,3,3500005,7,1,14.0,80,true
2026-07-26,1,3,3500005,8,1,12.0,68,true
2026-07-26,1,3,3500005,9,1,8.0,46,true
2026-07-26,1,3,3500005,10,1,18.0,102,true
2026-07-26,1,3,3500005,11,1,10.0,57,true
2026-07-26,1,3,3500005,12,1,13.0,74,true
2026-07-26,1,3,3500005,13,1,28.0,159,true
2026-07-26,2,3,3501430,1,1,11.0,35,true
2026-07-26,2,3,3501430,2,1,16.0,50,true
2026-07-26,2,3,3501430,3,1,18.0,57,true
2026-07-26,2,3,3501430,4,1,20.0,63,true
2026-07-26,2,3,3501430,5,1,12.0,38,true
2026-07-26,2,3,3501430,6,1,19.0,60,true
2026-07-26,2,3,3501430,7,1,7.0,22,true
2026-07-26,2,3,3501430,8,1,17.0,53,true
2026-07-26,2,3,3501430,9,1,19.0,60,true
2026-07-26,2,3,3501430,10,1,13.0,41,true
2026-07-26,2,3,3501430,11,1,15.0,47,true
2026-07-26,2,3,3501430,12,1,14.0,44,true
2026-07-26,2,3,3501430,13,1,17.0,53,true
2026-07-26,4,3,3501226,1,1,16.0,87,true
2026-07-26,4,3,3501226,2,1,11.0,60,true
2026-07-26,4,3,3501226,3,1,13.0,71,true
2026-07-26,4,3,3501226,4,1,10.0,55,true
2026-07-26,4,3,3501226,5,1,9.0,49,true
2026-07-26,4,3,3501226,6,1,28.0,152,true
2026-07-26,4,3,3501226,7,1,19.0,103,true
2026-07-26,4,3,3501226,8,1,14.0,76,true
2026-07-26,4,3,3501226,9,1,15.0,82,true
2026-07-26,4,3,3501226,10,1,19.0,103,true
2026-07-26,4,3,3501226,11,1,12.0,65,true
2026-07-26,4,3,3501226,12,1,20.0,109,true
2026-07-26,4,3,3501226,13,1,31.0,168,true
2026-07-26,1,1,3500005,1,1,10.0,57,true
2026-07-26,1,1,3500005,2,1,16.0,91,true
2026-07-26,1,1,3500005,3,1,12.0,68,true
2026-07-26,1,1,3500005,4,1,10.0,57,true
2026-07-26,1,1,3500005,5,1,14.0,80,true
2026-07-26,1,1,3500005,6,1,35.0,198,true
2026-07-26,1,1,3500005,7,1,12.0,68,true
2026-07-26,1,1,3500005,8,1,10.0,57,true
2026-07-26,1,1,3500005,9,1,11.0,63,true
2026-07-26,1,1,3500005,10,1,12.0,68,true
2026-07-26,1,1,3500005,11,1,10.0,57,true
2026-07-26,1,1,3500005,12,1,11.0,63,true
2026-07-26,1,1,3500005,13,1,10.0,57,true
2026-07-26,2,1,3501430,1,1,20.0,63,true
2026-07-26,2,1,3501430,2,1,16.0,50,true
2026-07-26,2,1,3501430,3,1,18.0,57,true
2026-07-26,2,1,3501430,4,1,19.0,60,true
2026-07-26,2,1,3501430,5,1,10.0,32,true
2026-07-26,2,1,3501430,6,1,33.0,103,true
2026-07-26,2,1,3501430,7,1,16.0,50,true
2026-07-26,2,1,3501430,8,1,12.0,38,true
2026-07-26,2,1,3501430,9,1,10.0,32,true
2026-07-26,2,1,3501430,10,1,10.0,32,true
2026-07-26,2,1,3501430,11,1,11.0,35,true
2026-07-26,2,1,3501430,12,1,12.0,38,true
2026-07-26,2,1,3501430,13,1,10.0,32,true
2026-07-27,1,1,3500005,1,1,10.0,57,true
2026-07-27,1,1,3500005,2,1,16.0,91,true
2026-07-27,1,1,3500005,3,1,10.0,57,true
2026-07-27,1,1,3500005,4,1,11.0,63,true
2026-07-27,1,1,3500005,5,1,12.0,68,true
2026-07-27,1,1,3500005,6,1,21.0,119,true
2026-07-27,1,1,3500005,7,1,10.0,57,true
2026-07-27,1,1,3500005,8,1,11.0,63,true
2026-07-27,1,1,3500005,9,1,12.0,68,true
2026-07-27,1,1,3500005,10,1,10.0,57,true
2026-07-27,1,1,3500005,11,1,11.0,63,true
2026-07-27,1,1,3500005,12,1,10.0,57,true
2026-07-27,1,1,3500005,13,1,20.0,113,true
2026-07-27,2,1,3501430,1,1,20.0,63,true
2026-07-27,2,1,3501430,2,1,10.0,32,true
2026-07-27,2,1,3501430,3,1,18.0,57,true
2026-07-27,2,1,3501430,4,1,10.0,32,true
2026-07-27,2,1,3501430,5,1,11.0,35,true
2026-07-27,2,1,3501430,6,1,21.0,66,true
2026-07-27,2,1,3501430,7,1,12.0,38,true
2026-07-27,2,1,3501430,8,1,10.0,32,true
2026-07-27,2,1,3501430,9,1,11.0,35,true
2026-07-27,2,1,3501430,10,1,16.0,50,true
2026-07-27,2,1,3501430,11,1,10.0,32,true
2026-07-27,2,1,3501430,12,1,11.0,35,true
2026-07-27,2,1,3501430,13,1,12.0,38,true
2026-07-27,4,1,3500162,1,1,20.0,96,true
2026-07-27,4,1,3500162,2,1,10.0,48,true
2026-07-27,4,1,3500162,3,1,18.0,86,true
2026-07-27,4,1,3500162,4,1,22.0,105,true
2026-07-27,4,1,3500162,5,1,24.0,115,true
2026-07-27,4,1,3500162,6,1,28.0,134,true
2026-07-27,4,1,3500162,7,1,10.0,48,true
2026-07-27,4,1,3500162,8,1,11.0,53,true
2026-07-27,4,1,3500162,9,1,12.0,58,true
2026-07-27,4,1,3500162,10,1,16.0,77,true
2026-07-27,4,1,3500162,11,1,10.0,48,true
2026-07-27,4,1,3500162,12,1,11.0,53,true
2026-07-27,4,1,3500162,13,1,12.0,58,true
2026-07-27,6,1,3500888,1,1,30.0,49,true
2026-07-27,6,1,3500888,2,1,40.0,65,true
2026-07-27,6,1,3500888,3,1,60.0,97,true
2026-07-27,6,1,3500888,4,1,20.0,33,true
2026-07-27,6,1,3500888,5,1,30.0,49,true
2026-07-27,6,1,3500888,6,1,34.0,55,true
2026-07-27,6,1,3500888,7,1,12.0,20,true
2026-07-27,6,1,3500888,8,1,10.0,17,true
2026-07-27,6,1,3500888,9,1,11.0,18,true
2026-07-27,6,1,3500888,10,1,12.0,20,true
2026-07-27,6,1,3500888,11,1,10.0,17,true
2026-07-27,6,1,3500888,12,1,16.0,26,true
2026-07-27,6,1,3500888,13,1,18.0,30,true
2026-07-27,1,2,3500005,1,1,16.0,91,true
2026-07-27,1,2,3500005,2,1,12.0,68,true
2026-07-27,1,2,3500005,3,1,10.0,57,true
2026-07-27,1,2,3500005,4,1,11.0,63,true
2026-07-27,1,2,3500005,5,1,12.0,68,true
2026-07-27,1,2,3500005,6,1,21.0,119,true
2026-07-27,1,2,3500005,7,1,16.0,91,true
2026-07-27,1,2,3500005,8,1,12.0,68,true
2026-07-27,1,2,3500005,9,1,10.0,57,true
2026-07-27,1,2,3500005,10,1,16.0,91,true
2026-07-27,1,2,3500005,11,1,12.0,68,true
2026-07-27,1,2,3500005,12,1,10.0,57,true
2026-07-27,1,2,3500005,13,1,16.0,91,true
2026-07-27,2,2,3501430,1,1,20.0,63,true
2026-07-27,2,2,3501430,2,1,16.0,50,true
2026-07-27,2,2,3501430,3,1,10.0,32,true
2026-07-27,2,2,3501430,4,1,12.0,38,true
2026-07-27,2,2,3501430,5,1,10.0,32,true
2026-07-27,2,2,3501430,6,1,26.0,82,true
2026-07-27,2,2,3501430,7,1,12.0,38,true
2026-07-27,2,2,3501430,8,1,10.0,32,true
2026-07-27,2,2,3501430,9,1,18.0,57,true
2026-07-27,2,2,3501430,10,1,16.0,50,true
2026-07-27,2,2,3501430,11,1,12.0,38,true
2026-07-27,2,2,3501430,12,1,10.0,32,true
2026-07-27,2,2,3501430,13,1,11.0,35,true
2026-07-27,4,2,3500162,1,1,20.0,96,true
2026-07-27,4,2,3500162,2,1,16.0,77,true
2026-07-27,4,2,3500162,3,1,18.0,86,true
2026-07-27,4,2,3500162,4,1,19.0,91,true
2026-07-27,4,2,3500162,5,1,12.0,58,true
2026-07-27,4,2,3500162,6,1,10.0,48,true
2026-07-27,4,2,3500162,7,1,11.0,53,true
2026-07-27,4,2,3500162,8,1,16.0,77,true
2026-07-27,4,2,3500162,9,1,16.0,77,true
2026-07-27,4,2,3500162,10,1,12.0,58,true
2026-07-27,4,2,3500162,11,1,10.0,48,true
2026-07-27,4,2,3500162,12,1,11.0,53,true
2026-07-27,4,2,3500162,13,1,10.0,48,true
2026-07-27,6,2,3500888,1,1,20.0,33,true
2026-07-27,6,2,3500888,2,1,16.0,26,true
2026-07-27,6,2,3500888,3,1,12.0,20,true
2026-07-27,6,2,3500888,4,1,10.0,17,true
2026-07-27,6,2,3500888,5,1,12.0,20,true
2026-07-27,6,2,3500888,6,1,20.0,33,true
2026-07-27,6,2,3500888,7,1,16.0,26,true
2026-07-27,6,2,3500888,8,1,18.0,30,true
2026-07-27,6,2,3500888,9,1,12.0,20,true
2026-07-27,6,2,3500888,10,1,16.0,26,true
2026-07-27,6,2,3500888,11,1,18.0,30,true
2026-07-27,6,2,3500888,12,1,18.0,30,true
2026-07-27,6,2,3500888,13,1,19.0,31,true
2026-07-28,1,3,3500005,1,1,16.0,91,true
2026-07-28,1,3,3500005,2,1,12.0,68,true
2026-07-28,1,3,3500005,3,1,10.0,57,true
2026-07-28,1,3,3500005,4,1,12.0,68,true
2026-07-28,1,3,3500005,5,1,16.0,91,true
2026-07-28,1,3,3500005,6,1,10.0,57,true
2026-07-28,1,3,3500005,7,1,26.0,147,true
2026-07-28,1,3,3500005,8,1,21.0,119,true
2026-07-28,1,3,3500005,9,1,16.0,91,true
2026-07-28,1,3,3500005,10,1,10.0,57,true
2026-07-28,1,3,3500005,11,1,11.0,63,true
2026-07-28,1,3,3500005,12,1,16.0,91,true
2026-07-28,1,3,3500005,13,1,16.0,91,true
2026-07-28,2,3,3501430,1,1,21.0,66,true
2026-07-28,2,3,3501430,2,1,16.0,50,true
2026-07-28,2,3,3501430,3,1,18.0,57,true
2026-07-28,2,3,3501430,4,1,21.0,66,true
2026-07-28,2,3,3501430,5,1,16.0,50,true
2026-07-28,2,3,3501430,6,1,18.0,57,true
2026-07-28,2,3,3501430,7,1,29.0,91,true
2026-07-28,2,3,3501430,8,1,11.0,35,true
2026-07-28,2,3,3501430,9,1,12.0,38,true
2026-07-28,2,3,3501430,10,1,16.0,50,true
2026-07-28,2,3,3501430,11,1,10.0,32,true
2026-07-28,2,3,3501430,12,1,11.0,35,true
2026-07-28,2,3,3501430,13,1,16.0,50,true
2026-07-28,4,3,3500162,1,1,8.0,39,true
2026-07-28,4,3,3500162,2,1,20.0,96,true
2026-07-28,4,3,3500162,3,1,21.0,100,true
2026-07-28,4,3,3500162,4,1,16.0,77,true
2026-07-28,4,3,3500162,5,1,18.0,86,true
2026-07-28,4,3,3500162,6,1,16.0,77,true
2026-07-28,4,3,3500162,7,1,20.0,96,true
2026-07-28,4,3,3500162,8,1,11.0,53,true
2026-07-28,4,3,3500162,9,1,12.0,58,true
2026-07-28,4,3,3500162,10,1,16.0,77,true
2026-07-28,4,3,3500162,11,1,10.0,48,true
2026-07-28,4,3,3500162,12,1,11.0,53,true
2026-07-28,4,3,3500162,13,1,16.0,77,true
2026-07-28,6,3,3500888,1,1,20.0,33,true
2026-07-28,6,3,3500888,2,1,24.0,39,true
2026-07-28,6,3,3500888,3,1,16.0,26,true
2026-07-28,6,3,3500888,4,1,18.0,30,true
2026-07-28,6,3,3500888,5,1,19.0,31,true
2026-07-28,6,3,3500888,6,1,22.0,36,true
2026-07-28,6,3,3500888,7,1,16.0,26,true
2026-07-28,6,3,3500888,8,1,10.0,17,true
2026-07-28,6,3,3500888,9,1,11.0,18,true
2026-07-28,6,3,3500888,10,1,2.0,4,true
2026-07-28,6,3,3500888,11,1,16.0,26,true
2026-07-28,6,3,3500888,12,1,10.0,17,true
2026-07-28,6,3,3500888,13,1,11.0,18,true
2026-07-26,1,3,3500005,1,2,20.0,113,true
2026-07-26,1,3,3500005,2,2,16.0,91,true
2026-07-26,1,3,3500005,3,2,18.0,102,true
2026-07-26,1,3,3500005,4,2,11.0,63,true
2026-07-26,1,3,3500005,5,2,12.0,68,true
2026-07-26,1,3,3500005,6,2,20.0,113,true
2026-07-26,1,3,3500005,7,2,10.0,57,true
2026-07-26,1,3,3500005,8,2,12.0,68,true
2026-07-26,1,3,3500005,9,2,10.0,57,true
2026-07-26,1,3,3500005,10,2,10.0,57,true
2026-07-26,1,3,3500005,11,2,10.0,57,true
2026-07-26,1,3,3500005,12,2,11.0,63,true
2026-07-26,1,3,3500005,13,2,12.0,68,true
2026-07-26,2,3,3501430,1,2,16.0,50,true
2026-07-26,2,3,3501430,2,2,18.0,57,true
2026-07-26,2,3,3501430,3,2,19.0,60,true
2026-07-26,2,3,3501430,4,2,10.0,32,true
2026-07-26,2,3,3501430,5,2,20.0,63,true
2026-07-26,2,3,3501430,6,2,37.0,116,true
2026-07-26,2,3,3501430,7,2,10.0,32,true
2026-07-26,2,3,3501430,8,2,11.0,35,true
2026-07-26,2,3,3501430,9,2,12.0,38,true
2026-07-26,2,3,3501430,10,2,10.0,32,true
2026-07-26,2,3,3501430,11,2,11.0,35,true
2026-07-26,2,3,3501430,12,2,21.0,66,true
2026-07-26,2,3,3501430,13,2,16.0,50,true
2026-07-26,4,3,3500162,1,1,20.0,96,true
2026-07-26,4,3,3500162,2,1,24.0,115,true
2026-07-26,4,3,3500162,3,1,16.0,77,true
2026-07-26,4,3,3500162,4,1,18.0,86,true
2026-07-26,4,3,3500162,5,1,14.0,67,true
2026-07-26,4,3,3500162,6,1,22.0,105,true
2026-07-26,4,3,3500162,7,1,11.0,53,true
2026-07-26,4,3,3500162,8,1,12.0,58,true
2026-07-26,4,3,3500162,9,1,10.0,48,true
2026-07-26,4,3,3500162,10,1,11.0,53,true
2026-07-26,4,3,3500162,11,1,12.0,58,true
2026-07-26,4,3,3500162,12,1,10.0,48,true
2026-07-26,4,3,3500162,13,1,11.0,53,true
2026-07-26,6,3,3500888,1,1,10.0,17,true
2026-07-26,6,3,3500888,2,1,16.0,26,true
2026-07-26,6,3,3500888,3,1,18.0,30,true
2026-07-26,6,3,3500888,4,1,10.0,17,true
2026-07-26,6,3,3500888,5,1,12.0,20,true
2026-07-26,6,3,3500888,6,1,26.0,42,true
2026-07-26,6,3,3500888,7,1,10.0,17,true
2026-07-26,6,3,3500888,8,1,11.0,18,true
2026-07-26,6,3,3500888,9,1,10.0,17,true
2026-07-26,6,3,3500888,10,1,11.0,18,true
2026-07-26,6,3,3500888,11,1,16.0,26,true
2026-07-26,6,3,3500888,12,1,21.0,34,true
2026-07-26,6,3,3500888,13,1,22.0,36,true
2026-07-28,1,1,3500005,1,1,12.0,68,true
2026-07-28,1,1,3500005,2,1,10.0,57,true
2026-07-28,1,1,3500005,3,1,11.0,63,true
2026-07-28,1,1,3500005,4,1,10.0,57,true
2026-07-28,1,1,3500005,5,1,9.0,51,true
2026-07-28,1,1,3500005,6,1,12.0,68,true
2026-07-28,1,1,3500005,7,1,10.0,57,true
2026-07-28,1,1,3500005,8,1,9.0,51,true
2026-07-28,1,1,3500005,9,1,10.0,57,true
2026-07-28,1,1,3500005,10,1,11.0,63,true
2026-07-28,1,1,3500005,11,1,8.0,46,true
2026-07-28,1,1,3500005,12,1,10.0,57,true
2026-07-28,1,1,3500005,13,1,11.0,63,true
2026-07-28,2,1,3501430,1,1,15.0,47,true
2026-07-28,2,1,3501430,2,1,17.0,53,true
2026-07-28,2,1,3501430,3,1,19.0,60,true
2026-07-28,2,1,3501430,4,1,12.0,38,true
2026-07-28,2,1,3501430,5,1,10.0,32,true
2026-07-28,2,1,3501430,6,1,13.0,41,true
2026-07-28,2,1,3501430,7,1,12.0,38,true
2026-07-28,2,1,3501430,8,1,12.0,38,true
2026-07-28,2,1,3501430,9,1,10.0,32,true
2026-07-28,2,1,3501430,10,1,12.0,38,true
2026-07-28,2,1,3501430,11,1,10.0,32,true
2026-07-28,2,1,3501430,12,1,10.0,32,true
2026-07-28,2,1,3501430,13,1,12.0,38,true
2026-07-28,4,1,3500162,1,1,18.0,86,true
2026-07-28,4,1,3500162,2,1,20.0,96,true
2026-07-28,4,1,3500162,3,1,19.0,91,true
2026-07-28,4,1,3500162,4,1,15.0,72,true
2026-07-28,4,1,3500162,5,1,13.0,62,true
2026-07-28,4,1,3500162,6,1,15.0,72,true
2026-07-28,4,1,3500162,7,1,14.0,67,true
2026-07-28,4,1,3500162,8,1,12.0,58,true
2026-07-28,4,1,3500162,9,1,10.0,48,true
2026-07-28,4,1,3500162,10,1,12.0,58,true
2026-07-28,4,1,3500162,11,1,11.0,53,true
2026-07-28,4,1,3500162,12,1,10.0,48,true
2026-07-28,4,1,3500162,13,1,15.0,72,true
2026-07-28,1,2,3500005,1,1,20.0,113,true
2026-07-28,1,2,3500005,2,1,11.0,63,true
2026-07-28,1,2,3500005,3,1,16.0,91,true
2026-07-28,1,2,3500005,4,1,14.0,80,true
2026-07-28,1,2,3500005,5,1,12.0,68,true
2026-07-28,1,2,3500005,6,1,19.0,108,true
2026-07-28,1,2,3500005,7,1,8.0,46,true
2026-07-28,1,2,3500005,8,1,13.0,74,true
2026-07-28,1,2,3500005,9,1,17.0,97,true
2026-07-28,1,2,3500005,10,1,17.0,97,true
2026-07-28,1,2,3500005,11,1,18.0,102,true
2026-07-28,1,2,3500005,12,1,19.0,108,true
2026-07-28,1,2,3500005,13,1,17.0,97,true
2026-07-28,2,2,3500213,1,1,12.0,58,true
2026-07-28,2,2,3500213,2,1,16.0,77,true
2026-07-28,2,2,3500213,3,1,20.0,96,true
2026-07-28,2,2,3500213,4,1,17.0,81,true
2026-07-28,2,2,3500213,5,1,9.0,43,true
2026-07-28,2,2,3500213,6,1,28.0,134,true
2026-07-28,2,2,3500213,7,1,7.0,34,true
2026-07-28,2,2,3500213,8,1,19.0,91,true
2026-07-28,2,2,3500213,9,1,14.0,67,true
2026-07-28,2,2,3500213,10,1,13.0,62,true
2026-07-28,2,2,3500213,11,1,8.0,39,true
2026-07-28,2,2,3500213,12,1,11.0,53,true
2026-07-28,2,2,3500213,13,1,27.0,129,true
2026-07-28,4,2,3500162,1,1,15.0,72,true
2026-07-28,4,2,3500162,2,1,17.0,81,true
2026-07-28,4,2,3500162,3,1,20.0,96,true
2026-07-28,4,2,3500162,4,1,9.0,43,true
2026-07-28,4,2,3500162,5,1,19.0,91,true
2026-07-28,4,2,3500162,6,1,21.0,100,true
2026-07-28,4,2,3500162,7,1,8.0,39,true
2026-07-28,4,2,3500162,8,1,16.0,77,true
2026-07-28,4,2,3500162,9,1,18.0,86,true
2026-07-28,4,2,3500162,10,1,13.0,62,true
2026-07-28,4,2,3500162,11,1,12.0,58,true
2026-07-28,4,2,3500162,12,1,15.0,72,true
2026-07-28,4,2,3500162,13,1,21.0,100,true
2026-07-28,6,2,3500888,1,1,20.0,33,true
2026-07-28,6,2,3500888,2,1,15.0,25,true
2026-07-28,6,2,3500888,3,1,16.0,26,true
2026-07-28,6,2,3500888,4,1,12.0,20,true
2026-07-28,6,2,3500888,5,1,17.0,28,true
2026-07-28,6,2,3500888,6,1,30.0,49,true
2026-07-28,6,2,3500888,7,1,10.0,17,true
2026-07-28,6,2,3500888,8,1,9.0,15,true
2026-07-28,6,2,3500888,9,1,12.0,20,true
2026-07-28,6,2,3500888,10,1,13.0,21,true
2026-07-28,6,2,3500888,11,1,14.0,23,true
2026-07-28,6,2,3500888,12,1,17.0,28,true
2026-07-28,6,2,3500888,13,1,26.0,42,true
2026-07-29,1,3,3500005,1,1,13.0,74,true
2026-07-29,1,3,3500005,2,1,10.0,57,true
2026-07-29,1,3,3500005,3,1,15.0,85,true
2026-07-29,1,3,3500005,4,1,17.0,97,true
2026-07-29,1,3,3500005,5,1,11.0,63,true
2026-07-29,1,3,3500005,6,1,17.0,97,true
2026-07-29,1,3,3500005,7,1,24.0,136,true
2026-07-29,1,3,3500005,8,1,17.0,97,true
2026-07-29,1,3,3500005,9,1,19.0,108,true
2026-07-29,1,3,3500005,10,1,10.0,57,true
2026-07-29,1,3,3500005,11,1,11.0,63,true
2026-07-29,1,3,3500005,12,1,12.0,68,true
2026-07-29,1,3,3500005,13,1,17.0,97,true
2026-07-29,2,3,3500213,1,1,24.0,115,true
2026-07-29,2,3,3500213,2,1,15.0,72,true
2026-07-29,2,3,3500213,3,1,17.0,81,true
2026-07-29,2,3,3500213,4,1,20.0,96,true
2026-07-29,2,3,3500213,5,1,22.0,105,true
2026-07-29,2,3,3500213,6,1,21.0,100,true
2026-07-29,2,3,3500213,7,1,20.0,96,true
2026-07-29,2,3,3500213,8,1,16.0,77,true
2026-07-29,2,3,3500213,9,1,18.0,86,true
2026-07-29,2,3,3500213,10,1,14.0,67,true
2026-07-29,2,3,3500213,11,1,10.0,48,true
2026-07-29,2,3,3500213,12,1,11.0,53,true
2026-07-29,2,3,3500213,13,1,21.0,100,true
2026-07-29,4,3,3500162,1,1,30.0,143,true
2026-07-29,4,3,3500162,2,1,21.0,100,true
2026-07-29,4,3,3500162,3,1,17.0,81,true
2026-07-29,4,3,3500162,4,1,15.0,72,true
2026-07-29,4,3,3500162,5,1,10.0,48,true
2026-07-29,4,3,3500162,6,1,20.0,96,true
2026-07-29,4,3,3500162,7,1,24.0,115,true
2026-07-29,4,3,3500162,8,1,17.0,81,true
2026-07-29,4,3,3500162,9,1,10.0,48,true
2026-07-29,4,3,3500162,10,1,12.0,58,true
2026-07-29,4,3,3500162,11,1,13.0,62,true
2026-07-29,4,3,3500162,12,1,10.0,48,true
2026-07-29,4,3,3500162,13,1,20.0,96,true
2026-07-29,6,3,3500888,1,1,13.0,21,true
2026-07-29,6,3,3500888,2,1,10.0,17,true
2026-07-29,6,3,3500888,3,1,11.0,18,true
2026-07-29,6,3,3500888,4,1,12.0,20,true
2026-07-29,6,3,3500888,5,1,17.0,28,true
2026-07-29,6,3,3500888,6,1,21.0,34,true
2026-07-29,6,3,3500888,7,1,17.0,28,true
2026-07-29,6,3,3500888,8,1,16.0,26,true
2026-07-29,6,3,3500888,9,1,10.0,17,true
2026-07-29,6,3,3500888,10,1,11.0,18,true
2026-07-29,6,3,3500888,11,1,12.0,20,true
2026-07-29,6,3,3500888,12,1,13.0,21,true
2026-07-29,6,3,3500888,13,1,22.0,36,true
2026-07-29,1,1,3500005,1,1,15.0,85,true
2026-07-29,1,1,3500005,2,1,17.0,97,true
2026-07-29,1,1,3500005,3,1,12.0,68,true
2026-07-29,1,1,3500005,4,1,13.0,74,true
2026-07-29,1,1,3500005,5,1,10.0,57,true
2026-07-29,1,1,3500005,6,1,12.0,68,true
2026-07-29,1,1,3500005,7,1,13.0,74,true
2026-07-29,1,1,3500005,8,1,10.0,57,true
2026-07-29,1,1,3500005,9,1,12.0,68,true
2026-07-29,1,1,3500005,10,1,11.0,63,true
2026-07-29,1,1,3500005,11,1,10.0,57,true
2026-07-29,1,1,3500005,12,1,12.0,68,true
2026-07-29,1,1,3500005,13,1,13.0,74,true
2026-07-29,2,1,3501430,1,1,18.0,57,true
2026-07-29,2,1,3501430,2,1,20.0,63,true
2026-07-29,2,1,3501430,3,1,19.0,60,true
2026-07-29,2,1,3501430,4,1,15.0,47,true
2026-07-29,2,1,3501430,5,1,14.0,44,true
2026-07-29,2,1,3501430,6,1,17.0,53,true
2026-07-29,2,1,3501430,7,1,15.0,47,true
2026-07-29,2,1,3501430,8,1,13.0,41,true
2026-07-29,2,1,3501430,9,1,10.0,32,true
2026-07-29,2,1,3501430,10,1,12.0,38,true
2026-07-29,2,1,3501430,11,1,12.0,38,true
2026-07-29,2,1,3501430,12,1,13.0,41,true
2026-07-29,2,1,3501430,13,1,14.0,44,true
2026-07-29,4,1,3500162,1,1,20.0,96,true
2026-07-29,4,1,3500162,2,1,23.0,110,true
2026-07-29,4,1,3500162,3,1,19.0,91,true
2026-07-29,4,1,3500162,4,1,18.0,86,true
2026-07-29,4,1,3500162,5,1,15.0,72,true
2026-07-29,4,1,3500162,6,1,18.0,86,true
2026-07-29,4,1,3500162,7,1,16.0,77,true
2026-07-29,4,1,3500162,8,1,15.0,72,true
2026-07-29,4,1,3500162,9,1,12.0,58,true
2026-07-29,4,1,3500162,10,1,13.0,62,true
2026-07-29,4,1,3500162,11,1,10.0,48,true
2026-07-29,4,1,3500162,12,1,12.0,58,true
2026-07-29,4,1,3500162,13,1,15.0,72,true
2026-07-29,1,2,3500005,1,1,11.0,63,true
2026-07-29,1,2,3500005,2,1,15.0,85,true
2026-07-29,1,2,3500005,3,1,17.0,97,true
2026-07-29,1,2,3500005,4,1,19.0,108,true
2026-07-29,1,2,3500005,5,1,10.0,57,true
2026-07-29,1,2,3500005,6,1,20.0,113,true
2026-07-29,1,2,3500005,7,1,7.0,40,true
2026-07-29,1,2,3500005,8,1,20.0,113,true
2026-07-29,1,2,3500005,9,1,14.0,80,true
2026-07-29,1,2,3500005,10,1,16.0,91,true
2026-07-29,1,2,3500005,11,1,13.0,74,true
2026-07-29,1,2,3500005,12,1,9.0,51,true
2026-07-29,1,2,3500005,13,1,30.0,170,true
2026-07-29,2,2,3501430,1,1,19.0,60,true
2026-07-29,2,2,3501430,2,1,16.0,50,true
2026-07-29,2,2,3501430,3,1,10.0,32,true
2026-07-29,2,2,3501430,4,1,11.0,35,true
2026-07-29,2,2,3501430,5,1,17.0,53,true
2026-07-29,2,2,3501430,6,1,38.0,119,true
2026-07-29,2,2,3501430,7,1,7.0,22,true
2026-07-29,2,2,3501430,8,1,14.0,44,true
2026-07-29,2,2,3501430,9,1,13.0,41,true
2026-07-29,2,2,3501430,10,1,12.0,38,true
2026-07-29,2,2,3501430,11,1,8.0,25,true
2026-07-29,2,2,3501430,12,1,9.0,29,true
2026-07-29,2,2,3501430,13,1,23.0,72,true
2026-07-29,4,2,3500162,1,1,10.0,48,true
2026-07-29,4,2,3500162,2,1,9.0,43,true
2026-07-29,4,2,3500162,3,1,12.0,58,true
2026-07-29,4,2,3500162,4,1,17.0,81,true
2026-07-29,4,2,3500162,5,1,19.0,91,true
2026-07-29,4,2,3500162,6,1,30.0,143,true
2026-07-29,4,2,3500162,7,1,8.0,39,true
2026-07-29,4,2,3500162,8,1,20.0,96,true
2026-07-29,4,2,3500162,9,1,18.0,86,true
2026-07-29,4,2,3500162,10,1,15.0,72,true
2026-07-29,4,2,3500162,11,1,13.0,62,true
2026-07-29,4,2,3500162,12,1,11.0,53,true
2026-07-29,4,2,3500162,13,1,23.0,110,true
2026-07-30,1,3,3500005,1,1,13.0,74,true
2026-07-30,1,3,3500005,2,1,15.0,85,true
2026-07-30,1,3,3500005,3,1,19.0,108,true
2026-07-30,1,3,3500005,4,1,20.0,113,true
2026-07-30,1,3,3500005,5,1,12.0,68,true
2026-07-30,1,3,3500005,6,1,19.0,108,true
2026-07-30,1,3,3500005,7,1,12.0,68,true
2026-07-30,1,3,3500005,8,1,20.0,113,true
2026-07-30,1,3,3500005,9,1,24.0,136,true
2026-07-30,1,3,3500005,10,1,10.0,57,true
2026-07-30,1,3,3500005,11,1,17.0,97,true
2026-07-30,1,3,3500005,12,1,21.0,119,true
2026-07-30,1,3,3500005,13,1,20.0,113,true
2026-07-30,2,3,3501430,1,1,35.0,110,true
2026-07-30,2,3,3501430,2,1,20.0,63,true
2026-07-30,2,3,3501430,3,1,17.0,53,true
2026-07-30,2,3,3501430,4,1,22.0,69,true
2026-07-30,2,3,3501430,5,1,17.0,53,true
2026-07-30,2,3,3501430,6,1,20.0,63,true
2026-07-30,2,3,3501430,7,1,24.0,75,true
2026-07-30,2,3,3501430,8,1,20.0,63,true
2026-07-30,2,3,3501430,9,1,33.0,103,true
2026-07-30,2,3,3501430,10,1,17.0,53,true
2026-07-30,2,3,3501430,11,1,16.0,50,true
2026-07-30,2,3,3501430,12,1,13.0,41,true
2026-07-30,2,3,3501430,13,1,23.0,72,true
2026-07-30,4,3,3500446,1,1,33.0,143,true
2026-07-30,4,3,3500446,2,1,24.0,104,true
2026-07-30,4,3,3500446,3,1,20.0,87,true
2026-07-30,4,3,3500446,4,1,17.0,74,true
2026-07-30,4,3,3500446,5,1,21.0,91,true
2026-07-30,4,3,3500446,6,1,24.0,104,true
2026-07-30,4,3,3500446,7,1,24.0,104,true
2026-07-30,4,3,3500446,8,1,20.0,87,true
2026-07-30,4,3,3500446,9,1,22.0,95,true
2026-07-30,4,3,3500446,10,1,17.0,74,true
2026-07-30,4,3,3500446,11,1,19.0,82,true
2026-07-30,4,3,3500446,12,1,10.0,44,true
2026-07-30,4,3,3500446,13,1,21.0,91,true
2026-07-30,1,2,3500005,1,1,30.0,170,true
2026-07-30,1,2,3500005,2,1,18.0,102,true
2026-07-30,1,2,3500005,3,1,15.0,85,true
2026-07-30,1,2,3500005,4,1,14.0,80,true
2026-07-30,1,2,3500005,5,1,12.0,68,true
2026-07-30,1,2,3500005,6,1,19.0,108,true
2026-07-30,1,2,3500005,7,1,19.0,108,true
2026-07-30,1,2,3500005,8,1,16.0,91,true
2026-07-30,1,2,3500005,9,1,15.0,85,true
2026-07-30,1,2,3500005,10,1,14.0,80,true
2026-07-30,1,2,3500005,11,1,13.0,74,true
2026-07-30,1,2,3500005,12,1,12.0,68,true
2026-07-30,1,2,3500005,13,1,19.0,108,true
2026-07-30,2,2,3501430,1,1,35.0,110,true
2026-07-30,2,2,3501430,2,1,30.0,94,true
2026-07-30,2,2,3501430,3,1,26.0,82,true
2026-07-30,2,2,3501430,4,1,25.0,78,true
2026-07-30,2,2,3501430,5,1,14.0,44,true
2026-07-30,2,2,3501430,6,1,26.0,82,true
2026-07-30,2,2,3501430,7,1,19.0,60,true
2026-07-30,2,2,3501430,8,1,17.0,53,true
2026-07-30,2,2,3501430,9,1,16.0,50,true
2026-07-30,2,2,3501430,10,1,14.0,44,true
2026-07-30,2,2,3501430,11,1,13.0,41,true
2026-07-30,2,2,3501430,12,1,12.0,38,true
2026-07-30,2,2,3501430,13,1,22.0,69,true
2026-07-30,4,2,3500446,1,1,40.0,173,true
2026-07-30,4,2,3500446,2,1,35.0,151,true
2026-07-30,4,2,3500446,3,1,17.0,74,true
2026-07-30,4,2,3500446,4,1,19.0,82,true
2026-07-30,4,2,3500446,5,1,15.0,65,true
2026-07-30,4,2,3500446,6,1,30.0,130,true
2026-07-30,4,2,3500446,7,1,25.0,108,true
2026-07-30,4,2,3500446,8,1,30.0,130,true
2026-07-30,4,2,3500446,9,1,21.0,91,true
2026-07-30,4,2,3500446,10,1,24.0,104,true
2026-07-30,4,2,3500446,11,1,19.0,82,true
2026-07-30,4,2,3500446,12,1,17.0,74,true
2026-07-30,4,2,3500446,13,1,32.0,138,true
2026-07-30,1,1,3500005,1,1,15.0,85,true
2026-07-30,1,1,3500005,2,1,12.0,68,true
2026-07-30,1,1,3500005,3,1,13.0,74,true
2026-07-30,1,1,3500005,4,1,10.0,57,true
2026-07-30,1,1,3500005,5,1,12.0,68,true
2026-07-30,1,1,3500005,6,1,11.0,63,true
2026-07-30,1,1,3500005,7,1,10.0,57,true
2026-07-30,1,1,3500005,8,1,12.0,68,true
2026-07-30,1,1,3500005,9,1,11.0,63,true
2026-07-30,1,1,3500005,10,1,10.0,57,true
2026-07-30,1,1,3500005,11,1,9.0,51,true
2026-07-30,1,1,3500005,12,1,10.0,57,true
2026-07-30,1,1,3500005,13,1,12.0,68,true
2026-07-30,2,1,3501430,1,1,18.0,57,true
2026-07-30,2,1,3501430,2,1,20.0,63,true
2026-07-30,2,1,3501430,3,1,19.0,60,true
2026-07-30,2,1,3501430,4,1,18.0,57,true
2026-07-30,2,1,3501430,5,1,15.0,47,true
2026-07-30,2,1,3501430,6,1,7.0,22,true
2026-07-30,2,1,3501430,7,1,15.0,47,true
2026-07-30,2,1,3501430,8,1,14.0,44,true
2026-07-30,2,1,3501430,9,1,12.0,38,true
2026-07-30,2,1,3501430,10,1,10.0,32,true
2026-07-30,2,1,3501430,11,1,11.0,35,true
2026-07-30,2,1,3501430,12,1,13.0,41,true
2026-07-30,2,1,3501430,13,1,12.0,38,true
2026-07-30,4,1,3500446,1,1,22.0,95,true
2026-07-30,4,1,3500446,2,1,25.0,108,true
2026-07-30,4,1,3500446,3,1,20.0,87,true
2026-07-30,4,1,3500446,4,1,19.0,82,true
2026-07-30,4,1,3500446,5,1,15.0,65,true
2026-07-30,4,1,3500446,6,1,17.0,74,true
2026-07-30,4,1,3500446,7,1,15.0,65,true
2026-07-30,4,1,3500446,8,1,14.0,61,true
2026-07-30,4,1,3500446,9,1,13.0,57,true
2026-07-30,4,1,3500446,10,1,12.0,52,true
2026-07-30,4,1,3500446,11,1,10.0,44,true
2026-07-30,4,1,3500446,12,1,12.0,52,true
2026-07-30,4,1,3500446,13,1,15.0,65,true
2026-07-31,1,3,3500005,1,1,12.0,68,true
2026-07-31,1,3,3500005,2,1,12.0,68,true
2026-07-31,1,3,3500005,3,1,15.0,85,true
2026-07-31,1,3,3500005,4,1,20.0,113,true
2026-07-31,1,3,3500005,5,1,11.0,63,true
2026-07-31,1,3,3500005,6,1,19.0,108,true
2026-07-31,1,3,3500005,7,1,10.0,57,true
2026-07-31,1,3,3500005,8,1,15.0,85,true
2026-07-31,1,3,3500005,9,1,12.0,68,true
2026-07-31,1,3,3500005,10,1,10.0,57,true
2026-07-31,1,3,3500005,11,1,11.0,63,true
2026-07-31,1,3,3500005,12,1,20.0,113,true
2026-07-31,1,3,3500005,13,1,21.0,119,true
2026-07-31,2,3,3501430,1,1,24.0,75,true
2026-07-31,2,3,3501430,2,1,27.0,85,true
2026-07-31,2,3,3501430,3,1,19.0,60,true
2026-07-31,2,3,3501430,4,1,15.0,47,true
2026-07-31,2,3,3501430,5,1,13.0,41,true
2026-07-31,2,3,3501430,6,1,19.0,60,true
2026-07-31,2,3,3501430,7,1,20.0,63,true
2026-07-31,2,3,3501430,8,1,24.0,75,true
2026-07-31,2,3,3501430,9,1,18.0,57,true
2026-07-31,2,3,3501430,10,1,12.0,38,true
2026-07-31,2,3,3501430,11,1,12.0,38,true
2026-07-31,2,3,3501430,12,1,10.0,32,true
2026-07-31,2,3,3501430,13,1,20.0,63,true
2026-07-31,4,3,3500446,1,1,37.0,160,true
2026-07-31,4,3,3500446,2,1,24.0,104,true
2026-07-31,4,3,3500446,3,1,20.0,87,true
2026-07-31,4,3,3500446,4,1,17.0,74,true
2026-07-31,4,3,3500446,5,1,21.0,91,true
2026-07-31,4,3,3500446,6,1,21.0,91,true
2026-07-31,4,3,3500446,7,1,24.0,104,true
2026-07-31,4,3,3500446,8,1,22.0,95,true
2026-07-31,4,3,3500446,9,1,31.0,134,true
2026-07-31,4,3,3500446,10,1,10.0,44,true
2026-07-31,4,3,3500446,11,1,17.0,74,true
2026-07-31,4,3,3500446,12,1,15.0,65,true
2026-07-31,4,3,3500446,13,1,21.0,91,true
2026-07-31,1,1,3500005,1,1,10.0,57,true
2026-07-31,1,1,3500005,2,1,100.0,565,true
2026-07-31,1,1,3500005,3,1,12.0,68,true
2026-07-31,1,1,3500005,4,1,10.0,57,true
2026-07-31,1,1,3500005,5,1,10.0,57,true
2026-07-31,1,1,3500005,6,1,21.0,119,true
2026-07-31,1,1,3500005,7,1,12.0,68,true
2026-07-31,1,1,3500005,8,1,10.0,57,true
2026-07-31,1,1,3500005,9,1,11.0,63,true
2026-07-31,1,1,3500005,10,1,12.0,68,true
2026-07-31,1,1,3500005,11,1,10.0,57,true
2026-07-31,1,1,3500005,12,1,11.0,63,true
2026-07-31,1,1,3500005,13,1,28.0,159,true
2026-07-31,2,1,3501430,1,1,30.0,94,true
2026-07-31,2,1,3501430,2,1,20.0,63,true
2026-07-31,2,1,3501430,3,1,16.0,50,true
2026-07-31,2,1,3501430,4,1,18.0,57,true
2026-07-31,2,1,3501430,5,1,19.0,60,true
2026-07-31,2,1,3501430,6,1,21.0,66,true
2026-07-31,2,1,3501430,7,1,12.0,38,true
2026-07-31,2,1,3501430,8,1,10.0,32,true
2026-07-31,2,1,3501430,9,1,16.0,50,true
2026-07-31,2,1,3501430,10,1,16.0,50,true
2026-07-31,2,1,3501430,11,1,18.0,57,true
2026-07-31,2,1,3501430,12,1,19.0,60,true
2026-07-31,2,1,3501430,13,1,10.0,32,true
2026-07-31,4,1,3501225,1,1,30.0,182,true
2026-07-31,4,1,3501225,2,1,16.0,97,true
2026-07-31,4,1,3501225,3,1,18.0,110,true
2026-07-31,4,1,3501225,4,1,19.0,116,true
2026-07-31,4,1,3501225,5,1,16.0,97,true
2026-07-31,4,1,3501225,6,1,22.0,134,true
2026-07-31,4,1,3501225,7,1,14.0,85,true
2026-07-31,4,1,3501225,8,1,16.0,97,true
2026-07-31,4,1,3501225,9,1,18.0,110,true
2026-07-31,4,1,3501225,10,1,19.0,116,true
2026-07-31,4,1,3501225,11,1,10.0,61,true
2026-07-31,4,1,3501225,12,1,11.0,67,true
2026-07-31,4,1,3501225,13,1,12.0,73,true
2026-07-31,1,2,3500005,1,1,16.0,91,true
2026-07-31,1,2,3500005,2,1,18.0,102,true
2026-07-31,1,2,3500005,3,1,19.0,108,true
2026-07-31,1,2,3500005,4,1,12.0,68,true
2026-07-31,1,2,3500005,5,1,16.0,91,true
2026-07-31,1,2,3500005,6,1,30.0,170,true
2026-07-31,1,2,3500005,7,1,10.0,57,true
2026-07-31,1,2,3500005,8,1,11.0,63,true
2026-07-31,1,2,3500005,9,1,12.0,68,true
2026-07-31,1,2,3500005,10,1,10.0,57,true
2026-07-31,1,2,3500005,11,1,11.0,63,true
2026-07-31,1,2,3500005,12,1,11.0,63,true
2026-07-31,1,2,3500005,13,1,12.0,68,true
2026-07-31,2,2,3501430,1,1,20.0,63,true
2026-07-31,2,2,3501430,2,1,16.0,50,true
2026-07-31,2,2,3501430,3,1,18.0,57,true
2026-07-31,2,2,3501430,4,1,19.0,60,true
2026-07-31,2,2,3501430,5,1,12.0,38,true
2026-07-31,2,2,3501430,6,1,28.0,88,true
2026-07-31,2,2,3501430,7,1,10.0,32,true
2026-07-31,2,2,3501430,8,1,11.0,35,true
2026-07-31,2,2,3501430,9,1,12.0,38,true
2026-07-31,2,2,3501430,10,1,16.0,50,true
2026-07-31,2,2,3501430,11,1,18.0,57,true
2026-07-31,2,2,3501430,12,1,19.0,60,true
2026-07-31,2,2,3501430,13,1,10.0,32,true
2026-07-31,4,2,3501225,1,1,20.0,122,true
2026-07-31,4,2,3501225,2,1,16.0,97,true
2026-07-31,4,2,3501225,3,1,18.0,110,true
2026-07-31,4,2,3501225,4,1,19.0,116,true
2026-07-31,4,2,3501225,5,1,10.0,61,true
2026-07-31,4,2,3501225,6,1,23.0,140,true
2026-07-31,4,2,3501225,7,1,16.0,97,true
2026-07-31,4,2,3501225,8,1,10.0,61,true
2026-07-31,4,2,3501225,9,1,11.0,67,true
2026-07-31,4,2,3501225,10,1,12.0,73,true
2026-07-31,4,2,3501225,11,1,10.0,61,true
2026-07-31,4,2,3501225,12,1,11.0,67,true
2026-07-31,4,2,3501225,13,1,10.0,61,true
2026-07-31,6,2,3500888,1,1,30.0,49,true
2026-07-31,6,2,3500888,2,1,16.0,26,true
2026-07-31,6,2,3500888,3,1,18.0,30,true
2026-07-31,6,2,3500888,4,1,19.0,31,true
2026-07-31,6,2,3500888,5,1,12.0,20,true
2026-07-31,6,2,3500888,6,1,26.0,42,true
2026-07-31,6,2,3500888,7,1,11.0,18,true
2026-07-31,6,2,3500888,8,1,12.0,20,true
2026-07-31,6,2,3500888,9,1,10.0,17,true
2026-07-31,6,2,3500888,10,1,11.0,18,true
2026-07-31,6,2,3500888,11,1,12.0,20,true
2026-07-31,6,2,3500888,12,1,10.0,17,true
2026-07-31,6,2,3500888,13,1,11.0,18,true
2026-08-01,1,3,3500005,1,1,9.0,51,true
2026-08-01,1,3,3500005,2,1,7.0,40,true
2026-08-01,1,3,3500005,3,1,10.0,57,true
2026-08-01,1,3,3500005,4,1,5.0,29,true
2026-08-01,1,3,3500005,5,1,7.0,40,true
2026-08-01,1,3,3500005,6,1,15.0,85,true
2026-08-01,1,3,3500005,7,1,11.0,63,true
2026-08-01,1,3,3500005,8,1,7.0,40,true
2026-08-01,1,3,3500005,9,1,5.0,29,true
2026-08-01,1,3,3500005,10,1,4.0,23,true
2026-08-01,1,3,3500005,11,1,10.0,57,true
2026-08-01,1,3,3500005,12,1,13.0,74,true
2026-08-01,1,3,3500005,13,1,17.0,97,true
2026-08-01,2,3,3500162,1,1,20.0,96,true
2026-08-01,2,3,3500162,2,1,17.0,81,true
2026-08-01,2,3,3500162,3,1,20.0,96,true
2026-08-01,2,3,3500162,4,1,14.0,67,true
2026-08-01,2,3,3500162,5,1,12.0,58,true
2026-08-01,2,3,3500162,6,1,21.0,100,true
2026-08-01,2,3,3500162,7,1,15.0,72,true
2026-08-01,2,3,3500162,8,1,10.0,48,true
2026-08-01,2,3,3500162,9,1,11.0,53,true
2026-08-01,2,3,3500162,10,1,23.0,110,true
2026-08-01,2,3,3500162,11,1,17.0,81,true
2026-08-01,2,3,3500162,12,1,8.0,39,true
2026-08-01,2,3,3500162,13,1,17.0,81,true
2026-08-01,4,3,3501225,1,1,20.0,122,true
2026-08-01,4,3,3501225,2,1,19.0,116,true
2026-08-01,4,3,3501225,3,1,20.0,122,true
2026-08-01,4,3,3501225,4,1,15.0,91,true
2026-08-01,4,3,3501225,5,1,10.0,61,true
2026-08-01,4,3,3501225,6,1,21.0,128,true
2026-08-01,4,3,3501225,7,1,20.0,122,true
2026-08-01,4,3,3501225,8,1,15.0,91,true
2026-08-01,4,3,3501225,9,1,23.0,140,true
2026-08-01,4,3,3501225,10,1,19.0,116,true
2026-08-01,4,3,3501225,11,1,7.0,43,true
2026-08-01,4,3,3501225,12,1,9.0,55,true
2026-08-01,4,3,3501225,13,1,21.0,128,true
2026-08-01,6,3,3500888,1,1,17.0,28,true
2026-08-01,6,3,3500888,2,1,13.0,21,true
2026-08-01,6,3,3500888,3,1,12.0,20,true
2026-08-01,6,3,3500888,4,1,10.0,17,true
2026-08-01,6,3,3500888,5,1,11.0,18,true
2026-08-01,6,3,3500888,6,1,17.0,28,true
2026-08-01,6,3,3500888,7,1,15.0,25,true
2026-08-01,6,3,3500888,8,1,13.0,21,true
2026-08-01,6,3,3500888,9,1,10.0,17,true
2026-08-01,6,3,3500888,10,1,14.0,23,true
2026-08-01,6,3,3500888,11,1,10.0,17,true
2026-08-01,6,3,3500888,12,1,11.0,18,true
2026-08-01,6,3,3500888,13,1,17.0,28,true
2026-08-01,1,1,3500005,1,1,50.0,283,true
2026-08-01,1,1,3500005,2,1,30.0,170,true
2026-08-01,1,1,3500005,3,1,10.0,57,true
2026-08-01,1,1,3500005,4,1,8.0,46,true
2026-08-01,1,1,3500005,5,1,11.0,63,true
2026-08-01,1,1,3500005,6,1,25.0,142,true
2026-08-01,1,1,3500005,7,1,12.0,68,true
2026-08-01,1,1,3500005,8,1,8.0,46,true
2026-08-01,1,1,3500005,9,1,9.0,51,true
2026-08-01,1,1,3500005,10,1,13.0,74,true
2026-08-01,1,1,3500005,11,1,15.0,85,true
2026-08-01,1,1,3500005,12,1,20.0,113,true
2026-08-01,1,1,3500005,13,1,33.0,187,true
2026-08-01,2,1,3500162,1,1,80.0,381,true
2026-08-01,2,1,3500162,2,1,40.0,191,true
2026-08-01,2,1,3500162,3,1,30.0,143,true
2026-08-01,2,1,3500162,4,1,10.0,48,true
2026-08-01,2,1,3500162,5,1,12.0,58,true
2026-08-01,2,1,3500162,6,1,35.0,167,true
2026-08-01,2,1,3500162,7,1,20.0,96,true
2026-08-01,2,1,3500162,8,1,11.0,53,true
2026-08-01,2,1,3500162,9,1,10.0,48,true
2026-08-01,2,1,3500162,10,1,9.0,43,true
2026-08-01,2,1,3500162,11,1,13.0,62,true
2026-08-01,2,1,3500162,12,1,15.0,72,true
2026-08-01,2,1,3500162,13,1,46.0,220,true
2026-08-01,4,1,3501225,1,1,50.0,304,true
2026-08-01,4,1,3501225,2,1,20.0,122,true
2026-08-01,4,1,3501225,3,1,15.0,91,true
2026-08-01,4,1,3501225,4,1,16.0,97,true
2026-08-01,4,1,3501225,5,1,10.0,61,true
2026-08-01,4,1,3501225,6,1,50.0,304,true
2026-08-01,4,1,3501225,7,1,10.0,61,true
2026-08-01,4,1,3501225,8,1,15.0,91,true
2026-08-01,4,1,3501225,9,1,20.0,122,true
2026-08-01,4,1,3501225,10,1,11.0,67,true
2026-08-01,4,1,3501225,11,1,13.0,79,true
2026-08-01,4,1,3501225,12,1,15.0,91,true
2026-08-01,4,1,3501225,13,1,32.0,194,true
2026-08-01,1,2,3500005,1,1,11.0,63,true
2026-08-01,1,2,3500005,2,1,16.0,91,true
2026-08-01,1,2,3500005,3,1,18.0,102,true
2026-08-01,1,2,3500005,4,1,20.0,113,true
2026-08-01,1,2,3500005,5,1,12.0,68,true
2026-08-01,1,2,3500005,6,1,25.0,142,true
2026-08-01,1,2,3500005,7,1,17.0,97,true
2026-08-01,1,2,3500005,8,1,15.0,85,true
2026-08-01,1,2,3500005,9,1,7.0,40,true
2026-08-01,1,2,3500005,10,1,19.0,108,true
2026-08-01,1,2,3500005,11,1,13.0,74,true
2026-08-01,1,2,3500005,12,1,18.0,102,true
2026-08-01,1,2,3500005,13,1,18.0,102,true
2026-08-01,2,2,3500162,1,1,10.0,48,true
2026-08-01,2,2,3500162,2,1,16.0,77,true
2026-08-01,2,2,3500162,3,1,17.0,81,true
2026-08-01,2,2,3500162,4,1,11.0,53,true
2026-08-01,2,2,3500162,5,1,9.0,43,true
2026-08-01,2,2,3500162,6,1,31.0,148,true
2026-08-01,2,2,3500162,7,1,20.0,96,true
2026-08-01,2,2,3500162,8,1,14.0,67,true
2026-08-01,2,2,3500162,9,1,19.0,91,true
2026-08-01,2,2,3500162,10,1,15.0,72,true
2026-08-01,2,2,3500162,11,1,12.0,58,true
2026-08-01,2,2,3500162,12,1,8.0,39,true
2026-08-01,2,2,3500162,13,1,18.0,86,true
2026-08-01,4,2,3501225,1,1,15.0,91,true
2026-08-01,4,2,3501225,2,1,18.0,110,true
2026-08-01,4,2,3501225,3,1,11.0,67,true
2026-08-01,4,2,3501225,4,1,17.0,104,true
2026-08-01,4,2,3501225,5,1,9.0,55,true
2026-08-01,4,2,3501225,6,1,24.0,146,true
2026-08-01,4,2,3501225,7,1,16.0,97,true
2026-08-01,4,2,3501225,8,1,20.0,122,true
2026-08-01,4,2,3501225,9,1,8.0,49,true
2026-08-01,4,2,3501225,10,1,22.0,134,true
2026-08-01,4,2,3501225,11,1,25.0,152,true
2026-08-01,4,2,3501225,12,1,14.0,85,true
2026-08-01,4,2,3501225,13,1,27.0,164,true
2026-08-02,1,3,3500005,1,1,15.0,85,true
2026-08-02,1,3,3500005,2,1,12.0,68,true
2026-08-02,1,3,3500005,3,1,30.0,170,true
2026-08-02,1,3,3500005,4,1,17.0,97,true
2026-08-02,1,3,3500005,5,1,20.0,113,true
2026-08-02,1,3,3500005,6,1,21.0,119,true
2026-08-02,1,3,3500005,7,1,24.0,136,true
2026-08-02,1,3,3500005,8,1,13.0,74,true
2026-08-02,1,3,3500005,9,1,11.0,63,true
2026-08-02,1,3,3500005,10,1,9.0,51,true
2026-08-02,1,3,3500005,11,1,20.0,113,true
2026-08-02,1,3,3500005,12,1,10.0,57,true
2026-08-02,1,3,3500005,13,1,21.0,119,true
2026-08-02,2,3,3500162,1,1,40.0,191,true
2026-08-02,2,3,3500162,2,1,24.0,115,true
2026-08-02,2,3,3500162,3,1,19.0,91,true
2026-08-02,2,3,3500162,4,1,10.0,48,true
2026-08-02,2,3,3500162,5,1,13.0,62,true
2026-08-02,2,3,3500162,6,1,29.0,139,true
2026-08-02,2,3,3500162,7,1,35.0,167,true
2026-08-02,2,3,3500162,8,1,24.0,115,true
2026-08-02,2,3,3500162,9,1,20.0,96,true
2026-08-02,2,3,3500162,10,1,13.0,62,true
2026-08-02,2,3,3500162,11,1,18.0,86,true
2026-08-02,2,3,3500162,12,1,15.0,72,true
2026-08-02,2,3,3500162,13,1,20.0,96,true
2026-08-02,4,3,3501226,1,1,35.0,190,true
2026-08-02,4,3,3501226,2,1,20.0,109,true
2026-08-02,4,3,3501226,3,1,33.0,179,true
2026-08-02,4,3,3501226,4,1,10.0,55,true
2026-08-02,4,3,3501226,5,1,17.0,92,true
2026-08-02,4,3,3501226,6,1,22.0,119,true
2026-08-02,4,3,3501226,7,1,24.0,130,true
2026-08-02,4,3,3501226,8,1,20.0,109,true
2026-08-02,4,3,3501226,9,1,15.0,82,true
2026-08-02,4,3,3501226,10,1,18.0,98,true
2026-08-02,4,3,3501226,11,1,23.0,125,true
2026-08-02,4,3,3501226,12,1,10.0,55,true
2026-08-02,4,3,3501226,13,1,21.0,114,true
2026-08-02,1,1,3500005,1,1,12.0,68,true
2026-08-02,1,1,3500005,2,1,14.0,80,true
2026-08-02,1,1,3500005,3,1,12.0,68,true
2026-08-02,1,1,3500005,4,1,16.0,91,true
2026-08-02,1,1,3500005,5,1,11.0,63,true
2026-08-02,1,1,3500005,6,1,20.0,113,true
2026-08-02,1,1,3500005,7,1,11.0,63,true
2026-08-02,1,1,3500005,8,1,9.0,51,true
2026-08-02,1,1,3500005,9,1,9.0,51,true
2026-08-02,1,1,3500005,10,1,8.0,46,true
2026-08-02,1,1,3500005,11,1,7.0,40,true
2026-08-02,1,1,3500005,12,1,6.0,34,true
2026-08-02,1,1,3500005,13,1,12.0,68,true
2026-08-02,4,1,3501226,1,1,21.0,114,true
2026-08-02,4,1,3501226,2,1,19.0,103,true
2026-08-02,4,1,3501226,3,1,16.0,87,true
2026-08-02,4,1,3501226,4,1,14.0,76,true
2026-08-02,4,1,3501226,5,1,12.0,65,true
2026-08-02,4,1,3501226,6,1,24.0,130,true
2026-08-02,4,1,3501226,7,1,11.0,60,true
2026-08-02,4,1,3501226,8,1,11.0,60,true
2026-08-02,4,1,3501226,9,1,11.0,60,true
2026-08-02,4,1,3501226,10,1,11.0,60,true
2026-08-02,4,1,3501226,11,1,10.0,55,true
2026-08-02,4,1,3501226,12,1,9.0,49,true
2026-08-02,4,1,3501226,13,1,18.0,98,true
2026-08-02,1,2,3500005,1,1,16.0,91,true
2026-08-02,1,2,3500005,2,1,18.0,102,true
2026-08-02,1,2,3500005,3,1,19.0,108,true
2026-08-02,1,2,3500005,4,1,10.0,57,true
2026-08-02,1,2,3500005,5,1,11.0,63,true
2026-08-02,1,2,3500005,6,1,22.0,125,true
2026-08-02,1,2,3500005,7,1,11.0,63,true
2026-08-02,1,2,3500005,8,1,13.0,74,true
2026-08-02,1,2,3500005,9,1,16.0,91,true
2026-08-02,1,2,3500005,10,1,10.0,57,true
2026-08-02,1,2,3500005,11,1,11.0,63,true
2026-08-02,1,2,3500005,12,1,12.0,68,true
2026-08-02,1,2,3500005,13,1,10.0,57,true
2026-08-02,4,2,3501226,1,1,16.0,87,true
2026-08-02,4,2,3501226,2,1,18.0,98,true
2026-08-02,4,2,3501226,3,1,10.0,55,true
2026-08-02,4,2,3501226,4,1,19.0,103,true
2026-08-02,4,2,3501226,5,1,10.0,55,true
2026-08-02,4,2,3501226,6,1,23.0,125,true
2026-08-02,4,2,3501226,7,1,10.0,55,true
2026-08-02,4,2,3501226,8,1,11.0,60,true
2026-08-02,4,2,3501226,9,1,12.0,65,true
2026-08-02,4,2,3501226,10,1,10.0,55,true
2026-08-02,4,2,3501226,11,1,11.0,60,true
2026-08-02,4,2,3501226,12,1,11.0,60,true
2026-08-02,4,2,3501226,13,1,12.0,65,true
2026-08-03,1,1,3500005,1,1,11.0,63,true
2026-08-03,1,1,3500005,2,1,15.0,85,true
2026-08-03,1,1,3500005,3,1,17.0,97,true
2026-08-03,1,1,3500005,4,1,12.0,68,true
2026-08-03,1,1,3500005,5,1,10.0,57,true
2026-08-03,1,1,3500005,6,1,16.0,91,true
2026-08-03,1,1,3500005,7,1,19.0,108,true
2026-08-03,1,1,3500005,8,1,14.0,80,true
2026-08-03,1,1,3500005,9,1,13.0,74,true
2026-08-03,1,1,3500005,10,1,8.0,46,true
2026-08-03,1,1,3500005,11,1,18.0,102,true
2026-08-03,1,1,3500005,12,1,20.0,113,true
2026-08-03,1,1,3500005,13,1,27.0,153,true
2026-08-03,2,1,3500162,1,1,5.0,24,true
2026-08-03,2,1,3500162,2,1,4.0,20,true
2026-08-03,2,1,3500162,3,1,6.0,29,true
2026-08-03,2,1,3500162,4,1,8.0,39,true
2026-08-03,2,1,3500162,5,1,9.0,43,true
2026-08-03,2,1,3500162,6,1,10.0,48,true
2026-08-03,2,1,3500162,7,1,5.0,24,true
2026-08-03,2,1,3500162,8,1,7.0,34,true
2026-08-03,2,1,3500162,9,1,3.0,15,true
2026-08-03,2,1,3500162,10,1,6.0,29,true
2026-08-03,2,1,3500162,11,1,7.0,34,true
2026-08-03,2,1,3500162,12,1,2.0,10,true
2026-08-03,2,1,3500162,13,1,12.0,58,true
2026-08-03,4,1,3501226,1,1,16.0,87,true
2026-08-03,4,1,3501226,2,1,10.0,55,true
2026-08-03,4,1,3501226,3,1,19.0,103,true
2026-08-03,4,1,3501226,4,1,11.0,60,true
2026-08-03,4,1,3501226,5,1,9.0,49,true
2026-08-03,4,1,3501226,6,1,37.0,200,true
2026-08-03,4,1,3501226,7,1,14.0,76,true
2026-08-03,4,1,3501226,8,1,12.0,65,true
2026-08-03,4,1,3501226,9,1,13.0,71,true
2026-08-03,4,1,3501226,10,1,8.0,44,true
2026-08-03,4,1,3501226,11,1,17.0,92,true
2026-08-03,4,1,3501226,12,1,7.0,38,true
2026-08-03,4,1,3501226,13,1,28.0,152,true
2026-08-03,6,1,3500887,1,1,20.0,33,true
2026-08-03,6,1,3500887,2,1,10.0,17,true
2026-08-03,6,1,3500887,3,1,11.0,18,true
2026-08-03,6,1,3500887,4,1,16.0,26,true
2026-08-03,6,1,3500887,5,1,14.0,23,true
2026-08-03,6,1,3500887,6,1,12.0,20,true
2026-08-03,6,1,3500887,7,1,17.0,28,true
2026-08-03,6,1,3500887,8,1,19.0,31,true
2026-08-03,6,1,3500887,9,1,9.0,15,true
2026-08-03,6,1,3500887,10,1,18.0,30,true
2026-08-03,6,1,3500887,11,1,8.0,13,true
2026-08-03,6,1,3500887,12,1,7.0,12,true
2026-08-03,6,1,3500887,13,1,28.0,46,true
2026-08-03,1,2,3500005,1,1,11.0,63,true
2026-08-03,1,2,3500005,2,1,10.0,57,true
2026-08-03,1,2,3500005,3,1,9.0,51,true
2026-08-03,1,2,3500005,4,1,13.0,74,true
2026-08-03,1,2,3500005,5,1,15.0,85,true
2026-08-03,1,2,3500005,6,1,21.0,119,true
2026-08-03,1,2,3500005,7,1,9.0,51,true
2026-08-03,1,2,3500005,8,1,10.0,57,true
2026-08-03,1,2,3500005,9,1,12.0,68,true
2026-08-03,1,2,3500005,10,1,7.0,40,true
2026-08-03,1,2,3500005,11,1,11.0,63,true
2026-08-03,1,2,3500005,12,1,12.0,68,true
2026-08-03,1,2,3500005,13,1,23.0,130,true
2026-08-03,2,2,3500162,1,1,35.0,167,true
2026-08-03,2,2,3500162,2,1,20.0,96,true
2026-08-03,2,2,3500162,3,1,17.0,81,true
2026-08-03,2,2,3500162,4,1,12.0,58,true
2026-08-03,2,2,3500162,5,1,19.0,91,true
2026-08-03,2,2,3500162,6,1,21.0,100,true
2026-08-03,2,2,3500162,7,1,24.0,115,true
2026-08-03,2,2,3500162,8,1,17.0,81,true
2026-08-03,2,2,3500162,9,1,23.0,110,true
2026-08-03,2,2,3500162,10,1,19.0,91,true
2026-08-03,2,2,3500162,11,1,11.0,53,true
2026-08-03,2,2,3500162,12,1,20.0,96,true
2026-08-03,2,2,3500162,13,1,20.0,96,true
2026-08-03,4,2,3501226,1,1,40.0,217,true
2026-08-03,4,2,3501226,2,1,24.0,130,true
2026-08-03,4,2,3501226,3,1,20.0,109,true
2026-08-03,4,2,3501226,4,1,17.0,92,true
2026-08-03,4,2,3501226,5,1,19.0,103,true
2026-08-03,4,2,3501226,6,1,21.0,114,true
2026-08-03,4,2,3501226,7,1,20.0,109,true
2026-08-03,4,2,3501226,8,1,22.0,119,true
2026-08-03,4,2,3501226,9,1,19.0,103,true
2026-08-03,4,2,3501226,10,1,13.0,71,true
2026-08-03,4,2,3501226,11,1,17.0,92,true
2026-08-03,4,2,3501226,12,1,10.0,55,true
2026-08-03,4,2,3501226,13,1,17.0,92,true
2026-08-03,6,2,3500888,1,1,35.0,57,true
2026-08-03,6,2,3500888,2,1,24.0,39,true
2026-08-03,6,2,3500888,3,1,17.0,28,true
2026-08-03,6,2,3500888,4,1,22.0,36,true
2026-08-03,6,2,3500888,5,1,15.0,25,true
2026-08-03,6,2,3500888,6,1,20.0,33,true
2026-08-03,6,2,3500888,7,1,20.0,33,true
2026-08-03,6,2,3500888,8,1,27.0,44,true
2026-08-03,6,2,3500888,9,1,19.0,31,true
2026-08-03,6,2,3500888,10,1,14.0,23,true
2026-08-03,6,2,3500888,11,1,20.0,33,true
2026-08-03,6,2,3500888,12,1,10.0,17,true
2026-08-03,6,2,3500888,13,1,19.0,31,true
2026-08-03,1,3,3500005,1,1,12.0,68,true
2026-08-03,1,3,3500005,2,1,22.0,125,true
2026-08-03,1,3,3500005,3,1,13.0,74,true
2026-08-03,1,3,3500005,4,1,14.0,80,true
2026-08-03,1,3,3500005,5,1,18.0,102,true
2026-08-03,1,3,3500005,6,1,28.0,159,true
2026-08-03,1,3,3500005,7,1,21.0,119,true
2026-08-03,1,3,3500005,8,1,12.0,68,true
2026-08-03,1,3,3500005,9,1,20.0,113,true
2026-08-03,1,3,3500005,10,1,19.0,108,true
2026-08-03,1,3,3500005,11,1,18.0,102,true
2026-08-03,1,3,3500005,12,1,20.0,113,true
2026-08-03,1,3,3500005,13,1,34.0,193,true
2026-08-03,2,3,3500162,1,1,20.0,96,true
2026-08-03,2,3,3500162,2,1,12.0,58,true
2026-08-03,2,3,3500162,3,1,21.0,100,true
2026-08-03,2,3,3500162,4,1,19.0,91,true
2026-08-03,2,3,3500162,5,1,18.0,86,true
2026-08-03,2,3,3500162,6,1,27.0,129,true
2026-08-03,2,3,3500162,7,1,15.0,72,true
2026-08-03,2,3,3500162,8,1,20.0,96,true
2026-08-03,2,3,3500162,9,1,21.0,100,true
2026-08-03,2,3,3500162,10,1,22.0,105,true
2026-08-03,2,3,3500162,11,1,25.0,120,true
2026-08-03,2,3,3500162,12,1,20.0,96,true
2026-08-03,2,3,3500162,13,1,34.0,162,true
2026-08-03,4,3,3501226,1,1,20.0,109,true
2026-08-03,4,3,3501226,2,1,22.0,119,true
2026-08-03,4,3,3501226,3,1,23.0,125,true
2026-08-03,4,3,3501226,4,1,25.0,136,true
2026-08-03,4,3,3501226,5,1,26.0,141,true
2026-08-03,4,3,3501226,6,1,40.0,217,true
2026-08-03,4,3,3501226,7,1,12.0,65,true
2026-08-03,4,3,3501226,8,1,17.0,92,true
2026-08-03,4,3,3501226,9,1,18.0,98,true
2026-08-03,4,3,3501226,10,1,20.0,109,true
2026-08-03,4,3,3501226,11,1,22.0,119,true
2026-08-03,4,3,3501226,12,1,25.0,136,true
2026-08-03,4,3,3501226,13,1,44.0,238,true
2026-08-03,6,3,3500888,1,1,20.0,33,true
2026-08-03,6,3,3500888,2,1,22.0,36,true
2026-08-03,6,3,3500888,3,1,21.0,34,true
2026-08-03,6,3,3500888,4,1,22.0,36,true
2026-08-03,6,3,3500888,5,1,12.0,20,true
2026-08-03,6,3,3500888,6,1,29.0,47,true
2026-08-03,6,3,3500888,7,1,12.0,20,true
2026-08-03,6,3,3500888,8,1,15.0,25,true
2026-08-03,6,3,3500888,9,1,20.0,33,true
2026-08-03,6,3,3500888,10,1,22.0,36,true
2026-08-03,6,3,3500888,11,1,21.0,34,true
2026-08-03,6,3,3500888,12,1,25.0,41,true
2026-08-03,6,3,3500888,13,1,35.0,57,true
2026-08-04,1,3,3500005,1,1,16.0,91,true
2026-08-04,1,3,3500005,2,1,18.0,102,true
2026-08-04,1,3,3500005,3,1,10.0,57,true
2026-08-04,1,3,3500005,4,1,14.0,80,true
2026-08-04,1,3,3500005,5,1,9.0,51,true
2026-08-04,1,3,3500005,6,1,19.0,108,true
2026-08-04,1,3,3500005,7,1,17.0,97,true
2026-08-04,1,3,3500005,8,1,11.0,63,true
2026-08-04,1,3,3500005,9,1,8.0,46,true
2026-08-04,1,3,3500005,10,1,19.0,108,true
2026-08-04,1,3,3500005,11,1,13.0,74,true
2026-08-04,1,3,3500005,12,1,15.0,85,true
2026-08-04,1,3,3500005,13,1,32.0,181,true
2026-08-04,2,3,3500162,1,1,10.0,48,true
2026-08-04,2,3,3500162,2,1,15.0,72,true
2026-08-04,2,3,3500162,3,1,9.0,43,true
2026-08-04,2,3,3500162,4,1,12.0,58,true
2026-08-04,2,3,3500162,5,1,18.0,86,true
2026-08-04,2,3,3500162,6,1,34.0,162,true
2026-08-04,2,3,3500162,7,1,19.0,91,true
2026-08-04,2,3,3500162,8,1,11.0,53,true
2026-08-04,2,3,3500162,9,1,13.0,62,true
2026-08-04,2,3,3500162,10,1,16.0,77,true
2026-08-04,2,3,3500162,11,1,8.0,39,true
2026-08-04,2,3,3500162,12,1,17.0,81,true
2026-08-04,2,3,3500162,13,1,17.0,81,true
2026-08-04,4,3,3501226,1,1,20.0,109,true
2026-08-04,4,3,3501226,2,1,18.0,98,true
2026-08-04,4,3,3501226,3,1,15.0,82,true
2026-08-04,4,3,3501226,4,1,13.0,71,true
2026-08-04,4,3,3501226,5,1,10.0,55,true
2026-08-04,4,3,3501226,6,1,25.0,136,true
2026-08-04,4,3,3501226,7,1,10.0,55,true
2026-08-04,4,3,3501226,8,1,19.0,103,true
2026-08-04,4,3,3501226,9,1,7.0,38,true
2026-08-04,4,3,3501226,10,1,22.0,119,true
2026-08-04,4,3,3501226,11,1,17.0,92,true
2026-08-04,4,3,3501226,12,1,14.0,76,true
2026-08-04,4,3,3501226,13,1,20.0,109,true
2026-08-04,6,3,3500888,1,1,19.0,31,true
2026-08-04,6,3,3500888,2,1,16.0,26,true
2026-08-04,6,3,3500888,3,1,14.0,23,true
2026-08-04,6,3,3500888,4,1,9.0,15,true
2026-08-04,6,3,3500888,5,1,10.0,17,true
2026-08-04,6,3,3500888,6,1,20.0,33,true
2026-08-04,6,3,3500888,7,1,20.0,33,true
2026-08-04,6,3,3500888,8,1,12.0,20,true
2026-08-04,6,3,3500888,9,1,18.0,30,true
2026-08-04,6,3,3500888,10,1,11.0,18,true
2026-08-04,6,3,3500888,11,1,17.0,28,true
2026-08-04,6,3,3500888,12,1,8.0,13,true
2026-08-04,6,3,3500888,13,1,26.0,42,true
2026-08-04,1,1,3500005,1,1,10.0,57,true
2026-08-04,1,1,3500005,2,1,12.0,68,true
2026-08-04,1,1,3500005,3,1,16.0,91,true
2026-08-04,1,1,3500005,4,1,9.0,51,true
2026-08-04,1,1,3500005,5,1,11.0,63,true
2026-08-04,1,1,3500005,6,1,25.0,142,true
2026-08-04,1,1,3500005,7,1,13.0,74,true
2026-08-04,1,1,3500005,8,1,15.0,85,true
2026-08-04,1,1,3500005,9,1,18.0,102,true
2026-08-04,1,1,3500005,10,1,14.0,80,true
2026-08-04,1,1,3500005,11,1,19.0,108,true
2026-08-04,1,1,3500005,12,1,20.0,113,true
2026-08-04,1,1,3500005,13,1,23.0,130,true
2026-08-04,2,1,3500162,1,1,9.0,43,true
2026-08-04,2,1,3500162,2,1,15.0,72,true
2026-08-04,2,1,3500162,3,1,18.0,86,true
2026-08-04,2,1,3500162,4,1,20.0,96,true
2026-08-04,2,1,3500162,5,1,16.0,77,true
2026-08-04,2,1,3500162,6,1,23.0,110,true
2026-08-04,2,1,3500162,7,1,19.0,91,true
2026-08-04,2,1,3500162,8,1,13.0,62,true
2026-08-04,2,1,3500162,9,1,17.0,81,true
2026-08-04,2,1,3500162,10,1,14.0,67,true
2026-08-04,2,1,3500162,11,1,10.0,48,true
2026-08-04,2,1,3500162,12,1,8.0,39,true
2026-08-04,2,1,3500162,13,1,18.0,86,true
2026-08-04,4,1,3501226,1,1,20.0,109,true
2026-08-04,4,1,3501226,2,1,16.0,87,true
2026-08-04,4,1,3501226,3,1,11.0,60,true
2026-08-04,4,1,3501226,4,1,9.0,49,true
2026-08-04,4,1,3501226,5,1,14.0,76,true
2026-08-04,4,1,3501226,6,1,37.0,200,true
2026-08-04,4,1,3501226,7,1,13.0,71,true
2026-08-04,4,1,3501226,8,1,10.0,55,true
2026-08-04,4,1,3501226,9,1,12.0,65,true
2026-08-04,4,1,3501226,10,1,15.0,82,true
2026-08-04,4,1,3501226,11,1,8.0,44,true
2026-08-04,4,1,3501226,12,1,7.0,38,true
2026-08-04,4,1,3501226,13,1,28.0,152,true
2026-08-04,6,1,3500887,1,1,15.0,25,true
2026-08-04,6,1,3500887,2,1,11.0,18,true
2026-08-04,6,1,3500887,3,1,9.0,15,true
2026-08-04,6,1,3500887,4,1,16.0,26,true
2026-08-04,6,1,3500887,5,1,18.0,30,true
2026-08-04,6,1,3500887,6,1,17.0,28,true
2026-08-04,6,1,3500887,7,1,20.0,33,true
2026-08-04,6,1,3500887,8,1,14.0,23,true
2026-08-04,6,1,3500887,9,1,12.0,20,true
2026-08-04,6,1,3500887,10,1,17.0,28,true
2026-08-04,6,1,3500887,11,1,12.0,20,true
2026-08-04,6,1,3500887,12,1,8.0,13,true
2026-08-04,6,1,3500887,13,1,28.0,46,true
2026-08-04,1,2,3500005,1,1,12.0,68,true
2026-08-04,1,2,3500005,2,1,10.0,57,true
2026-08-04,1,2,3500005,3,1,11.0,63,true
2026-08-04,1,2,3500005,4,1,9.0,51,true
2026-08-04,1,2,3500005,5,1,12.0,68,true
2026-08-04,1,2,3500005,6,1,18.0,102,true
2026-08-04,1,2,3500005,7,1,11.0,63,true
2026-08-04,1,2,3500005,8,1,10.0,57,true
2026-08-04,1,2,3500005,9,1,13.0,74,true
2026-08-04,1,2,3500005,10,1,10.0,57,true
2026-08-04,1,2,3500005,11,1,14.0,80,true
2026-08-04,1,2,3500005,12,1,10.0,57,true
2026-08-04,1,2,3500005,13,1,21.0,119,true
2026-08-04,2,2,3500162,1,1,24.0,115,true
2026-08-04,2,2,3500162,2,1,17.0,81,true
2026-08-04,2,2,3500162,3,1,20.0,96,true
2026-08-04,2,2,3500162,4,1,12.0,58,true
2026-08-04,2,2,3500162,5,1,13.0,62,true
2026-08-04,2,2,3500162,6,1,19.0,91,true
2026-08-04,2,2,3500162,7,1,20.0,96,true
2026-08-04,2,2,3500162,8,1,17.0,81,true
2026-08-04,2,2,3500162,9,1,23.0,110,true
2026-08-04,2,2,3500162,10,1,17.0,81,true
2026-08-04,2,2,3500162,11,1,19.0,91,true
2026-08-04,2,2,3500162,12,1,10.0,48,true
2026-08-04,2,2,3500162,13,1,19.0,91,true
2026-08-04,4,2,3501226,1,1,40.0,217,true
2026-08-04,4,2,3501226,2,1,24.0,130,true
2026-08-04,4,2,3501226,3,1,30.0,163,true
2026-08-04,4,2,3501226,4,1,17.0,92,true
2026-08-04,4,2,3501226,5,1,14.0,76,true
2026-08-04,4,2,3501226,6,1,20.0,109,true
2026-08-04,4,2,3501226,7,1,30.0,163,true
2026-08-04,4,2,3501226,8,1,24.0,130,true
2026-08-04,4,2,3501226,9,1,15.0,82,true
2026-08-04,4,2,3501226,10,1,13.0,71,true
2026-08-04,4,2,3501226,11,1,23.0,125,true
2026-08-04,4,2,3501226,12,1,10.0,55,true
2026-08-04,4,2,3501226,13,1,20.0,109,true
2026-08-04,6,2,3500887,1,1,30.0,49,true
2026-08-04,6,2,3500887,2,1,20.0,33,true
2026-08-04,6,2,3500887,3,1,15.0,25,true
2026-08-04,6,2,3500887,4,1,12.0,20,true
2026-08-04,6,2,3500887,5,1,10.0,17,true
2026-08-04,6,2,3500887,6,1,30.0,49,true
2026-08-04,6,2,3500887,7,1,20.0,33,true
2026-08-04,6,2,3500887,8,1,22.0,36,true
2026-08-04,6,2,3500887,9,1,14.0,23,true
2026-08-04,6,2,3500887,10,1,17.0,28,true
2026-08-04,6,2,3500887,11,1,14.0,23,true
2026-08-04,6,2,3500887,12,1,10.0,17,true
2026-08-04,6,2,3500887,13,1,21.0,34,true
2026-08-05,1,3,3500005,1,1,11.0,63,true
2026-08-05,1,3,3500005,2,1,13.0,74,true
2026-08-05,1,3,3500005,3,1,19.0,108,true
2026-08-05,1,3,3500005,4,1,20.0,113,true
2026-08-05,1,3,3500005,5,1,21.0,119,true
2026-08-05,1,3,3500005,6,1,34.0,193,true
2026-08-05,1,3,3500005,7,1,12.0,68,true
2026-08-05,1,3,3500005,8,1,20.0,113,true
2026-08-05,1,3,3500005,9,1,13.0,74,true
2026-08-05,1,3,3500005,10,1,18.0,102,true
2026-08-05,1,3,3500005,11,1,20.0,113,true
2026-08-05,1,3,3500005,12,1,22.0,125,true
2026-08-05,1,3,3500005,13,1,33.0,187,true
2026-08-05,2,3,3500162,1,1,22.0,105,true
2026-08-05,2,3,3500162,2,1,20.0,96,true
2026-08-05,2,3,3500162,3,1,11.0,53,true
2026-08-05,2,3,3500162,4,1,21.0,100,true
2026-08-05,2,3,3500162,5,1,14.0,67,true
2026-08-05,2,3,3500162,6,1,30.0,143,true
2026-08-05,2,3,3500162,7,1,13.0,62,true
2026-08-05,2,3,3500162,8,1,14.0,67,true
2026-08-05,2,3,3500162,9,1,20.0,96,true
2026-08-05,2,3,3500162,10,1,21.0,100,true
2026-08-05,2,3,3500162,11,1,19.0,91,true
2026-08-05,2,3,3500162,12,1,20.0,96,true
2026-08-05,2,3,3500162,13,1,34.0,162,true
2026-08-05,4,3,3501430,1,1,21.0,66,true
2026-08-05,4,3,3501430,2,1,20.0,63,true
2026-08-05,4,3,3501430,3,1,19.0,60,true
2026-08-05,4,3,3501430,4,1,18.0,57,true
2026-08-05,4,3,3501430,5,1,22.0,69,true
2026-08-05,4,3,3501430,6,1,31.0,97,true
2026-08-05,4,3,3501430,7,1,20.0,63,true
2026-08-05,4,3,3501430,8,1,18.0,57,true
2026-08-05,4,3,3501430,9,1,20.0,63,true
2026-08-05,4,3,3501430,10,1,22.0,69,true
2026-08-05,4,3,3501430,11,1,21.0,66,true
2026-08-05,4,3,3501430,12,1,19.0,60,true
2026-08-05,4,3,3501430,13,1,29.0,91,true
2026-08-05,1,1,3500005,1,1,20.0,113,true
2026-08-05,1,1,3500005,2,1,10.0,57,true
2026-08-05,1,1,3500005,3,1,9.0,51,true
2026-08-05,1,1,3500005,4,1,11.0,63,true
2026-08-05,1,1,3500005,5,1,16.0,91,true
2026-08-05,1,1,3500005,6,1,26.0,147,true
2026-08-05,1,1,3500005,7,1,17.0,97,true
2026-08-05,1,1,3500005,8,1,13.0,74,true
2026-08-05,1,1,3500005,9,1,18.0,102,true
2026-08-05,1,1,3500005,10,1,14.0,80,true
2026-08-05,1,1,3500005,11,1,12.0,68,true
2026-08-05,1,1,3500005,12,1,8.0,46,true
2026-08-05,1,1,3500005,13,1,16.0,91,true
2026-08-05,2,1,3500162,1,1,11.0,53,true
2026-08-05,2,1,3500162,2,1,16.0,77,true
2026-08-05,2,1,3500162,3,1,20.0,96,true
2026-08-05,2,1,3500162,4,1,17.0,81,true
2026-08-05,2,1,3500162,5,1,9.0,43,true
2026-08-05,2,1,3500162,6,1,27.0,129,true
2026-08-05,2,1,3500162,7,1,7.0,34,true
2026-08-05,2,1,3500162,8,1,18.0,86,true
2026-08-05,2,1,3500162,9,1,13.0,62,true
2026-08-05,2,1,3500162,10,1,19.0,91,true
2026-08-05,2,1,3500162,11,1,14.0,67,true
2026-08-05,2,1,3500162,12,1,10.0,48,true
2026-08-05,2,1,3500162,13,1,15.0,72,true
2026-08-05,4,1,3501430,1,1,15.0,47,true
2026-08-05,4,1,3501430,2,1,11.0,35,true
2026-08-05,4,1,3501430,3,1,9.0,29,true
2026-08-05,4,1,3501430,4,1,16.0,50,true
2026-08-05,4,1,3501430,5,1,10.0,32,true
2026-08-05,4,1,3501430,6,1,31.0,97,true
2026-08-05,4,1,3501430,7,1,20.0,63,true
2026-08-05,4,1,3501430,8,1,13.0,41,true
2026-08-05,4,1,3501430,9,1,18.0,57,true
2026-08-05,4,1,3501430,10,1,19.0,60,true
2026-08-05,4,1,3501430,11,1,12.0,38,true
2026-08-05,4,1,3501430,12,1,10.0,32,true
2026-08-05,4,1,3501430,13,1,17.0,53,true
2026-08-05,6,1,3500887,1,1,20.0,33,true
2026-08-05,6,1,3500887,2,1,15.0,25,true
2026-08-05,6,1,3500887,3,1,18.0,30,true
2026-08-05,6,1,3500887,4,1,17.0,28,true
2026-08-05,6,1,3500887,5,1,11.0,18,true
2026-08-05,6,1,3500887,6,1,19.0,31,true
2026-08-05,6,1,3500887,7,1,19.0,31,true
2026-08-05,6,1,3500887,8,1,16.0,26,true
2026-08-05,6,1,3500887,9,1,13.0,21,true
2026-08-05,6,1,3500887,10,1,14.0,23,true
2026-08-05,6,1,3500887,11,1,8.0,13,true
2026-08-05,6,1,3500887,12,1,12.0,20,true
2026-08-05,6,1,3500887,13,1,18.0,30,true
2026-08-05,1,2,3500005,1,1,10.0,57,true
2026-08-05,1,2,3500005,2,1,11.0,63,true
2026-08-05,1,2,3500005,3,1,9.0,51,true
2026-08-05,1,2,3500005,4,1,12.0,68,true
2026-08-05,1,2,3500005,5,1,8.0,46,true
2026-08-05,1,2,3500005,6,1,10.0,57,true
2026-08-05,1,2,3500005,7,1,11.0,63,true
2026-08-05,1,2,3500005,8,1,9.0,51,true
2026-08-05,1,2,3500005,9,1,15.0,85,true
2026-08-05,1,2,3500005,10,1,10.0,57,true
2026-08-05,1,2,3500005,11,1,10.0,57,true
2026-08-05,1,2,3500005,12,1,11.0,63,true
2026-08-05,1,2,3500005,13,1,17.0,97,true
2026-08-05,2,2,3500162,1,1,30.0,143,true
2026-08-05,2,2,3500162,2,1,19.0,91,true
2026-08-05,2,2,3500162,3,1,20.0,96,true
2026-08-05,2,2,3500162,4,1,17.0,81,true
2026-08-05,2,2,3500162,5,1,13.0,62,true
2026-08-05,2,2,3500162,6,1,22.0,105,true
2026-08-05,2,2,3500162,7,1,24.0,115,true
2026-08-05,2,2,3500162,8,1,12.0,58,true
2026-08-05,2,2,3500162,9,1,16.0,77,true
2026-08-05,2,2,3500162,10,1,11.0,53,true
2026-08-05,2,2,3500162,11,1,21.0,100,true
2026-08-05,2,2,3500162,12,1,10.0,48,true
2026-08-05,2,2,3500162,13,1,21.0,100,true
2026-08-05,4,2,3501430,1,1,30.0,94,true
2026-08-05,4,2,3501430,2,1,27.0,85,true
2026-08-05,4,2,3501430,3,1,13.0,41,true
2026-08-05,4,2,3501430,4,1,20.0,63,true
2026-08-05,4,2,3501430,5,1,10.0,32,true
2026-08-05,4,2,3501430,6,1,22.0,69,true
2026-08-05,4,2,3501430,7,1,20.0,63,true
2026-08-05,4,2,3501430,8,1,17.0,53,true
2026-08-05,4,2,3501430,9,1,16.0,50,true
2026-08-05,4,2,3501430,10,1,20.0,63,true
2026-08-05,4,2,3501430,11,1,14.0,44,true
2026-08-05,4,2,3501430,12,1,10.0,32,true
2026-08-05,4,2,3501430,13,1,21.0,66,true
2026-08-05,6,2,3500888,1,1,35.0,57,true
2026-08-05,6,2,3500888,2,1,20.0,33,true
2026-08-05,6,2,3500888,3,1,17.0,28,true
2026-08-05,6,2,3500888,4,1,20.0,33,true
2026-08-05,6,2,3500888,5,1,26.0,42,true
2026-08-05,6,2,3500888,6,1,43.0,70,true
2026-08-05,6,2,3500888,7,1,30.0,49,true
2026-08-05,6,2,3500888,8,1,17.0,28,true
2026-08-05,6,2,3500888,9,1,20.0,33,true
2026-08-05,6,2,3500888,10,1,17.0,28,true
2026-08-05,6,2,3500888,11,1,14.0,23,true
2026-08-05,6,2,3500888,12,1,12.0,20,true
2026-08-05,6,2,3500888,13,1,19.0,31,true
2026-08-06,1,3,3500005,1,1,12.0,68,true
2026-08-06,1,3,3500005,2,1,15.0,85,true
2026-08-06,1,3,3500005,3,1,16.0,91,true
2026-08-06,1,3,3500005,4,1,19.0,108,true
2026-08-06,1,3,3500005,5,1,18.0,102,true
2026-08-06,1,3,3500005,6,1,31.0,176,true
2026-08-06,1,3,3500005,7,1,15.0,85,true
2026-08-06,1,3,3500005,8,1,20.0,113,true
2026-08-06,1,3,3500005,9,1,21.0,119,true
2026-08-06,1,3,3500005,10,1,22.0,125,true
2026-08-06,1,3,3500005,11,1,23.0,130,true
2026-08-06,1,3,3500005,12,1,19.0,108,true
2026-08-06,1,3,3500005,13,1,30.0,170,true
2026-08-06,2,3,3500162,1,1,20.0,96,true
2026-08-06,2,3,3500162,2,1,21.0,100,true
2026-08-06,2,3,3500162,3,1,22.0,105,true
2026-08-06,2,3,3500162,4,1,13.0,62,true
2026-08-06,2,3,3500162,5,1,18.0,86,true
2026-08-06,2,3,3500162,6,1,32.0,153,true
2026-08-06,2,3,3500162,7,1,21.0,100,true
2026-08-06,2,3,3500162,8,1,20.0,96,true
2026-08-06,2,3,3500162,9,1,21.0,100,true
2026-08-06,2,3,3500162,10,1,22.0,105,true
2026-08-06,2,3,3500162,11,1,21.0,100,true
2026-08-06,2,3,3500162,12,1,19.0,91,true
2026-08-06,2,3,3500162,13,1,32.0,153,true
2026-08-06,4,3,3501430,1,1,21.0,66,true
2026-08-06,4,3,3501430,2,1,20.0,63,true
2026-08-06,4,3,3501430,3,1,19.0,60,true
2026-08-06,4,3,3501430,4,1,18.0,57,true
2026-08-06,4,3,3501430,5,1,15.0,47,true
2026-08-06,4,3,3501430,6,1,37.0,116,true
2026-08-06,4,3,3501430,7,1,11.0,35,true
2026-08-06,4,3,3501430,8,1,20.0,63,true
2026-08-06,4,3,3501430,9,1,19.0,60,true
2026-08-06,4,3,3501430,10,1,21.0,66,true
2026-08-06,4,3,3501430,11,1,22.0,69,true
2026-08-06,4,3,3501430,12,1,17.0,53,true
2026-08-06,4,3,3501430,13,1,31.0,97,true
2026-08-06,6,3,3500888,1,1,22.0,36,true
2026-08-06,6,3,3500888,2,1,25.0,41,true
2026-08-06,6,3,3500888,3,1,20.0,33,true
2026-08-06,6,3,3500888,4,1,26.0,42,true
2026-08-06,6,3,3500888,5,1,28.0,46,true
2026-08-06,6,3,3500888,6,1,33.0,54,true
2026-08-06,6,3,3500888,7,1,11.0,18,true
2026-08-06,6,3,3500888,8,1,20.0,33,true
2026-08-06,6,3,3500888,9,1,21.0,34,true
2026-08-06,6,3,3500888,10,1,26.0,42,true
2026-08-06,6,3,3500888,11,1,25.0,41,true
2026-08-06,6,3,3500888,12,1,22.0,36,true
2026-08-06,6,3,3500888,13,1,37.0,60,true
2026-08-06,1,1,3500005,1,1,15.0,85,true
2026-08-06,1,1,3500005,2,1,11.0,63,true
2026-08-06,1,1,3500005,3,1,17.0,97,true
2026-08-06,1,1,3500005,4,1,19.0,108,true
2026-08-06,1,1,3500005,5,1,9.0,51,true
2026-08-06,1,1,3500005,6,1,32.0,181,true
2026-08-06,1,1,3500005,7,1,7.0,40,true
2026-08-06,1,1,3500005,8,1,13.0,74,true
2026-08-06,1,1,3500005,9,1,10.0,57,true
2026-08-06,1,1,3500005,10,1,18.0,102,true
2026-08-06,1,1,3500005,11,1,16.0,91,true
2026-08-06,1,1,3500005,12,1,14.0,80,true
2026-08-06,1,1,3500005,13,1,19.0,108,true
2026-08-06,2,1,3500162,1,1,20.0,96,true
2026-08-06,2,1,3500162,2,1,17.0,81,true
2026-08-06,2,1,3500162,3,1,11.0,53,true
2026-08-06,2,1,3500162,4,1,12.0,58,true
2026-08-06,2,1,3500162,5,1,18.0,86,true
2026-08-06,2,1,3500162,6,1,25.0,120,true
2026-08-06,2,1,3500162,7,1,10.0,48,true
2026-08-06,2,1,3500162,8,1,13.0,62,true
2026-08-06,2,1,3500162,9,1,15.0,72,true
2026-08-06,2,1,3500162,10,1,19.0,91,true
2026-08-06,2,1,3500162,11,1,14.0,67,true
2026-08-06,2,1,3500162,12,1,7.0,34,true
2026-08-06,2,1,3500162,13,1,19.0,91,true
2026-08-06,4,1,3501430,1,1,10.0,32,true
2026-08-06,4,1,3501430,2,1,12.0,38,true
2026-08-06,4,1,3501430,3,1,16.0,50,true
2026-08-06,4,1,3501430,4,1,19.0,60,true
2026-08-06,4,1,3501430,5,1,9.0,29,true
2026-08-06,4,1,3501430,6,1,25.0,78,true
2026-08-06,4,1,3501430,7,1,17.0,53,true
2026-08-06,4,1,3501430,8,1,15.0,47,true
2026-08-06,4,1,3501430,9,1,13.0,41,true
2026-08-06,4,1,3501430,10,1,18.0,57,true
2026-08-06,4,1,3501430,11,1,8.0,25,true
2026-08-06,4,1,3501430,12,1,10.0,32,true
2026-08-06,4,1,3501430,13,1,27.0,85,true
2026-08-06,6,1,3500888,1,1,7.0,12,true
2026-08-06,6,1,3500888,2,1,5.0,9,true
2026-08-06,6,1,3500888,3,1,6.0,10,true
2026-08-06,6,1,3500888,4,1,8.0,13,true
2026-08-06,6,1,3500888,5,1,9.0,15,true
2026-08-06,6,1,3500888,6,1,13.0,21,true
2026-08-06,6,1,3500888,7,1,4.0,7,true
2026-08-06,6,1,3500888,8,1,7.0,12,true
2026-08-06,6,1,3500888,9,1,8.0,13,true
2026-08-06,6,1,3500888,10,1,9.0,15,true
2026-08-06,6,1,3500888,11,1,10.0,17,true
2026-08-06,6,1,3500888,12,1,11.0,18,true
2026-08-06,6,1,3500888,13,1,11.0,18,true
2026-08-06,1,2,3500005,1,1,10.0,57,true
2026-08-06,1,2,3500005,2,1,12.0,68,true
2026-08-06,1,2,3500005,3,1,14.0,80,true
2026-08-06,1,2,3500005,4,1,12.0,68,true
2026-08-06,1,2,3500005,5,1,11.0,63,true
2026-08-06,1,2,3500005,6,1,19.0,108,true
2026-08-06,1,2,3500005,7,1,11.0,63,true
2026-08-06,1,2,3500005,8,1,17.0,97,true
2026-08-06,1,2,3500005,9,1,13.0,74,true
2026-08-06,1,2,3500005,10,1,10.0,57,true
2026-08-06,1,2,3500005,11,1,11.0,63,true
2026-08-06,1,2,3500005,12,1,15.0,85,true
2026-08-06,1,2,3500005,13,1,14.0,80,true
2026-08-06,2,2,3500162,1,1,24.0,115,true
2026-08-06,2,2,3500162,2,1,18.0,86,true
2026-08-06,2,2,3500162,3,1,17.0,81,true
2026-08-06,2,2,3500162,4,1,10.0,48,true
2026-08-06,2,2,3500162,5,1,15.0,72,true
2026-08-06,2,2,3500162,6,1,22.0,105,true
2026-08-06,2,2,3500162,7,1,20.0,96,true
2026-08-06,2,2,3500162,8,1,17.0,81,true
2026-08-06,2,2,3500162,9,1,19.0,91,true
2026-08-06,2,2,3500162,10,1,10.0,48,true
2026-08-06,2,2,3500162,11,1,12.0,58,true
2026-08-06,2,2,3500162,12,1,13.0,62,true
2026-08-06,2,2,3500162,13,1,21.0,100,true
2026-08-06,4,2,3501430,1,1,12.0,38,true
2026-08-06,4,2,3501430,2,1,13.0,41,true
2026-08-06,4,2,3501430,3,1,10.0,32,true
2026-08-06,4,2,3501430,4,1,22.0,69,true
2026-08-06,4,2,3501430,5,1,17.0,53,true
2026-08-06,4,2,3501430,6,1,25.0,78,true
2026-08-06,4,2,3501430,7,1,15.0,47,true
2026-08-06,4,2,3501430,8,1,11.0,35,true
2026-08-06,4,2,3501430,9,1,10.0,32,true
2026-08-06,4,2,3501430,10,1,17.0,53,true
2026-08-06,4,2,3501430,11,1,13.0,41,true
2026-08-06,4,2,3501430,12,1,12.0,38,true
2026-08-06,4,2,3501430,13,1,19.0,60,true
2026-08-07,1,3,3500005,1,1,17.0,97,true
2026-08-07,1,3,3500005,2,1,18.0,102,true
2026-08-07,1,3,3500005,3,1,17.0,97,true
2026-08-07,1,3,3500005,4,1,19.0,108,true
2026-08-07,1,3,3500005,5,1,20.0,113,true
2026-08-07,1,3,3500005,6,1,41.0,232,true
2026-08-07,1,3,3500005,7,1,12.0,68,true
2026-08-07,1,3,3500005,8,1,10.0,57,true
2026-08-07,1,3,3500005,9,1,12.0,68,true
2026-08-07,1,3,3500005,10,1,17.0,97,true
2026-08-07,1,3,3500005,11,1,19.0,108,true
2026-08-07,1,3,3500005,12,1,20.0,113,true
2026-08-07,1,3,3500005,13,1,43.0,243,true
2026-08-07,4,3,3501430,1,1,22.0,69,true
2026-08-07,4,3,3501430,2,1,23.0,72,true
2026-08-07,4,3,3501430,3,1,22.0,69,true
2026-08-07,4,3,3501430,4,1,19.0,60,true
2026-08-07,4,3,3501430,5,1,18.0,57,true
2026-08-07,4,3,3501430,6,1,32.0,100,true
2026-08-07,4,3,3501430,7,1,13.0,41,true
2026-08-07,4,3,3501430,8,1,20.0,63,true
2026-08-07,4,3,3501430,9,1,21.0,66,true
2026-08-07,4,3,3501430,10,1,20.0,63,true
2026-08-07,4,3,3501430,11,1,19.0,60,true
2026-08-07,4,3,3501430,12,1,18.0,57,true
2026-08-07,4,3,3501430,13,1,37.0,116,true
2026-08-07,1,2,3500005,1,1,11.0,63,true
2026-08-07,1,2,3500005,2,1,12.0,68,true
2026-08-07,1,2,3500005,3,1,13.0,74,true
2026-08-07,1,2,3500005,4,1,15.0,85,true
2026-08-07,1,2,3500005,5,1,10.0,57,true
2026-08-07,1,2,3500005,6,1,21.0,119,true
2026-08-07,1,2,3500005,7,1,12.0,68,true
2026-08-07,1,2,3500005,8,1,13.0,74,true
2026-08-07,1,2,3500005,9,1,14.0,80,true
2026-08-07,1,2,3500005,10,1,10.0,57,true
2026-08-07,1,2,3500005,11,1,11.0,63,true
2026-08-07,1,2,3500005,12,1,9.0,51,true
2026-08-07,1,2,3500005,13,1,21.0,119,true
2026-08-07,4,2,3501430,1,1,35.0,110,true
2026-08-07,4,2,3501430,2,1,20.0,63,true
2026-08-07,4,2,3501430,3,1,17.0,53,true
2026-08-07,4,2,3501430,4,1,20.0,63,true
2026-08-07,4,2,3501430,5,1,15.0,47,true
2026-08-07,4,2,3501430,6,1,19.0,60,true
2026-08-07,4,2,3501430,7,1,30.0,94,true
2026-08-07,4,2,3501430,8,1,24.0,75,true
2026-08-07,4,2,3501430,9,1,10.0,32,true
2026-08-07,4,2,3501430,10,1,17.0,53,true
2026-08-07,4,2,3501430,11,1,19.0,60,true
2026-08-07,4,2,3501430,12,1,23.0,72,true
2026-08-07,4,2,3501430,13,1,20.0,63,true
2026-08-08,1,1,3500005,1,1,20.0,113,true
2026-08-08,1,1,3500005,2,1,15.0,85,true
2026-08-08,1,1,3500005,3,1,19.0,108,true
2026-08-08,1,1,3500005,4,1,10.0,57,true
2026-08-08,1,1,3500005,5,1,17.0,97,true
2026-08-08,1,1,3500005,6,1,20.0,113,true
2026-08-08,1,1,3500005,7,1,18.0,102,true
2026-08-08,1,1,3500005,8,1,14.0,80,true
2026-08-08,1,1,3500005,9,1,8.0,46,true
2026-08-08,1,1,3500005,10,1,12.0,68,true
2026-08-08,1,1,3500005,11,1,13.0,74,true
2026-08-08,1,1,3500005,12,1,16.0,91,true
2026-08-08,1,1,3500005,13,1,17.0,97,true
2026-08-08,2,1,3500162,1,1,11.0,53,true
2026-08-08,2,1,3500162,2,1,8.0,39,true
2026-08-08,2,1,3500162,3,1,16.0,77,true
2026-08-08,2,1,3500162,4,1,19.0,91,true
2026-08-08,2,1,3500162,5,1,12.0,58,true
2026-08-08,2,1,3500162,6,1,38.0,181,true
2026-08-08,2,1,3500162,7,1,9.0,43,true
2026-08-08,2,1,3500162,8,1,14.0,67,true
2026-08-08,2,1,3500162,9,1,10.0,48,true
2026-08-08,2,1,3500162,10,1,13.0,62,true
2026-08-08,2,1,3500162,11,1,17.0,81,true
2026-08-08,2,1,3500162,12,1,15.0,72,true
2026-08-08,2,1,3500162,13,1,19.0,91,true
2026-08-08,4,1,3501430,1,1,15.0,47,true
2026-08-08,4,1,3501430,2,1,10.0,32,true
2026-08-08,4,1,3501430,3,1,18.0,57,true
2026-08-08,4,1,3501430,4,1,9.0,29,true
2026-08-08,4,1,3501430,5,1,11.0,35,true
2026-08-08,4,1,3501430,6,1,35.0,110,true
2026-08-08,4,1,3501430,7,1,13.0,41,true
2026-08-08,4,1,3501430,8,1,20.0,63,true
2026-08-08,4,1,3501430,9,1,16.0,50,true
2026-08-08,4,1,3501430,10,1,17.0,53,true
2026-08-08,4,1,3501430,11,1,8.0,25,true
2026-08-08,4,1,3501430,12,1,12.0,38,true
2026-08-08,4,1,3501430,13,1,22.0,69,true
2026-08-08,6,1,3500888,1,1,9.0,15,true
2026-08-08,6,1,3500888,2,1,15.0,25,true
2026-08-08,6,1,3500888,3,1,20.0,33,true
2026-08-08,6,1,3500888,4,1,11.0,18,true
2026-08-08,6,1,3500888,5,1,14.0,23,true
2026-08-08,6,1,3500888,6,1,29.0,47,true
2026-08-08,6,1,3500888,7,1,16.0,26,true
2026-08-08,6,1,3500888,8,1,18.0,30,true
2026-08-08,6,1,3500888,9,1,10.0,17,true
2026-08-08,6,1,3500888,10,1,19.0,31,true
2026-08-08,6,1,3500888,11,1,13.0,21,true
2026-08-08,6,1,3500888,12,1,7.0,12,true
2026-08-08,6,1,3500888,13,1,27.0,44,true
2026-08-08,1,2,3500005,1,1,20.0,113,true
2026-08-08,1,2,3500005,2,1,17.0,97,true
2026-08-08,1,2,3500005,3,1,30.0,170,true
2026-08-08,1,2,3500005,4,1,13.0,74,true
2026-08-08,1,2,3500005,5,1,24.0,136,true
2026-08-08,1,2,3500005,6,1,19.0,108,true
2026-08-08,1,2,3500005,7,1,24.0,136,true
2026-08-08,1,2,3500005,8,1,19.0,108,true
2026-08-08,1,2,3500005,9,1,23.0,130,true
2026-08-08,1,2,3500005,10,1,10.0,57,true
2026-08-08,1,2,3500005,11,1,17.0,97,true
2026-08-08,1,2,3500005,12,1,10.0,57,true
2026-08-08,1,2,3500005,13,1,20.0,113,true
2026-08-08,2,2,3500162,1,1,24.0,115,true
2026-08-08,2,2,3500162,2,1,19.0,91,true
2026-08-08,2,2,3500162,3,1,20.0,96,true
2026-08-08,2,2,3500162,4,1,17.0,81,true
2026-08-08,2,2,3500162,5,1,10.0,48,true
2026-08-08,2,2,3500162,6,1,25.0,120,true
2026-08-08,2,2,3500162,7,1,20.0,96,true
2026-08-08,2,2,3500162,8,1,27.0,129,true
2026-08-08,2,2,3500162,9,1,17.0,81,true
2026-08-08,2,2,3500162,10,1,10.0,48,true
2026-08-08,2,2,3500162,11,1,19.0,91,true
2026-08-08,2,2,3500162,12,1,15.0,72,true
2026-08-08,2,2,3500162,13,1,30.0,143,true
2026-08-08,6,2,3500888,1,1,40.0,65,true
2026-08-08,6,2,3500888,2,1,24.0,39,true
2026-08-08,6,2,3500888,3,1,20.0,33,true
2026-08-08,6,2,3500888,4,1,17.0,28,true
2026-08-08,6,2,3500888,5,1,23.0,38,true
2026-08-08,6,2,3500888,6,1,21.0,34,true
2026-08-08,6,2,3500888,7,1,24.0,39,true
2026-08-08,6,2,3500888,8,1,13.0,21,true
2026-08-08,6,2,3500888,9,1,33.0,54,true
2026-08-08,6,2,3500888,10,1,17.0,28,true
2026-08-08,6,2,3500888,11,1,20.0,33,true
2026-08-08,6,2,3500888,12,1,16.0,26,true
2026-08-08,6,2,3500888,13,1,34.0,55,true
2026-08-09,1,3,3500005,1,1,20.0,113,true
2026-08-09,1,3,3500005,2,1,19.0,108,true
2026-08-09,1,3,3500005,3,1,15.0,85,true
2026-08-09,1,3,3500005,4,1,12.0,68,true
2026-08-09,1,3,3500005,5,1,20.0,113,true
2026-08-09,1,3,3500005,6,1,26.0,147,true
2026-08-09,1,3,3500005,7,1,12.0,68,true
2026-08-09,1,3,3500005,8,1,20.0,113,true
2026-08-09,1,3,3500005,9,1,13.0,74,true
2026-08-09,1,3,3500005,10,1,18.0,102,true
2026-08-09,1,3,3500005,11,1,19.0,108,true
2026-08-09,1,3,3500005,12,1,20.0,113,true
2026-08-09,1,3,3500005,13,1,27.0,153,true
2026-08-09,2,3,3500162,1,1,20.0,96,true
2026-08-09,2,3,3500162,2,1,21.0,100,true
2026-08-09,2,3,3500162,3,1,18.0,86,true
2026-08-09,2,3,3500162,4,1,15.0,72,true
2026-08-09,2,3,3500162,5,1,20.0,96,true
2026-08-09,2,3,3500162,6,1,31.0,148,true
2026-08-09,2,3,3500162,7,1,16.0,77,true
2026-08-09,2,3,3500162,8,1,18.0,86,true
2026-08-09,2,3,3500162,9,1,20.0,96,true
2026-08-09,2,3,3500162,10,1,21.0,100,true
2026-08-09,2,3,3500162,11,1,22.0,105,true
2026-08-09,2,3,3500162,12,1,28.0,134,true
2026-08-09,2,3,3500162,13,1,32.0,153,true
2026-08-09,1,1,3500005,1,1,12.0,68,true
2026-08-09,1,1,3500005,2,1,10.0,57,true
2026-08-09,1,1,3500005,3,1,8.0,46,true
2026-08-09,1,1,3500005,4,1,9.0,51,true
2026-08-09,1,1,3500005,5,1,10.0,57,true
2026-08-09,1,1,3500005,6,1,12.0,68,true
2026-08-09,1,1,3500005,7,1,10.0,57,true
2026-08-09,1,1,3500005,8,1,11.0,63,true
2026-08-09,1,1,3500005,9,1,9.0,51,true
2026-08-09,1,1,3500005,10,1,7.0,40,true
2026-08-09,1,1,3500005,11,1,8.0,46,true
2026-08-09,1,1,3500005,12,1,10.0,57,true
2026-08-09,1,1,3500005,13,1,11.0,63,true
2026-08-09,2,1,3500162,1,1,18.0,86,true
2026-08-09,2,1,3500162,2,1,15.0,72,true
2026-08-09,2,1,3500162,3,1,12.0,58,true
2026-08-09,2,1,3500162,4,1,13.0,62,true
2026-08-09,2,1,3500162,5,1,10.0,48,true
2026-08-09,2,1,3500162,6,1,15.0,72,true
2026-08-09,2,1,3500162,7,1,15.0,72,true
2026-08-09,2,1,3500162,8,1,12.0,58,true
2026-08-09,2,1,3500162,9,1,13.0,62,true
2026-08-09,2,1,3500162,10,1,10.0,48,true
2026-08-09,2,1,3500162,11,1,11.0,53,true
2026-08-09,2,1,3500162,12,1,12.0,58,true
2026-08-09,2,1,3500162,13,1,13.0,62,true
2026-08-09,1,2,3500005,1,1,14.0,80,true
2026-08-09,1,2,3500005,2,1,16.0,91,true
2026-08-09,1,2,3500005,3,1,16.0,91,true
2026-08-09,1,2,3500005,4,1,16.0,91,true
2026-08-09,1,2,3500005,5,1,14.0,80,true
2026-08-09,1,2,3500005,6,1,22.0,125,true
2026-08-09,1,2,3500005,7,1,10.0,57,true
2026-08-09,1,2,3500005,8,1,10.0,57,true
2026-08-09,1,2,3500005,9,1,10.0,57,true
2026-08-09,1,2,3500005,10,1,10.0,57,true
2026-08-09,1,2,3500005,11,1,10.0,57,true
2026-08-09,1,2,3500005,12,1,6.0,34,true
2026-08-09,1,2,3500005,13,1,13.0,74,true
2026-08-09,2,2,3500162,1,1,14.0,67,true
2026-08-09,2,2,3500162,2,1,12.0,58,true
2026-08-09,2,2,3500162,3,1,9.0,43,true
2026-08-09,2,2,3500162,4,1,9.0,43,true
2026-08-09,2,2,3500162,5,1,9.0,43,true
2026-08-09,2,2,3500162,6,1,20.0,96,true
2026-08-09,2,2,3500162,7,1,8.0,39,true
2026-08-09,2,2,3500162,8,1,8.0,39,true
2026-08-09,2,2,3500162,9,1,6.0,29,true
2026-08-09,2,2,3500162,10,1,6.0,29,true
2026-08-09,2,2,3500162,11,1,6.0,29,true
2026-08-09,2,2,3500162,12,1,10.0,48,true
2026-08-09,2,2,3500162,13,1,20.0,96,true
2026-08-10,1,3,3500005,1,1,20.0,113,true
2026-08-10,1,3,3500005,2,1,18.0,102,true
2026-08-10,1,3,3500005,3,1,11.0,63,true
2026-08-10,1,3,3500005,4,1,16.0,91,true
2026-08-10,1,3,3500005,5,1,9.0,51,true
2026-08-10,1,3,3500005,6,1,22.0,125,true
2026-08-10,1,3,3500005,7,1,8.0,46,true
2026-08-10,1,3,3500005,8,1,13.0,74,true
2026-08-10,1,3,3500005,9,1,17.0,97,true
2026-08-10,1,3,3500005,10,1,19.0,108,true
2026-08-10,1,3,3500005,11,1,14.0,80,true
2026-08-10,1,3,3500005,12,1,18.0,102,true
2026-08-10,1,3,3500005,13,1,19.0,108,true
2026-08-10,2,3,3500162,1,1,15.0,72,true
2026-08-10,2,3,3500162,2,1,17.0,81,true
2026-08-10,2,3,3500162,3,1,8.0,39,true
2026-08-10,2,3,3500162,4,1,19.0,91,true
2026-08-10,2,3,3500162,5,1,11.0,53,true
2026-08-10,2,3,3500162,6,1,24.0,115,true
2026-08-10,2,3,3500162,7,1,18.0,86,true
2026-08-10,2,3,3500162,8,1,7.0,34,true
2026-08-10,2,3,3500162,9,1,16.0,77,true
2026-08-10,2,3,3500162,10,1,13.0,62,true
2026-08-10,2,3,3500162,11,1,20.0,96,true
2026-08-10,2,3,3500162,12,1,9.0,43,true
2026-08-10,2,3,3500162,13,1,32.0,153,true
2026-08-11,1,3,3500005,1,1,20.0,113,true
2026-08-11,1,3,3500005,2,1,16.0,91,true
2026-08-11,1,3,3500005,3,1,11.0,63,true
2026-08-11,1,3,3500005,4,1,17.0,97,true
2026-08-11,1,3,3500005,5,1,9.0,51,true
2026-08-11,1,3,3500005,6,1,26.0,147,true
2026-08-11,1,3,3500005,7,1,7.0,40,true
2026-08-11,1,3,3500005,8,1,10.0,57,true
2026-08-11,1,3,3500005,9,1,13.0,74,true
2026-08-11,1,3,3500005,10,1,19.0,108,true
2026-08-11,1,3,3500005,11,1,15.0,85,true
2026-08-11,1,3,3500005,12,1,18.0,102,true
2026-08-11,1,3,3500005,13,1,22.0,125,true
2026-08-11,2,3,3500162,1,1,17.0,81,true
2026-08-11,2,3,3500162,2,1,10.0,48,true
2026-08-11,2,3,3500162,3,1,16.0,77,true
2026-08-11,2,3,3500162,4,1,11.0,53,true
2026-08-11,2,3,3500162,5,1,9.0,43,true
2026-08-11,2,3,3500162,6,1,33.0,158,true
2026-08-11,2,3,3500162,7,1,19.0,91,true
2026-08-11,2,3,3500162,8,1,14.0,67,true
2026-08-11,2,3,3500162,9,1,12.0,58,true
2026-08-11,2,3,3500162,10,1,18.0,86,true
2026-08-11,2,3,3500162,11,1,8.0,39,true
2026-08-11,2,3,3500162,12,1,17.0,81,true
2026-08-11,2,3,3500162,13,1,23.0,110,true
2026-08-11,4,3,3500446,1,1,10.0,44,true
2026-08-11,4,3,3500446,2,1,20.0,87,true
2026-08-11,4,3,3500446,3,1,18.0,78,true
2026-08-11,4,3,3500446,4,1,15.0,65,true
2026-08-11,4,3,3500446,5,1,22.0,95,true
2026-08-11,4,3,3500446,6,1,32.0,138,true
2026-08-11,4,3,3500446,7,1,21.0,91,true
2026-08-11,4,3,3500446,8,1,11.0,48,true
2026-08-11,4,3,3500446,9,1,16.0,69,true
2026-08-11,4,3,3500446,10,1,14.0,61,true
2026-08-11,4,3,3500446,11,1,17.0,74,true
2026-08-11,4,3,3500446,12,1,12.0,52,true
2026-08-11,4,3,3500446,13,1,32.0,138,true
2026-08-11,1,1,3500005,1,1,19.0,108,true
2026-08-11,1,1,3500005,2,1,12.0,68,true
2026-08-11,1,1,3500005,3,1,10.0,57,true
2026-08-11,1,1,3500005,4,1,9.0,51,true
2026-08-11,1,1,3500005,5,1,10.0,57,true
2026-08-11,1,1,3500005,6,1,21.0,119,true
2026-08-11,1,1,3500005,7,1,13.0,74,true
2026-08-11,1,1,3500005,8,1,19.0,108,true
2026-08-11,1,1,3500005,9,1,15.0,85,true
2026-08-11,1,1,3500005,10,1,10.0,57,true
2026-08-11,1,1,3500005,11,1,12.0,68,true
2026-08-11,1,1,3500005,12,1,13.0,74,true
2026-08-11,1,1,3500005,13,1,21.0,119,true
2026-08-11,2,1,3500162,1,1,40.0,191,true
2026-08-11,2,1,3500162,2,1,30.0,143,true
2026-08-11,2,1,3500162,3,1,27.0,129,true
2026-08-11,2,1,3500162,4,1,20.0,96,true
2026-08-11,2,1,3500162,5,1,19.0,91,true
2026-08-11,2,1,3500162,6,1,20.0,96,true
2026-08-11,2,1,3500162,7,1,35.0,167,true
2026-08-11,2,1,3500162,8,1,23.0,110,true
2026-08-11,2,1,3500162,9,1,20.0,96,true
2026-08-11,2,1,3500162,10,1,19.0,91,true
2026-08-11,2,1,3500162,11,1,27.0,129,true
2026-08-11,2,1,3500162,12,1,10.0,48,true
2026-08-11,2,1,3500162,13,1,21.0,100,true
2026-08-11,4,1,3500446,1,1,40.0,173,true
2026-08-11,4,1,3500446,2,1,24.0,104,true
2026-08-11,4,1,3500446,3,1,17.0,74,true
2026-08-11,4,1,3500446,4,1,27.0,117,true
2026-08-11,4,1,3500446,5,1,17.0,74,true
2026-08-11,4,1,3500446,6,1,21.0,91,true
2026-08-11,4,1,3500446,7,1,30.0,130,true
2026-08-11,4,1,3500446,8,1,20.0,87,true
2026-08-11,4,1,3500446,9,1,19.0,82,true
2026-08-11,4,1,3500446,10,1,26.0,113,true
2026-08-11,4,1,3500446,11,1,15.0,65,true
2026-08-11,4,1,3500446,12,1,12.0,52,true
2026-08-11,4,1,3500446,13,1,21.0,91,true
2026-08-11,6,1,3500888,1,1,40.0,65,true
2026-08-11,6,1,3500888,2,1,30.0,49,true
2026-08-11,6,1,3500888,3,1,24.0,39,true
2026-08-11,6,1,3500888,4,1,17.0,28,true
2026-08-11,6,1,3500888,5,1,15.0,25,true
2026-08-11,6,1,3500888,6,1,20.0,33,true
2026-08-11,6,1,3500888,7,1,30.0,49,true
2026-08-11,6,1,3500888,8,1,24.0,39,true
2026-08-11,6,1,3500888,9,1,17.0,28,true
2026-08-11,6,1,3500888,10,1,23.0,38,true
2026-08-11,6,1,3500888,11,1,18.0,30,true
2026-08-11,6,1,3500888,12,1,12.0,20,true
2026-08-11,6,1,3500888,13,1,19.0,31,true
2026-08-10,1,2,3500005,1,1,12.0,68,true
2026-08-10,1,2,3500005,2,1,14.0,80,true
2026-08-10,1,2,3500005,3,1,21.0,119,true
2026-08-10,1,2,3500005,4,1,16.0,91,true
2026-08-10,1,2,3500005,5,1,20.0,113,true
2026-08-10,1,2,3500005,6,1,29.0,164,true
2026-08-10,1,2,3500005,7,1,12.0,68,true
2026-08-10,1,2,3500005,8,1,18.0,102,true
2026-08-10,1,2,3500005,9,1,21.0,119,true
2026-08-10,1,2,3500005,10,1,22.0,125,true
2026-08-10,1,2,3500005,11,1,23.0,130,true
2026-08-10,1,2,3500005,12,1,19.0,108,true
2026-08-10,1,2,3500005,13,1,32.0,181,true
2026-08-10,2,2,3500162,1,1,22.0,105,true
2026-08-10,2,2,3500162,2,1,23.0,110,true
2026-08-10,2,2,3500162,3,1,21.0,100,true
2026-08-10,2,2,3500162,4,1,22.0,105,true
2026-08-10,2,2,3500162,5,1,20.0,96,true
2026-08-10,2,2,3500162,6,1,30.0,143,true
2026-08-10,2,2,3500162,7,1,11.0,53,true
2026-08-10,2,2,3500162,8,1,19.0,91,true
2026-08-10,2,2,3500162,9,1,18.0,86,true
2026-08-10,2,2,3500162,10,1,20.0,96,true
2026-08-10,2,2,3500162,11,1,15.0,72,true
2026-08-10,2,2,3500162,12,1,21.0,100,true
2026-08-10,2,2,3500162,13,1,32.0,153,true
2026-08-10,4,2,3500446,1,1,22.0,95,true
2026-08-10,4,2,3500446,2,1,20.0,87,true
2026-08-10,4,2,3500446,3,1,21.0,91,true
2026-08-10,4,2,3500446,4,1,19.0,82,true
2026-08-10,4,2,3500446,5,1,20.0,87,true
2026-08-10,4,2,3500446,6,1,33.0,143,true
2026-08-10,4,2,3500446,7,1,11.0,48,true
2026-08-10,4,2,3500446,8,1,21.0,91,true
2026-08-10,4,2,3500446,9,1,20.0,87,true
2026-08-10,4,2,3500446,10,1,21.0,91,true
2026-08-10,4,2,3500446,11,1,22.0,95,true
2026-08-10,4,2,3500446,12,1,20.0,87,true
2026-08-10,4,2,3500446,13,1,33.0,143,true
2026-08-12,1,3,3500005,1,1,20.0,113,true
2026-08-12,1,3,3500005,2,1,15.0,85,true
2026-08-12,1,3,3500005,3,1,11.0,63,true
2026-08-12,1,3,3500005,4,1,14.0,80,true
2026-08-12,1,3,3500005,5,1,9.0,51,true
2026-08-12,1,3,3500005,6,1,24.0,136,true
2026-08-12,1,3,3500005,7,1,17.0,97,true
2026-08-12,1,3,3500005,8,1,19.0,108,true
2026-08-12,1,3,3500005,9,1,13.0,74,true
2026-08-12,1,3,3500005,10,1,12.0,68,true
2026-08-12,1,3,3500005,11,1,10.0,57,true
2026-08-12,1,3,3500005,12,1,7.0,40,true
2026-08-12,1,3,3500005,13,1,26.0,147,true
2026-08-12,2,3,3500162,1,1,11.0,53,true
2026-08-12,2,3,3500162,2,1,14.0,67,true
2026-08-12,2,3,3500162,3,1,20.0,96,true
2026-08-12,2,3,3500162,4,1,10.0,48,true
2026-08-12,2,3,3500162,5,1,8.0,39,true
2026-08-12,2,3,3500162,6,1,28.0,134,true
2026-08-12,2,3,3500162,7,1,7.0,34,true
2026-08-12,2,3,3500162,8,1,13.0,62,true
2026-08-12,2,3,3500162,9,1,18.0,86,true
2026-08-12,2,3,3500162,10,1,9.0,43,true
2026-08-12,2,3,3500162,11,1,15.0,72,true
2026-08-12,2,3,3500162,12,1,19.0,91,true
2026-08-12,2,3,3500162,13,1,24.0,115,true
2026-08-12,4,3,3501430,1,1,9.0,29,true
2026-08-12,4,3,3501430,2,1,7.0,22,true
2026-08-12,4,3,3501430,3,1,10.0,32,true
2026-08-12,4,3,3501430,4,1,8.0,25,true
2026-08-12,4,3,3501430,5,1,6.0,19,true
2026-08-12,4,3,3501430,6,1,11.0,35,true
2026-08-12,4,3,3501430,7,1,4.0,13,true
2026-08-12,4,3,3501430,8,1,7.0,22,true
2026-08-12,4,3,3501430,9,1,8.0,25,true
2026-08-12,4,3,3501430,10,1,9.0,29,true
2026-08-12,4,3,3501430,11,1,10.0,32,true
2026-08-12,4,3,3501430,12,1,6.0,19,true
2026-08-12,4,3,3501430,13,1,18.0,57,true
2026-08-12,6,3,3500888,1,1,19.0,31,true
2026-08-12,6,3,3500888,2,1,15.0,25,true
2026-08-12,6,3,3500888,3,1,20.0,33,true
2026-08-12,6,3,3500888,4,1,23.0,38,true
2026-08-12,6,3,3500888,5,1,11.0,18,true
2026-08-12,6,3,3500888,6,1,25.0,41,true
2026-08-12,6,3,3500888,7,1,14.0,23,true
2026-08-12,6,3,3500888,8,1,7.0,12,true
2026-08-12,6,3,3500888,9,1,12.0,20,true
2026-08-12,6,3,3500888,10,1,13.0,21,true
2026-08-12,6,3,3500888,11,1,8.0,13,true
2026-08-12,6,3,3500888,12,1,10.0,17,true
2026-08-12,6,3,3500888,13,1,36.0,59,true
2026-08-11,1,2,3500005,1,1,12.0,68,true
2026-08-11,1,2,3500005,2,1,18.0,102,true
2026-08-11,1,2,3500005,3,1,19.0,108,true
2026-08-11,1,2,3500005,4,1,20.0,113,true
2026-08-11,1,2,3500005,5,1,21.0,119,true
2026-08-11,1,2,3500005,6,1,27.0,153,true
2026-08-11,1,2,3500005,7,1,12.0,68,true
2026-08-11,1,2,3500005,8,1,22.0,125,true
2026-08-11,1,2,3500005,9,1,21.0,119,true
2026-08-11,1,2,3500005,10,1,21.0,119,true
2026-08-11,1,2,3500005,11,1,20.0,113,true
2026-08-11,1,2,3500005,12,1,19.0,108,true
2026-08-11,1,2,3500005,13,1,43.0,243,true
2026-08-11,2,2,3500162,1,1,22.0,105,true
2026-08-11,2,2,3500162,2,1,23.0,110,true
2026-08-11,2,2,3500162,3,1,22.0,105,true
2026-08-11,2,2,3500162,4,1,20.0,96,true
2026-08-11,2,2,3500162,5,1,21.0,100,true
2026-08-11,2,2,3500162,6,1,31.0,148,true
2026-08-11,2,2,3500162,7,1,19.0,91,true
2026-08-11,2,2,3500162,8,1,20.0,96,true
2026-08-11,2,2,3500162,9,1,22.0,105,true
2026-08-11,2,2,3500162,10,1,23.0,110,true
2026-08-11,2,2,3500162,11,1,19.0,91,true
2026-08-11,2,2,3500162,12,1,16.0,77,true
2026-08-11,2,2,3500162,13,1,31.0,148,true
2026-08-11,6,2,3500888,1,1,22.0,36,true
2026-08-11,6,2,3500888,2,1,29.0,47,true
2026-08-11,6,2,3500888,3,1,22.0,36,true
2026-08-11,6,2,3500888,4,1,25.0,41,true
2026-08-11,6,2,3500888,5,1,26.0,42,true
2026-08-11,6,2,3500888,6,1,29.0,47,true
2026-08-11,6,2,3500888,7,1,12.0,20,true
2026-08-11,6,2,3500888,8,1,20.0,33,true
2026-08-11,6,2,3500888,9,1,23.0,38,true
2026-08-11,6,2,3500888,10,1,22.0,36,true
2026-08-11,6,2,3500888,11,1,23.0,38,true
2026-08-11,6,2,3500888,12,1,20.0,33,true
2026-08-11,6,2,3500888,13,1,33.0,54,true
2026-08-12,1,1,3500005,1,1,12.0,68,true
2026-08-12,1,1,3500005,2,1,13.0,74,true
2026-08-12,1,1,3500005,3,1,19.0,108,true
2026-08-12,1,1,3500005,4,1,20.0,113,true
2026-08-12,1,1,3500005,5,1,17.0,97,true
2026-08-12,1,1,3500005,6,1,25.0,142,true
2026-08-12,1,1,3500005,7,1,20.0,113,true
2026-08-12,1,1,3500005,8,1,16.0,91,true
2026-08-12,1,1,3500005,9,1,9.0,51,true
2026-08-12,1,1,3500005,10,1,13.0,74,true
2026-08-12,1,1,3500005,11,1,10.0,57,true
2026-08-12,1,1,3500005,12,1,11.0,63,true
2026-08-12,1,1,3500005,13,1,19.0,108,true
2026-08-12,2,1,3500162,1,1,24.0,115,true
2026-08-12,2,1,3500162,2,1,20.0,96,true
2026-08-12,2,1,3500162,3,1,17.0,81,true
2026-08-12,2,1,3500162,4,1,21.0,100,true
2026-08-12,2,1,3500162,5,1,13.0,62,true
2026-08-12,2,1,3500162,6,1,20.0,96,true
2026-08-12,2,1,3500162,7,1,20.0,96,true
2026-08-12,2,1,3500162,8,1,15.0,72,true
2026-08-12,2,1,3500162,9,1,17.0,81,true
2026-08-12,2,1,3500162,10,1,21.0,100,true
2026-08-12,2,1,3500162,11,1,27.0,129,true
2026-08-12,2,1,3500162,12,1,15.0,72,true
2026-08-12,2,1,3500162,13,1,20.0,96,true
2026-08-12,4,1,3501430,1,1,40.0,125,true
2026-08-12,4,1,3501430,2,1,33.0,103,true
2026-08-12,4,1,3501430,3,1,21.0,66,true
2026-08-12,4,1,3501430,4,1,19.0,60,true
2026-08-12,4,1,3501430,5,1,10.0,32,true
2026-08-12,4,1,3501430,6,1,23.0,72,true
2026-08-12,4,1,3501430,7,1,35.0,110,true
2026-08-12,4,1,3501430,8,1,20.0,63,true
2026-08-12,4,1,3501430,9,1,15.0,47,true
2026-08-12,4,1,3501430,10,1,12.0,38,true
2026-08-12,4,1,3501430,11,1,24.0,75,true
2026-08-12,4,1,3501430,12,1,10.0,32,true
2026-08-12,4,1,3501430,13,1,22.0,69,true
2026-08-12,6,1,3500888,1,1,33.0,54,true
2026-08-12,6,1,3500888,2,1,20.0,33,true
2026-08-12,6,1,3500888,3,1,15.0,25,true
2026-08-12,6,1,3500888,4,1,14.0,23,true
2026-08-12,6,1,3500888,5,1,10.0,17,true
2026-08-12,6,1,3500888,6,1,21.0,34,true
2026-08-12,6,1,3500888,7,1,24.0,39,true
2026-08-12,6,1,3500888,8,1,20.0,33,true
2026-08-12,6,1,3500888,9,1,15.0,25,true
2026-08-12,6,1,3500888,10,1,10.0,17,true
2026-08-12,6,1,3500888,11,1,19.0,31,true
2026-08-12,6,1,3500888,12,1,10.0,17,true
2026-08-12,6,1,3500888,13,1,21.0,34,true
2026-08-13,1,3,3500005,1,1,20.0,113,true
2026-08-13,1,3,3500005,2,1,15.0,85,true
2026-08-13,1,3,3500005,3,1,13.0,74,true
2026-08-13,1,3,3500005,4,1,12.0,68,true
2026-08-13,1,3,3500005,5,1,9.0,51,true
2026-08-13,1,3,3500005,6,1,27.0,153,true
2026-08-13,1,3,3500005,7,1,12.0,68,true
2026-08-13,1,3,3500005,8,1,14.0,80,true
2026-08-13,1,3,3500005,9,1,16.0,91,true
2026-08-13,1,3,3500005,10,1,18.0,102,true
2026-08-13,1,3,3500005,11,1,10.0,57,true
2026-08-13,1,3,3500005,12,1,11.0,63,true
2026-08-13,1,3,3500005,13,1,19.0,108,true
2026-08-13,2,3,3500162,1,1,15.0,72,true
2026-08-13,2,3,3500162,2,1,17.0,81,true
2026-08-13,2,3,3500162,3,1,9.0,43,true
2026-08-13,2,3,3500162,4,1,18.0,86,true
2026-08-13,2,3,3500162,5,1,8.0,39,true
2026-08-13,2,3,3500162,6,1,26.0,124,true
2026-08-13,2,3,3500162,7,1,11.0,53,true
2026-08-13,2,3,3500162,8,1,13.0,62,true
2026-08-13,2,3,3500162,9,1,14.0,67,true
2026-08-13,2,3,3500162,10,1,19.0,91,true
2026-08-13,2,3,3500162,11,1,20.0,96,true
2026-08-13,2,3,3500162,12,1,22.0,105,true
2026-08-13,2,3,3500162,13,1,17.0,81,true
2026-08-13,4,3,3501430,1,1,11.0,35,true
2026-08-13,4,3,3501430,2,1,16.0,50,true
2026-08-13,4,3,3501430,3,1,18.0,57,true
2026-08-13,4,3,3501430,4,1,7.0,22,true
2026-08-13,4,3,3501430,5,1,19.0,60,true
2026-08-13,4,3,3501430,6,1,22.0,69,true
2026-08-13,4,3,3501430,7,1,20.0,63,true
2026-08-13,4,3,3501430,8,1,10.0,32,true
2026-08-13,4,3,3501430,9,1,13.0,41,true
2026-08-13,4,3,3501430,10,1,12.0,38,true
2026-08-13,4,3,3501430,11,1,15.0,47,true
2026-08-13,4,3,3501430,12,1,18.0,57,true
2026-08-13,4,3,3501430,13,1,23.0,72,true
2026-08-13,6,3,3500888,1,1,17.0,28,true
2026-08-13,6,3,3500888,2,1,11.0,18,true
2026-08-13,6,3,3500888,3,1,12.0,20,true
2026-08-13,6,3,3500888,4,1,15.0,25,true
2026-08-13,6,3,3500888,5,1,9.0,15,true
2026-08-13,6,3,3500888,6,1,25.0,41,true
2026-08-13,6,3,3500888,7,1,20.0,33,true
2026-08-13,6,3,3500888,8,1,16.0,26,true
2026-08-13,6,3,3500888,9,1,14.0,23,true
2026-08-13,6,3,3500888,10,1,13.0,21,true
2026-08-13,6,3,3500888,11,1,10.0,17,true
2026-08-13,6,3,3500888,12,1,8.0,13,true
2026-08-13,6,3,3500888,13,1,27.0,44,true
2026-08-13,1,1,3500005,1,1,7.0,40,true
2026-08-13,1,1,3500005,2,1,5.0,29,true
2026-08-13,1,1,3500005,3,1,10.0,57,true
2026-08-13,1,1,3500005,4,1,6.0,34,true
2026-08-13,1,1,3500005,5,1,5.0,29,true
2026-08-13,1,1,3500005,6,1,14.0,80,true
2026-08-13,1,1,3500005,7,1,6.0,34,true
2026-08-13,1,1,3500005,8,1,8.0,46,true
2026-08-13,1,1,3500005,9,1,11.0,63,true
2026-08-13,1,1,3500005,10,1,7.0,40,true
2026-08-13,1,1,3500005,11,1,5.0,29,true
2026-08-13,1,1,3500005,12,1,4.0,23,true
2026-08-13,1,1,3500005,13,1,8.0,46,true
2026-08-13,2,1,3500162,1,1,24.0,115,true
2026-08-13,2,1,3500162,2,1,19.0,91,true
2026-08-13,2,1,3500162,3,1,10.0,48,true
2026-08-13,2,1,3500162,4,1,22.0,105,true
2026-08-13,2,1,3500162,5,1,15.0,72,true
2026-08-13,2,1,3500162,6,1,22.0,105,true
2026-08-13,2,1,3500162,7,1,20.0,96,true
2026-08-13,2,1,3500162,8,1,13.0,62,true
2026-08-13,2,1,3500162,9,1,23.0,110,true
2026-08-13,2,1,3500162,10,1,10.0,48,true
2026-08-13,2,1,3500162,11,1,19.0,91,true
2026-08-13,2,1,3500162,12,1,10.0,48,true
2026-08-13,2,1,3500162,13,1,21.0,100,true
2026-08-13,4,1,3501430,1,1,30.0,94,true
2026-08-13,4,1,3501430,2,1,23.0,72,true
2026-08-13,4,1,3501430,3,1,15.0,47,true
2026-08-13,4,1,3501430,4,1,20.0,63,true
2026-08-13,4,1,3501430,5,1,16.0,50,true
2026-08-13,4,1,3501430,6,1,23.0,72,true
2026-08-13,4,1,3501430,7,1,20.0,63,true
2026-08-13,4,1,3501430,8,1,24.0,75,true
2026-08-13,4,1,3501430,9,1,13.0,41,true
2026-08-13,4,1,3501430,10,1,10.0,32,true
2026-08-13,4,1,3501430,11,1,23.0,72,true
2026-08-13,4,1,3501430,12,1,10.0,32,true
2026-08-13,4,1,3501430,13,1,17.0,53,true
2026-08-12,1,2,3500005,1,1,16.0,91,true
2026-08-12,1,2,3500005,2,1,18.0,102,true
2026-08-12,1,2,3500005,3,1,20.0,113,true
2026-08-12,1,2,3500005,4,1,19.0,108,true
2026-08-12,1,2,3500005,5,1,20.0,113,true
2026-08-12,1,2,3500005,6,1,33.0,187,true
2026-08-12,1,2,3500005,7,1,15.0,85,true
2026-08-12,1,2,3500005,8,1,20.0,113,true
2026-08-12,1,2,3500005,9,1,21.0,119,true
2026-08-12,1,2,3500005,10,1,26.0,147,true
2026-08-12,1,2,3500005,11,1,21.0,119,true
2026-08-12,1,2,3500005,12,1,18.0,102,true
2026-08-12,1,2,3500005,13,1,30.0,170,true
2026-08-12,2,2,3500162,1,1,20.0,96,true
2026-08-12,2,2,3500162,2,1,19.0,91,true
2026-08-12,2,2,3500162,3,1,18.0,86,true
2026-08-12,2,2,3500162,4,1,20.0,96,true
2026-08-12,2,2,3500162,5,1,21.0,100,true
2026-08-12,2,2,3500162,6,1,29.0,139,true
2026-08-12,2,2,3500162,7,1,14.0,67,true
2026-08-12,2,2,3500162,8,1,20.0,96,true
2026-08-12,2,2,3500162,9,1,22.0,105,true
2026-08-12,2,2,3500162,10,1,25.0,120,true
2026-08-12,2,2,3500162,11,1,20.0,96,true
2026-08-12,2,2,3500162,12,1,21.0,100,true
2026-08-12,2,2,3500162,13,1,33.0,158,true
2026-08-12,4,2,3501430,1,1,22.0,69,true
2026-08-12,4,2,3501430,2,1,20.0,63,true
2026-08-12,4,2,3501430,3,1,19.0,60,true
2026-08-12,4,2,3501430,4,1,21.0,66,true
2026-08-12,4,2,3501430,5,1,18.0,57,true
2026-08-12,4,2,3501430,6,1,32.0,100,true
2026-08-12,4,2,3501430,7,1,18.0,57,true
2026-08-12,4,2,3501430,8,1,20.0,63,true
2026-08-12,4,2,3501430,9,1,21.0,66,true
2026-08-12,4,2,3501430,10,1,22.0,69,true
2026-08-12,4,2,3501430,11,1,20.0,63,true
2026-08-12,4,2,3501430,12,1,19.0,60,true
2026-08-12,4,2,3501430,13,1,35.0,110,true
2026-08-12,6,2,3500888,1,1,22.0,36,true
2026-08-12,6,2,3500888,2,1,23.0,38,true
2026-08-12,6,2,3500888,3,1,20.0,33,true
2026-08-12,6,2,3500888,4,1,21.0,34,true
2026-08-12,6,2,3500888,5,1,18.0,30,true
2026-08-12,6,2,3500888,6,1,35.0,57,true
2026-08-12,6,2,3500888,7,1,12.0,20,true
2026-08-12,6,2,3500888,8,1,20.0,33,true
2026-08-12,6,2,3500888,9,1,22.0,36,true
2026-08-12,6,2,3500888,10,1,25.0,41,true
2026-08-12,6,2,3500888,11,1,20.0,33,true
2026-08-12,6,2,3500888,12,1,19.0,31,true
2026-08-12,6,2,3500888,13,1,32.0,52,true
2026-08-14,1,3,3500005,1,1,15.0,85,true
2026-08-14,1,3,3500005,2,1,11.0,63,true
2026-08-14,1,3,3500005,3,1,16.0,91,true
2026-08-14,1,3,3500005,4,1,9.0,51,true
2026-08-14,1,3,3500005,5,1,10.0,57,true
2026-08-14,1,3,3500005,6,1,25.0,142,true
2026-08-14,1,3,3500005,7,1,14.0,80,true
2026-08-14,1,3,3500005,8,1,18.0,102,true
2026-08-14,1,3,3500005,9,1,12.0,68,true
2026-08-14,1,3,3500005,10,1,7.0,40,true
2026-08-14,1,3,3500005,11,1,19.0,108,true
2026-08-14,1,3,3500005,12,1,13.0,74,true
2026-08-14,1,3,3500005,13,1,18.0,102,true
2026-08-14,2,3,3500162,1,1,11.0,53,true
2026-08-14,2,3,3500162,2,1,14.0,67,true
2026-08-14,2,3,3500162,3,1,16.0,77,true
2026-08-14,2,3,3500162,4,1,8.0,39,true
2026-08-14,2,3,3500162,5,1,17.0,81,true
2026-08-14,2,3,3500162,6,1,21.0,100,true
2026-08-14,2,3,3500162,7,1,20.0,96,true
2026-08-14,2,3,3500162,8,1,18.0,86,true
2026-08-14,2,3,3500162,9,1,7.0,34,true
2026-08-14,2,3,3500162,10,1,19.0,91,true
2026-08-14,2,3,3500162,11,1,13.0,62,true
2026-08-14,2,3,3500162,12,1,15.0,72,true
2026-08-14,2,3,3500162,13,1,21.0,100,true
2026-08-14,4,3,3501225,1,1,10.0,61,true
2026-08-14,4,3,3501225,2,1,12.0,73,true
2026-08-14,4,3,3501225,3,1,14.0,85,true
2026-08-14,4,3,3501225,4,1,9.0,55,true
2026-08-14,4,3,3501225,5,1,16.0,97,true
2026-08-14,4,3,3501225,6,1,25.0,152,true
2026-08-14,4,3,3501225,7,1,11.0,67,true
2026-08-14,4,3,3501225,8,1,19.0,116,true
2026-08-14,4,3,3501225,9,1,15.0,91,true
2026-08-14,4,3,3501225,10,1,20.0,122,true
2026-08-14,4,3,3501225,11,1,17.0,104,true
2026-08-14,4,3,3501225,12,1,13.0,79,true
2026-08-14,4,3,3501225,13,1,21.0,128,true
2026-08-14,1,1,3500005,1,1,15.0,85,true
2026-08-14,1,1,3500005,2,1,20.0,113,true
2026-08-14,1,1,3500005,3,1,12.0,68,true
2026-08-14,1,1,3500005,4,1,10.0,57,true
2026-08-14,1,1,3500005,5,1,17.0,97,true
2026-08-14,1,1,3500005,6,1,29.0,164,true
2026-08-14,1,1,3500005,7,1,20.0,113,true
2026-08-14,1,1,3500005,8,1,16.0,91,true
2026-08-14,1,1,3500005,9,1,14.0,80,true
2026-08-14,1,1,3500005,10,1,12.0,68,true
2026-08-14,1,1,3500005,11,1,10.0,57,true
2026-08-14,1,1,3500005,12,1,11.0,63,true
2026-08-14,1,1,3500005,13,1,20.0,113,true
2026-08-14,2,1,3500162,1,1,24.0,115,true
2026-08-14,2,1,3500162,2,1,30.0,143,true
2026-08-14,2,1,3500162,3,1,17.0,81,true
2026-08-14,2,1,3500162,4,1,27.0,129,true
2026-08-14,2,1,3500162,5,1,19.0,91,true
2026-08-14,2,1,3500162,6,1,22.0,105,true
2026-08-14,2,1,3500162,7,1,20.0,96,true
2026-08-14,2,1,3500162,8,1,21.0,100,true
2026-08-14,2,1,3500162,9,1,14.0,67,true
2026-08-14,2,1,3500162,10,1,19.0,91,true
2026-08-14,2,1,3500162,11,1,10.0,48,true
2026-08-14,2,1,3500162,12,1,11.0,53,true
2026-08-14,2,1,3500162,13,1,14.0,67,true
2026-08-14,4,1,3501225,1,1,30.0,182,true
2026-08-14,4,1,3501225,2,1,20.0,122,true
2026-08-14,4,1,3501225,3,1,17.0,104,true
2026-08-14,4,1,3501225,4,1,27.0,164,true
2026-08-14,4,1,3501225,5,1,11.0,67,true
2026-08-14,4,1,3501225,6,1,19.0,116,true
2026-08-14,4,1,3501225,7,1,24.0,146,true
2026-08-14,4,1,3501225,8,1,13.0,79,true
2026-08-14,4,1,3501225,9,1,33.0,200,true
2026-08-14,4,1,3501225,10,1,15.0,91,true
2026-08-14,4,1,3501225,11,1,10.0,61,true
2026-08-14,4,1,3501225,12,1,11.0,67,true
2026-08-14,4,1,3501225,13,1,20.0,122,true
2026-08-14,1,2,3500005,1,1,21.0,119,true
2026-08-14,1,2,3500005,2,1,19.0,108,true
2026-08-14,1,2,3500005,3,1,18.0,102,true
2026-08-14,1,2,3500005,4,1,20.0,113,true
2026-08-14,1,2,3500005,5,1,17.0,97,true
2026-08-14,1,2,3500005,6,1,25.0,142,true
2026-08-14,1,2,3500005,7,1,14.0,80,true
2026-08-14,1,2,3500005,8,1,20.0,113,true
2026-08-14,1,2,3500005,9,1,21.0,119,true
2026-08-14,1,2,3500005,10,1,22.0,125,true
2026-08-14,1,2,3500005,11,1,19.0,108,true
2026-08-14,1,2,3500005,12,1,18.0,102,true
2026-08-14,1,2,3500005,13,1,27.0,153,true
2026-08-14,2,2,3500162,1,1,20.0,96,true
2026-08-14,2,2,3500162,2,1,22.0,105,true
2026-08-14,2,2,3500162,3,1,21.0,100,true
2026-08-14,2,2,3500162,4,1,19.0,91,true
2026-08-14,2,2,3500162,5,1,16.0,77,true
2026-08-14,2,2,3500162,6,1,22.0,105,true
2026-08-14,2,2,3500162,7,1,12.0,58,true
2026-08-14,2,2,3500162,8,1,18.0,86,true
2026-08-14,2,2,3500162,9,1,20.0,96,true
2026-08-14,2,2,3500162,10,1,22.0,105,true
2026-08-14,2,2,3500162,11,1,21.0,100,true
2026-08-14,2,2,3500162,12,1,21.0,100,true
2026-08-14,2,2,3500162,13,1,35.0,167,true
2026-08-14,4,2,3501225,1,1,22.0,134,true
2026-08-14,4,2,3501225,2,1,23.0,140,true
2026-08-14,4,2,3501225,3,1,20.0,122,true
2026-08-14,4,2,3501225,4,1,21.0,128,true
2026-08-14,4,2,3501225,5,1,19.0,116,true
2026-08-14,4,2,3501225,6,1,26.0,158,true
2026-08-14,4,2,3501225,7,1,15.0,91,true
2026-08-14,4,2,3501225,8,1,20.0,122,true
2026-08-14,4,2,3501225,9,1,25.0,152,true
2026-08-14,4,2,3501225,10,1,21.0,128,true
2026-08-14,4,2,3501225,11,1,20.0,122,true
2026-08-14,4,2,3501225,12,1,22.0,134,true
2026-08-14,4,2,3501225,13,1,35.0,213,true
2026-08-14,6,2,3500888,1,1,22.0,36,true
2026-08-14,6,2,3500888,2,1,20.0,33,true
2026-08-14,6,2,3500888,3,1,21.0,34,true
2026-08-14,6,2,3500888,4,1,19.0,31,true
2026-08-14,6,2,3500888,5,1,20.0,33,true
2026-08-14,6,2,3500888,6,1,26.0,42,true
2026-08-14,6,2,3500888,7,1,12.0,20,true
2026-08-14,6,2,3500888,8,1,15.0,25,true
2026-08-14,6,2,3500888,9,1,20.0,33,true
2026-08-14,6,2,3500888,10,1,22.0,36,true
2026-08-14,6,2,3500888,11,1,20.0,33,true
2026-08-14,6,2,3500888,12,1,21.0,34,true
2026-08-14,6,2,3500888,13,1,31.0,50,true
2026-08-15,1,3,3500005,1,1,15.0,85,true
2026-08-15,1,3,3500005,2,1,13.0,74,true
2026-08-15,1,3,3500005,3,1,14.0,80,true
2026-08-15,1,3,3500005,4,1,10.0,57,true
2026-08-15,1,3,3500005,5,1,12.0,68,true
2026-08-15,1,3,3500005,6,1,11.0,63,true
2026-08-15,1,3,3500005,7,1,10.0,57,true
2026-08-15,1,3,3500005,8,1,11.0,63,true
2026-08-15,1,3,3500005,9,1,9.0,51,true
2026-08-15,1,3,3500005,10,1,12.0,68,true
2026-08-15,1,3,3500005,11,1,10.0,57,true
2026-08-15,1,3,3500005,12,1,11.0,63,true
2026-08-15,1,3,3500005,13,1,10.0,57,true
2026-08-15,2,3,3500162,1,1,18.0,86,true
2026-08-15,2,3,3500162,2,1,17.0,81,true
2026-08-15,2,3,3500162,3,1,15.0,72,true
2026-08-15,2,3,3500162,4,1,12.0,58,true
2026-08-15,2,3,3500162,5,1,13.0,62,true
2026-08-15,2,3,3500162,6,1,12.0,58,true
2026-08-15,2,3,3500162,7,1,15.0,72,true
2026-08-15,2,3,3500162,8,1,12.0,58,true
2026-08-15,2,3,3500162,9,1,13.0,62,true
2026-08-15,2,3,3500162,10,1,10.0,48,true
2026-08-15,2,3,3500162,11,1,12.0,58,true
2026-08-15,2,3,3500162,12,1,10.0,48,true
2026-08-15,2,3,3500162,13,1,11.0,53,true
2026-08-15,4,3,3501225,1,1,20.0,122,true
2026-08-15,4,3,3501225,2,1,19.0,116,true
2026-08-15,4,3,3501225,3,1,15.0,91,true
2026-08-15,4,3,3501225,4,1,12.0,73,true
2026-08-15,4,3,3501225,5,1,13.0,79,true
2026-08-15,4,3,3501225,6,1,15.0,91,true
2026-08-15,4,3,3501225,7,1,18.0,110,true
2026-08-15,4,3,3501225,8,1,15.0,91,true
2026-08-15,4,3,3501225,9,1,13.0,79,true
2026-08-15,4,3,3501225,10,1,14.0,85,true
2026-08-15,4,3,3501225,11,1,12.0,73,true
2026-08-15,4,3,3501225,12,1,13.0,79,true
2026-08-15,4,3,3501225,13,1,14.0,85,true
2026-08-15,1,2,3500005,1,1,60.0,339,true
2026-08-15,1,2,3500005,2,1,30.0,170,true
2026-08-15,1,2,3500005,3,1,25.0,142,true
2026-08-15,1,2,3500005,4,1,10.0,57,true
2026-08-15,1,2,3500005,5,1,16.0,91,true
2026-08-15,1,2,3500005,6,1,27.0,153,true
2026-08-15,1,2,3500005,7,1,11.0,63,true
2026-08-15,1,2,3500005,8,1,9.0,51,true
2026-08-15,1,2,3500005,9,1,8.0,46,true
2026-08-15,1,2,3500005,10,1,12.0,68,true
2026-08-15,1,2,3500005,11,1,9.0,51,true
2026-08-15,1,2,3500005,12,1,8.0,46,true
2026-08-15,1,2,3500005,13,1,11.0,63,true
2026-08-15,2,2,3500162,1,1,40.0,191,true
2026-08-15,2,2,3500162,2,1,25.0,120,true
2026-08-15,2,2,3500162,3,1,30.0,143,true
2026-08-15,2,2,3500162,4,1,26.0,124,true
2026-08-15,2,2,3500162,5,1,27.0,129,true
2026-08-15,2,2,3500162,6,1,55.0,262,true
2026-08-15,2,2,3500162,7,1,19.0,91,true
2026-08-15,2,2,3500162,8,1,12.0,58,true
2026-08-15,2,2,3500162,9,1,11.0,53,true
2026-08-15,2,2,3500162,10,1,9.0,43,true
2026-08-15,2,2,3500162,11,1,12.0,58,true
2026-08-15,2,2,3500162,12,1,9.0,43,true
2026-08-15,2,2,3500162,13,1,19.0,91,true
2026-08-15,4,2,3501225,1,1,10.0,61,true
2026-08-15,4,2,3501225,2,1,50.0,304,true
2026-08-15,4,2,3501225,3,1,30.0,182,true
2026-08-15,4,2,3501225,4,1,19.0,116,true
2026-08-15,4,2,3501225,5,1,20.0,122,true
2026-08-15,4,2,3501225,6,1,29.0,176,true
2026-08-15,4,2,3501225,7,1,16.0,97,true
2026-08-15,4,2,3501225,8,1,11.0,67,true
2026-08-15,4,2,3501225,9,1,16.0,97,true
2026-08-15,4,2,3501225,10,1,9.0,55,true
2026-08-15,4,2,3501225,11,1,10.0,61,true
2026-08-15,4,2,3501225,12,1,8.0,49,true
2026-08-15,4,2,3501225,13,1,33.0,200,true
2026-08-15,6,2,3500888,1,1,30.0,49,true
2026-08-15,6,2,3500888,2,1,66.0,107,true
2026-08-15,6,2,3500888,3,1,25.0,41,true
2026-08-15,6,2,3500888,4,1,30.0,49,true
2026-08-15,6,2,3500888,5,1,11.0,18,true
2026-08-15,6,2,3500888,6,1,25.0,41,true
2026-08-15,6,2,3500888,7,1,20.0,33,true
2026-08-15,6,2,3500888,8,1,21.0,34,true
2026-08-15,6,2,3500888,9,1,28.0,46,true
2026-08-15,6,2,3500888,10,1,30.0,49,true
2026-08-15,6,2,3500888,11,1,25.0,41,true
2026-08-15,6,2,3500888,12,1,11.0,18,true
2026-08-15,6,2,3500888,13,1,30.0,49,true
2026-08-16,1,3,3500005,1,1,15.0,85,true
2026-08-16,1,3,3500005,2,1,14.0,80,true
2026-08-16,1,3,3500005,3,1,13.0,74,true
2026-08-16,1,3,3500005,4,1,13.0,74,true
2026-08-16,1,3,3500005,5,1,12.0,68,true
2026-08-16,1,3,3500005,6,1,10.0,57,true
2026-08-16,1,3,3500005,7,1,12.0,68,true
2026-08-16,1,3,3500005,8,1,11.0,63,true
2026-08-16,1,3,3500005,9,1,12.0,68,true
2026-08-16,1,3,3500005,10,1,10.0,57,true
2026-08-16,1,3,3500005,11,1,9.0,51,true
2026-08-16,1,3,3500005,12,1,10.0,57,true
2026-08-16,1,3,3500005,13,1,11.0,63,true
2026-08-16,2,3,3500162,1,1,18.0,86,true
2026-08-16,2,3,3500162,2,1,19.0,91,true
2026-08-16,2,3,3500162,3,1,15.0,72,true
2026-08-16,2,3,3500162,4,1,13.0,62,true
2026-08-16,2,3,3500162,5,1,12.0,58,true
2026-08-16,2,3,3500162,6,1,13.0,62,true
2026-08-16,2,3,3500162,7,1,15.0,72,true
2026-08-16,2,3,3500162,8,1,14.0,67,true
2026-08-16,2,3,3500162,9,1,12.0,58,true
2026-08-16,2,3,3500162,10,1,13.0,62,true
2026-08-16,2,3,3500162,11,1,11.0,53,true
2026-08-16,2,3,3500162,12,1,10.0,48,true
2026-08-16,2,3,3500162,13,1,12.0,58,true
2026-08-16,4,3,3501226,1,1,20.0,109,true
2026-08-16,4,3,3501226,2,1,22.0,119,true
2026-08-16,4,3,3501226,3,1,19.0,103,true
2026-08-16,4,3,3501226,4,1,15.0,82,true
2026-08-16,4,3,3501226,5,1,12.0,65,true
2026-08-16,4,3,3501226,6,1,15.0,82,true
2026-08-16,4,3,3501226,7,1,18.0,98,true
2026-08-16,4,3,3501226,8,1,12.0,65,true
2026-08-16,4,3,3501226,9,1,15.0,82,true
2026-08-16,4,3,3501226,10,1,14.0,76,true
2026-08-16,4,3,3501226,11,1,10.0,55,true
2026-08-16,4,3,3501226,12,1,12.0,65,true
2026-08-16,4,3,3501226,13,1,11.0,60,true
2026-08-17,1,2,3500005,1,1,20.0,113,true
2026-08-17,1,2,3500005,2,1,17.0,97,true
2026-08-17,1,2,3500005,3,1,16.0,91,true
2026-08-17,1,2,3500005,4,1,11.0,63,true
2026-08-17,1,2,3500005,5,1,9.0,51,true
2026-08-17,1,2,3500005,6,1,19.0,108,true
2026-08-17,1,2,3500005,7,1,18.0,102,true
2026-08-17,1,2,3500005,8,1,16.0,91,true
2026-08-17,1,2,3500005,9,1,14.0,80,true
2026-08-17,1,2,3500005,10,1,13.0,74,true
2026-08-17,1,2,3500005,11,1,15.0,85,true
2026-08-17,1,2,3500005,12,1,19.0,108,true
2026-08-17,1,2,3500005,13,1,18.0,102,true
2026-08-17,2,2,3500162,1,1,10.0,48,true
2026-08-17,2,2,3500162,2,1,7.0,34,true
2026-08-17,2,2,3500162,3,1,6.0,29,true
2026-08-17,2,2,3500162,4,1,8.0,39,true
2026-08-17,2,2,3500162,5,1,10.0,48,true
2026-08-17,2,2,3500162,6,1,13.0,62,true
2026-08-17,2,2,3500162,7,1,5.0,24,true
2026-08-17,2,2,3500162,8,1,7.0,34,true
2026-08-17,2,2,3500162,9,1,8.0,39,true
2026-08-17,2,2,3500162,10,1,9.0,43,true
2026-08-17,2,2,3500162,11,1,10.0,48,true
2026-08-17,2,2,3500162,12,1,8.0,39,true
2026-08-17,2,2,3500162,13,1,13.0,62,true
2026-08-17,4,2,3501226,1,1,22.0,119,true
2026-08-17,4,2,3501226,2,1,19.0,103,true
2026-08-17,4,2,3501226,3,1,20.0,109,true
2026-08-17,4,2,3501226,4,1,17.0,92,true
2026-08-17,4,2,3501226,5,1,10.0,55,true
2026-08-17,4,2,3501226,6,1,27.0,146,true
2026-08-17,4,2,3501226,7,1,16.0,87,true
2026-08-17,4,2,3501226,8,1,14.0,76,true
2026-08-17,4,2,3501226,9,1,15.0,82,true
2026-08-17,4,2,3501226,10,1,11.0,60,true
2026-08-17,4,2,3501226,11,1,12.0,65,true
2026-08-17,4,2,3501226,12,1,8.0,44,true
2026-08-17,4,2,3501226,13,1,33.0,179,true
2026-08-18,1,3,3500005,1,1,12.0,68,true
2026-08-18,1,3,3500005,2,1,14.0,80,true
2026-08-18,1,3,3500005,3,1,10.0,57,true
2026-08-18,1,3,3500005,4,1,20.0,113,true
2026-08-18,1,3,3500005,5,1,17.0,97,true
2026-08-18,1,3,3500005,6,1,21.0,119,true
2026-08-18,1,3,3500005,7,1,13.0,74,true
2026-08-18,1,3,3500005,8,1,12.0,68,true
2026-08-18,1,3,3500005,9,1,11.0,63,true
2026-08-18,1,3,3500005,10,1,20.0,113,true
2026-08-18,1,3,3500005,11,1,21.0,119,true
2026-08-18,1,3,3500005,12,1,10.0,57,true
2026-08-18,1,3,3500005,13,1,20.0,113,true
2026-08-18,2,3,3500162,1,1,24.0,115,true
2026-08-18,2,3,3500162,2,1,17.0,81,true
2026-08-18,2,3,3500162,3,1,20.0,96,true
2026-08-18,2,3,3500162,4,1,14.0,67,true
2026-08-18,2,3,3500162,5,1,21.0,100,true
2026-08-18,2,3,3500162,6,1,21.0,100,true
2026-08-18,2,3,3500162,7,1,20.0,96,true
2026-08-18,2,3,3500162,8,1,13.0,62,true
2026-08-18,2,3,3500162,9,1,19.0,91,true
2026-08-18,2,3,3500162,10,1,24.0,115,true
2026-08-18,2,3,3500162,11,1,10.0,48,true
2026-08-18,2,3,3500162,12,1,12.0,58,true
2026-08-18,2,3,3500162,13,1,21.0,100,true
2026-08-18,4,3,3501226,1,1,20.0,109,true
2026-08-18,4,3,3501226,2,1,24.0,130,true
2026-08-18,4,3,3501226,3,1,17.0,92,true
2026-08-18,4,3,3501226,4,1,14.0,76,true
2026-08-18,4,3,3501226,5,1,10.0,55,true
2026-08-18,4,3,3501226,6,1,22.0,119,true
2026-08-18,4,3,3501226,7,1,30.0,163,true
2026-08-18,4,3,3501226,8,1,19.0,103,true
2026-08-18,4,3,3501226,9,1,21.0,114,true
2026-08-18,4,3,3501226,10,1,15.0,82,true
2026-08-18,4,3,3501226,11,1,17.0,92,true
2026-08-18,4,3,3501226,12,1,10.0,55,true
2026-08-18,4,3,3501226,13,1,26.0,141,true
2026-08-16,1,1,3500005,1,1,18.0,102,true
2026-08-16,1,1,3500005,2,1,16.0,91,true
2026-08-16,1,1,3500005,3,1,12.0,68,true
2026-08-16,1,1,3500005,4,1,13.0,74,true
2026-08-16,1,1,3500005,5,1,20.0,113,true
2026-08-16,1,1,3500005,6,1,23.0,130,true
2026-08-16,1,1,3500005,7,1,15.0,85,true
2026-08-16,1,1,3500005,8,1,20.0,113,true
2026-08-16,1,1,3500005,9,1,22.0,125,true
2026-08-16,1,1,3500005,10,1,18.0,102,true
2026-08-16,1,1,3500005,11,1,16.0,91,true
2026-08-16,1,1,3500005,12,1,19.0,108,true
2026-08-16,1,1,3500005,13,1,33.0,187,true
2026-08-16,2,1,3500162,1,1,22.0,105,true
2026-08-16,2,1,3500162,2,1,20.0,96,true
2026-08-16,2,1,3500162,3,1,26.0,124,true
2026-08-16,2,1,3500162,4,1,28.0,134,true
2026-08-16,2,1,3500162,5,1,23.0,110,true
2026-08-16,2,1,3500162,6,1,33.0,158,true
2026-08-16,2,1,3500162,7,1,11.0,53,true
2026-08-16,2,1,3500162,8,1,21.0,100,true
2026-08-16,2,1,3500162,9,1,23.0,110,true
2026-08-16,2,1,3500162,10,1,20.0,96,true
2026-08-16,2,1,3500162,11,1,19.0,91,true
2026-08-16,2,1,3500162,12,1,16.0,77,true
2026-08-16,2,1,3500162,13,1,34.0,162,true
2026-08-16,4,1,3501226,1,1,22.0,119,true
2026-08-16,4,1,3501226,2,1,25.0,136,true
2026-08-16,4,1,3501226,3,1,21.0,114,true
2026-08-16,4,1,3501226,4,1,20.0,109,true
2026-08-16,4,1,3501226,5,1,18.0,98,true
2026-08-16,4,1,3501226,6,1,26.0,141,true
2026-08-16,4,1,3501226,7,1,14.0,76,true
2026-08-16,4,1,3501226,8,1,20.0,109,true
2026-08-16,4,1,3501226,9,1,21.0,114,true
2026-08-16,4,1,3501226,10,1,23.0,125,true
2026-08-16,4,1,3501226,11,1,20.0,109,true
2026-08-16,4,1,3501226,12,1,21.0,114,true
2026-08-16,4,1,3501226,13,1,35.0,190,true
2026-08-18,1,1,3500005,1,1,15.0,85,true
2026-08-18,1,1,3500005,2,1,12.0,68,true
2026-08-18,1,1,3500005,3,1,18.0,102,true
2026-08-18,1,1,3500005,4,1,16.0,91,true
2026-08-18,1,1,3500005,5,1,20.0,113,true
2026-08-18,1,1,3500005,6,1,23.0,130,true
2026-08-18,1,1,3500005,7,1,12.0,68,true
2026-08-18,1,1,3500005,8,1,20.0,113,true
2026-08-18,1,1,3500005,9,1,18.0,102,true
2026-08-18,1,1,3500005,10,1,22.0,125,true
2026-08-18,1,1,3500005,11,1,23.0,130,true
2026-08-18,1,1,3500005,12,1,18.0,102,true
2026-08-18,1,1,3500005,13,1,31.0,176,true
2026-08-18,2,1,3501430,1,1,22.0,69,true
2026-08-18,2,1,3501430,2,1,25.0,78,true
2026-08-18,2,1,3501430,3,1,26.0,82,true
2026-08-18,2,1,3501430,4,1,22.0,69,true
2026-08-18,2,1,3501430,5,1,20.0,63,true
2026-08-18,2,1,3501430,6,1,32.0,100,true
2026-08-18,2,1,3501430,7,1,12.0,38,true
2026-08-18,2,1,3501430,8,1,18.0,57,true
2026-08-18,2,1,3501430,9,1,20.0,63,true
2026-08-18,2,1,3501430,10,1,22.0,69,true
2026-08-18,2,1,3501430,11,1,23.0,72,true
2026-08-18,2,1,3501430,12,1,20.0,63,true
2026-08-18,2,1,3501430,13,1,32.0,100,true
2026-08-18,4,1,3501226,1,1,22.0,119,true
2026-08-18,4,1,3501226,2,1,20.0,109,true
2026-08-18,4,1,3501226,3,1,24.0,130,true
2026-08-18,4,1,3501226,4,1,25.0,136,true
2026-08-18,4,1,3501226,5,1,19.0,103,true
2026-08-18,4,1,3501226,6,1,28.0,152,true
2026-08-18,4,1,3501226,7,1,10.0,55,true
2026-08-18,4,1,3501226,8,1,18.0,98,true
2026-08-18,4,1,3501226,9,1,20.0,109,true
2026-08-18,4,1,3501226,10,1,25.0,136,true
2026-08-18,4,1,3501226,11,1,23.0,125,true
2026-08-18,4,1,3501226,12,1,20.0,109,true
2026-08-18,4,1,3501226,13,1,34.0,184,true
2026-08-18,1,2,3500005,1,1,15.0,85,true
2026-08-18,1,2,3500005,2,1,10.0,57,true
2026-08-18,1,2,3500005,3,1,16.0,91,true
2026-08-18,1,2,3500005,4,1,9.0,51,true
2026-08-18,1,2,3500005,5,1,12.0,68,true
2026-08-18,1,2,3500005,6,1,25.0,142,true
2026-08-18,1,2,3500005,7,1,20.0,113,true
2026-08-18,1,2,3500005,8,1,18.0,102,true
2026-08-18,1,2,3500005,9,1,14.0,80,true
2026-08-18,1,2,3500005,10,1,11.0,63,true
2026-08-18,1,2,3500005,11,1,7.0,40,true
2026-08-18,1,2,3500005,12,1,13.0,74,true
2026-08-18,1,2,3500005,13,1,30.0,170,true
2026-08-18,2,2,3501430,1,1,10.0,32,true
2026-08-18,2,2,3501430,2,1,16.0,50,true
2026-08-18,2,2,3501430,3,1,18.0,57,true
2026-08-18,2,2,3501430,4,1,8.0,25,true
2026-08-18,2,2,3501430,5,1,20.0,63,true
2026-08-18,2,2,3501430,6,1,24.0,75,true
2026-08-18,2,2,3501430,7,1,15.0,47,true
2026-08-18,2,2,3501430,8,1,17.0,53,true
2026-08-18,2,2,3501430,9,1,19.0,60,true
2026-08-18,2,2,3501430,10,1,7.0,22,true
2026-08-18,2,2,3501430,11,1,12.0,38,true
2026-08-18,2,2,3501430,12,1,9.0,29,true
2026-08-18,2,2,3501430,13,1,24.0,75,true
2026-08-18,4,2,3501226,1,1,20.0,109,true
2026-08-18,4,2,3501226,2,1,18.0,98,true
2026-08-18,4,2,3501226,3,1,7.0,38,true
2026-08-18,4,2,3501226,4,1,16.0,87,true
2026-08-18,4,2,3501226,5,1,13.0,71,true
2026-08-18,4,2,3501226,6,1,19.0,103,true
2026-08-18,4,2,3501226,7,1,11.0,60,true
2026-08-18,4,2,3501226,8,1,12.0,65,true
2026-08-18,4,2,3501226,9,1,17.0,92,true
2026-08-18,4,2,3501226,10,1,19.0,103,true
2026-08-18,4,2,3501226,11,1,11.0,60,true
2026-08-18,4,2,3501226,12,1,15.0,82,true
2026-08-18,4,2,3501226,13,1,20.0,109,true
2026-08-19,1,3,3500005,1,1,12.0,68,true
2026-08-19,1,3,3500005,2,1,13.0,74,true
2026-08-19,1,3,3500005,3,1,22.0,125,true
2026-08-19,1,3,3500005,4,1,17.0,97,true
2026-08-19,1,3,3500005,5,1,16.0,91,true
2026-08-19,1,3,3500005,6,1,22.0,125,true
2026-08-19,1,3,3500005,7,1,17.0,97,true
2026-08-19,1,3,3500005,8,1,13.0,74,true
2026-08-19,1,3,3500005,9,1,20.0,113,true
2026-08-19,1,3,3500005,10,1,12.0,68,true
2026-08-19,1,3,3500005,11,1,22.0,125,true
2026-08-19,1,3,3500005,12,1,10.0,57,true
2026-08-19,1,3,3500005,13,1,17.0,97,true
2026-08-19,2,3,3501430,1,1,17.0,53,true
2026-08-19,2,3,3501430,2,1,20.0,63,true
2026-08-19,2,3,3501430,3,1,27.0,85,true
2026-08-19,2,3,3501430,4,1,15.0,47,true
2026-08-19,2,3,3501430,5,1,10.0,32,true
2026-08-19,2,3,3501430,6,1,20.0,63,true
2026-08-19,2,3,3501430,7,1,23.0,72,true
2026-08-19,2,3,3501430,8,1,14.0,44,true
2026-08-19,2,3,3501430,9,1,16.0,50,true
2026-08-19,2,3,3501430,10,1,22.0,69,true
2026-08-19,2,3,3501430,11,1,17.0,53,true
2026-08-19,2,3,3501430,12,1,10.0,32,true
2026-08-19,2,3,3501430,13,1,22.0,69,true
2026-08-19,4,3,3501226,1,1,24.0,130,true
2026-08-19,4,3,3501226,2,1,19.0,103,true
2026-08-19,4,3,3501226,3,1,20.0,109,true
2026-08-19,4,3,3501226,4,1,17.0,92,true
2026-08-19,4,3,3501226,5,1,15.0,82,true
2026-08-19,4,3,3501226,6,1,22.0,119,true
2026-08-19,4,3,3501226,7,1,20.0,109,true
2026-08-19,4,3,3501226,8,1,12.0,65,true
2026-08-19,4,3,3501226,9,1,17.0,92,true
2026-08-19,4,3,3501226,10,1,10.0,55,true
2026-08-19,4,3,3501226,11,1,11.0,60,true
2026-08-19,4,3,3501226,12,1,20.0,109,true
2026-08-19,4,3,3501226,13,1,22.0,119,true
2026-08-19,1,1,3500005,1,1,12.0,68,true
2026-08-19,1,1,3500005,2,1,10.0,57,true
2026-08-19,1,1,3500005,3,1,11.0,63,true
2026-08-19,1,1,3500005,4,1,12.0,68,true
2026-08-19,1,1,3500005,5,1,10.0,57,true
2026-08-19,1,1,3500005,6,1,17.0,97,true
2026-08-19,1,1,3500005,7,1,10.0,57,true
2026-08-19,1,1,3500005,8,1,13.0,74,true
2026-08-19,1,1,3500005,9,1,12.0,68,true
2026-08-19,1,1,3500005,10,1,11.0,63,true
2026-08-19,1,1,3500005,11,1,13.0,74,true
2026-08-19,1,1,3500005,12,1,11.0,63,true
2026-08-19,1,1,3500005,13,1,10.0,57,true
2026-08-19,2,1,3501430,1,1,13.0,41,true
2026-08-19,2,1,3501430,2,1,15.0,47,true
2026-08-19,2,1,3501430,3,1,13.0,41,true
2026-08-19,2,1,3501430,4,1,14.0,44,true
2026-08-19,2,1,3501430,5,1,12.0,38,true
2026-08-19,2,1,3501430,6,1,21.0,66,true
2026-08-19,2,1,3501430,7,1,10.0,32,true
2026-08-19,2,1,3501430,8,1,13.0,41,true
2026-08-19,2,1,3501430,9,1,12.0,38,true
2026-08-19,2,1,3501430,10,1,11.0,35,true
2026-08-19,2,1,3501430,11,1,15.0,47,true
2026-08-19,2,1,3501430,12,1,10.0,32,true
2026-08-19,2,1,3501430,13,1,11.0,35,true
2026-08-19,4,1,3500162,1,1,13.0,62,true
2026-08-19,4,1,3500162,2,1,18.0,86,true
2026-08-19,4,1,3500162,3,1,16.0,77,true
2026-08-19,4,1,3500162,4,1,20.0,96,true
2026-08-19,4,1,3500162,5,1,25.0,120,true
2026-08-19,4,1,3500162,6,1,42.0,200,true
2026-08-19,4,1,3500162,7,1,25.0,120,true
2026-08-19,4,1,3500162,8,1,20.0,96,true
2026-08-19,4,1,3500162,9,1,15.0,72,true
2026-08-19,4,1,3500162,10,1,18.0,86,true
2026-08-19,4,1,3500162,11,1,20.0,96,true
2026-08-19,4,1,3500162,12,1,35.0,167,true
2026-08-19,4,1,3500162,13,1,18.0,86,true
2026-08-19,6,1,3500888,1,1,12.0,20,true
2026-08-19,6,1,3500888,2,1,13.0,21,true
2026-08-19,6,1,3500888,3,1,11.0,18,true
2026-08-19,6,1,3500888,4,1,15.0,25,true
2026-08-19,6,1,3500888,5,1,12.0,20,true
2026-08-19,6,1,3500888,6,1,25.0,41,true
2026-08-19,6,1,3500888,7,1,12.0,20,true
2026-08-19,6,1,3500888,8,1,13.0,21,true
2026-08-19,6,1,3500888,9,1,16.0,26,true
2026-08-19,6,1,3500888,10,1,10.0,17,true
2026-08-19,6,1,3500888,11,1,11.0,18,true
2026-08-19,6,1,3500888,12,1,11.0,18,true
2026-08-19,6,1,3500888,13,1,12.0,20,true
2026-08-19,1,2,3500005,1,1,19.0,108,true
2026-08-19,1,2,3500005,2,1,20.0,113,true
2026-08-19,1,2,3500005,3,1,18.0,102,true
2026-08-19,1,2,3500005,4,1,16.0,91,true
2026-08-19,1,2,3500005,5,1,13.0,74,true
2026-08-19,1,2,3500005,6,1,23.0,130,true
2026-08-19,1,2,3500005,7,1,21.0,119,true
2026-08-19,1,2,3500005,8,1,21.0,119,true
2026-08-19,1,2,3500005,9,1,20.0,113,true
2026-08-19,1,2,3500005,10,1,19.0,108,true
2026-08-19,1,2,3500005,11,1,16.0,91,true
2026-08-19,1,2,3500005,12,1,19.0,108,true
2026-08-19,1,2,3500005,13,1,31.0,176,true
2026-08-19,2,2,3501430,1,1,23.0,72,true
2026-08-19,2,2,3501430,2,1,20.0,63,true
2026-08-19,2,2,3501430,3,1,22.0,69,true
2026-08-19,2,2,3501430,4,1,19.0,60,true
2026-08-19,2,2,3501430,5,1,21.0,66,true
2026-08-19,2,2,3501430,6,1,30.0,94,true
2026-08-19,2,2,3501430,7,1,12.0,38,true
2026-08-19,2,2,3501430,8,1,16.0,50,true
2026-08-19,2,2,3501430,9,1,20.0,63,true
2026-08-19,2,2,3501430,10,1,21.0,66,true
2026-08-19,2,2,3501430,11,1,22.0,69,true
2026-08-19,2,2,3501430,12,1,19.0,60,true
2026-08-19,2,2,3501430,13,1,33.0,103,true
2026-08-19,4,2,3500162,1,1,22.0,105,true
2026-08-19,4,2,3500162,2,1,20.0,96,true
2026-08-19,4,2,3500162,3,1,25.0,120,true
2026-08-19,4,2,3500162,4,1,22.0,105,true
2026-08-19,4,2,3500162,5,1,21.0,100,true
2026-08-19,4,2,3500162,6,1,24.0,115,true
2026-08-19,4,2,3500162,7,1,12.0,58,true
2026-08-19,4,2,3500162,8,1,16.0,77,true
2026-08-19,4,2,3500162,9,1,20.0,96,true
2026-08-19,4,2,3500162,10,1,25.0,120,true
2026-08-19,4,2,3500162,11,1,22.0,105,true
2026-08-19,4,2,3500162,12,1,20.0,96,true
2026-08-19,4,2,3500162,13,1,30.0,143,true
2026-08-19,6,2,3500888,1,1,22.0,36,true
2026-08-19,6,2,3500888,2,1,21.0,34,true
2026-08-19,6,2,3500888,3,1,19.0,31,true
2026-08-19,6,2,3500888,4,1,16.0,26,true
2026-08-19,6,2,3500888,5,1,20.0,33,true
2026-08-19,6,2,3500888,6,1,23.0,38,true
2026-08-19,6,2,3500888,7,1,13.0,21,true
2026-08-19,6,2,3500888,8,1,16.0,26,true
2026-08-19,6,2,3500888,9,1,20.0,33,true
2026-08-19,6,2,3500888,10,1,22.0,36,true
2026-08-19,6,2,3500888,11,1,20.0,33,true
2026-08-19,6,2,3500888,12,1,19.0,31,true
2026-08-19,6,2,3500888,13,1,34.0,55,true
2026-08-20,1,3,3500005,1,1,13.0,74,true
2026-08-20,1,3,3500005,2,1,19.0,108,true
2026-08-20,1,3,3500005,3,1,15.0,85,true
2026-08-20,1,3,3500005,4,1,10.0,57,true
2026-08-20,1,3,3500005,5,1,12.0,68,true
2026-08-20,1,3,3500005,6,1,21.0,119,true
2026-08-20,1,3,3500005,7,1,24.0,136,true
2026-08-20,1,3,3500005,8,1,10.0,57,true
2026-08-20,1,3,3500005,9,1,13.0,74,true
2026-08-20,1,3,3500005,10,1,17.0,97,true
2026-08-20,1,3,3500005,11,1,10.0,57,true
2026-08-20,1,3,3500005,12,1,11.0,63,true
2026-08-20,1,3,3500005,13,1,19.0,108,true
2026-08-20,2,3,3501430,1,1,20.0,63,true
2026-08-20,2,3,3501430,2,1,19.0,60,true
2026-08-20,2,3,3501430,3,1,12.0,38,true
2026-08-20,2,3,3501430,4,1,14.0,44,true
2026-08-20,2,3,3501430,5,1,24.0,75,true
2026-08-20,2,3,3501430,6,1,20.0,63,true
2026-08-20,2,3,3501430,7,1,24.0,75,true
2026-08-20,2,3,3501430,8,1,23.0,72,true
2026-08-20,2,3,3501430,9,1,10.0,32,true
2026-08-20,2,3,3501430,10,1,17.0,53,true
2026-08-20,2,3,3501430,11,1,15.0,47,true
2026-08-20,2,3,3501430,12,1,10.0,32,true
2026-08-20,2,3,3501430,13,1,20.0,63,true
2026-08-20,4,3,3500162,1,1,24.0,115,true
2026-08-20,4,3,3500162,2,1,27.0,129,true
2026-08-20,4,3,3500162,3,1,19.0,91,true
2026-08-20,4,3,3500162,4,1,17.0,81,true
2026-08-20,4,3,3500162,5,1,10.0,48,true
2026-08-20,4,3,3500162,6,1,21.0,100,true
2026-08-20,4,3,3500162,7,1,20.0,96,true
2026-08-20,4,3,3500162,8,1,23.0,110,true
2026-08-20,4,3,3500162,9,1,15.0,72,true
2026-08-20,4,3,3500162,10,1,10.0,48,true
2026-08-20,4,3,3500162,11,1,12.0,58,true
2026-08-20,4,3,3500162,12,1,10.0,48,true
2026-08-20,4,3,3500162,13,1,30.0,143,true
2026-08-20,6,3,3500888,1,1,24.0,39,true
2026-08-20,6,3,3500888,2,1,17.0,28,true
2026-08-20,6,3,3500888,3,1,20.0,33,true
2026-08-20,6,3,3500888,4,1,25.0,41,true
2026-08-20,6,3,3500888,5,1,10.0,17,true
2026-08-20,6,3,3500888,6,1,22.0,36,true
2026-08-20,6,3,3500888,7,1,20.0,33,true
2026-08-20,6,3,3500888,8,1,23.0,38,true
2026-08-20,6,3,3500888,9,1,17.0,28,true
2026-08-20,6,3,3500888,10,1,15.0,25,true
2026-08-20,6,3,3500888,11,1,10.0,17,true
2026-08-20,6,3,3500888,12,1,12.0,20,true
2026-08-20,6,3,3500888,13,1,31.0,50,true
2026-08-20,1,1,3500005,1,1,19.0,108,true
2026-08-20,1,1,3500005,2,1,20.0,113,true
2026-08-20,1,1,3500005,3,1,18.0,102,true
2026-08-20,1,1,3500005,4,1,21.0,119,true
2026-08-20,1,1,3500005,5,1,20.0,113,true
2026-08-20,1,1,3500005,6,1,28.0,159,true
2026-08-20,1,1,3500005,7,1,11.0,63,true
2026-08-20,1,1,3500005,8,1,12.0,68,true
2026-08-20,1,1,3500005,9,1,20.0,113,true
2026-08-20,1,1,3500005,10,1,26.0,147,true
2026-08-20,1,1,3500005,11,1,22.0,125,true
2026-08-20,1,1,3500005,12,1,20.0,113,true
2026-08-20,1,1,3500005,13,1,29.0,164,true
2026-08-20,2,1,3501430,1,1,22.0,69,true
2026-08-20,2,1,3501430,2,1,21.0,66,true
2026-08-20,2,1,3501430,3,1,20.0,63,true
2026-08-20,2,1,3501430,4,1,19.0,60,true
2026-08-20,2,1,3501430,5,1,20.0,63,true
2026-08-20,2,1,3501430,6,1,28.0,88,true
2026-08-20,2,1,3501430,7,1,13.0,41,true
2026-08-20,2,1,3501430,8,1,16.0,50,true
2026-08-20,2,1,3501430,9,1,20.0,63,true
2026-08-20,2,1,3501430,10,1,22.0,69,true
2026-08-20,2,1,3501430,11,1,23.0,72,true
2026-08-20,2,1,3501430,12,1,20.0,63,true
2026-08-20,2,1,3501430,13,1,37.0,116,true
2026-08-20,4,1,3500162,1,1,22.0,105,true
2026-08-20,4,1,3500162,2,1,19.0,91,true
2026-08-20,4,1,3500162,3,1,20.0,96,true
2026-08-20,4,1,3500162,4,1,18.0,86,true
2026-08-20,4,1,3500162,5,1,21.0,100,true
2026-08-20,4,1,3500162,6,1,28.0,134,true
2026-08-20,4,1,3500162,7,1,11.0,53,true
2026-08-20,4,1,3500162,8,1,16.0,77,true
2026-08-20,4,1,3500162,9,1,20.0,96,true
2026-08-20,4,1,3500162,10,1,25.0,120,true
2026-08-20,4,1,3500162,11,1,21.0,100,true
2026-08-20,4,1,3500162,12,1,20.0,96,true
2026-08-20,4,1,3500162,13,1,33.0,158,true
2026-08-21,1,3,3500005,1,1,13.0,74,true
2026-08-21,1,3,3500005,2,1,11.0,63,true
2026-08-21,1,3,3500005,3,1,12.0,68,true
2026-08-21,1,3,3500005,4,1,20.0,113,true
2026-08-21,1,3,3500005,5,1,12.0,68,true
2026-08-21,1,3,3500005,6,1,21.0,119,true
2026-08-21,1,3,3500005,7,1,14.0,80,true
2026-08-21,1,3,3500005,8,1,9.0,51,true
2026-08-21,1,3,3500005,9,1,12.0,68,true
2026-08-21,1,3,3500005,10,1,10.0,57,true
2026-08-21,1,3,3500005,11,1,13.0,74,true
2026-08-21,1,3,3500005,12,1,10.0,57,true
2026-08-21,1,3,3500005,13,1,21.0,119,true
2026-08-21,2,3,3501430,1,1,35.0,110,true
2026-08-21,2,3,3501430,2,1,24.0,75,true
2026-08-21,2,3,3501430,3,1,33.0,103,true
2026-08-21,2,3,3501430,4,1,15.0,47,true
2026-08-21,2,3,3501430,5,1,20.0,63,true
2026-08-21,2,3,3501430,6,1,27.0,85,true
2026-08-21,2,3,3501430,7,1,17.0,53,true
2026-08-21,2,3,3501430,8,1,22.0,69,true
2026-08-21,2,3,3501430,9,1,13.0,41,true
2026-08-21,2,3,3501430,10,1,10.0,32,true
2026-08-21,2,3,3501430,11,1,11.0,35,true
2026-08-21,2,3,3501430,12,1,10.0,32,true
2026-08-21,2,3,3501430,13,1,16.0,50,true
2026-08-21,4,3,3500162,1,1,40.0,191,true
2026-08-21,4,3,3500162,2,1,20.0,96,true
2026-08-21,4,3,3500162,3,1,17.0,81,true
2026-08-21,4,3,3500162,4,1,23.0,110,true
2026-08-21,4,3,3500162,5,1,19.0,91,true
2026-08-21,4,3,3500162,6,1,21.0,100,true
2026-08-21,4,3,3500162,7,1,20.0,96,true
2026-08-21,4,3,3500162,8,1,13.0,62,true
2026-08-21,4,3,3500162,9,1,15.0,72,true
2026-08-21,4,3,3500162,10,1,10.0,48,true
2026-08-21,4,3,3500162,11,1,12.0,58,true
2026-08-21,4,3,3500162,12,1,22.0,105,true
2026-08-21,4,3,3500162,13,1,21.0,100,true
2026-08-21,1,1,3500005,1,1,19.0,108,true
2026-08-21,1,1,3500005,2,1,20.0,113,true
2026-08-21,1,1,3500005,3,1,16.0,91,true
2026-08-21,1,1,3500005,4,1,21.0,119,true
2026-08-21,1,1,3500005,5,1,12.0,68,true
2026-08-21,1,1,3500005,6,1,30.0,170,true
2026-08-21,1,1,3500005,7,1,11.0,63,true
2026-08-21,1,1,3500005,8,1,20.0,113,true
2026-08-21,1,1,3500005,9,1,19.0,108,true
2026-08-21,1,1,3500005,10,1,18.0,102,true
2026-08-21,1,1,3500005,11,1,21.0,119,true
2026-08-21,1,1,3500005,12,1,22.0,125,true
2026-08-21,1,1,3500005,13,1,34.0,193,true
2026-08-21,2,1,3501430,1,1,22.0,69,true
2026-08-21,2,1,3501430,2,1,21.0,66,true
2026-08-21,2,1,3501430,3,1,19.0,60,true
2026-08-21,2,1,3501430,4,1,16.0,50,true
2026-08-21,2,1,3501430,5,1,18.0,57,true
2026-08-21,2,1,3501430,6,1,32.0,100,true
2026-08-21,2,1,3501430,7,1,19.0,60,true
2026-08-21,2,1,3501430,8,1,20.0,63,true
2026-08-21,2,1,3501430,9,1,22.0,69,true
2026-08-21,2,1,3501430,10,1,21.0,66,true
2026-08-21,2,1,3501430,11,1,19.0,60,true
2026-08-21,2,1,3501430,12,1,18.0,57,true
2026-08-21,2,1,3501430,13,1,34.0,106,true
2026-08-21,4,1,3500162,1,1,22.0,105,true
2026-08-21,4,1,3500162,2,1,20.0,96,true
2026-08-21,4,1,3500162,3,1,23.0,110,true
2026-08-21,4,1,3500162,4,1,21.0,100,true
2026-08-21,4,1,3500162,5,1,20.0,96,true
2026-08-21,4,1,3500162,6,1,30.0,143,true
2026-08-21,4,1,3500162,7,1,15.0,72,true
2026-08-21,4,1,3500162,8,1,12.0,58,true
2026-08-21,4,1,3500162,9,1,20.0,96,true
2026-08-21,4,1,3500162,10,1,22.0,105,true
2026-08-21,4,1,3500162,11,1,21.0,100,true
2026-08-21,4,1,3500162,12,1,25.0,120,true
2026-08-21,4,1,3500162,13,1,33.0,158,true
2026-08-21,6,1,3500888,1,1,22.0,36,true
2026-08-21,6,1,3500888,2,1,21.0,34,true
2026-08-21,6,1,3500888,3,1,20.0,33,true
2026-08-21,6,1,3500888,4,1,19.0,31,true
2026-08-21,6,1,3500888,5,1,18.0,30,true
2026-08-21,6,1,3500888,6,1,33.0,54,true
2026-08-21,6,1,3500888,7,1,12.0,20,true
2026-08-21,6,1,3500888,8,1,16.0,26,true
2026-08-21,6,1,3500888,9,1,19.0,31,true
2026-08-21,6,1,3500888,10,1,20.0,33,true
2026-08-21,6,1,3500888,11,1,22.0,36,true
2026-08-21,6,1,3500888,12,1,23.0,38,true
2026-08-21,6,1,3500888,13,1,33.0,54,true
2026-08-21,1,2,3500005,1,1,20.0,113,true
2026-08-21,1,2,3500005,2,1,15.0,85,true
2026-08-21,1,2,3500005,3,1,11.0,63,true
2026-08-21,1,2,3500005,4,1,9.0,51,true
2026-08-21,1,2,3500005,5,1,12.0,68,true
2026-08-21,1,2,3500005,6,1,21.0,119,true
2026-08-21,1,2,3500005,7,1,17.0,97,true
2026-08-21,1,2,3500005,8,1,19.0,108,true
2026-08-21,1,2,3500005,9,1,16.0,91,true
2026-08-21,1,2,3500005,10,1,18.0,102,true
2026-08-21,1,2,3500005,11,1,10.0,57,true
2026-08-21,1,2,3500005,12,1,13.0,74,true
2026-08-21,1,2,3500005,13,1,20.0,113,true
2026-08-21,2,2,3501430,1,1,11.0,35,true
2026-08-21,2,2,3501430,2,1,16.0,50,true
2026-08-21,2,2,3501430,3,1,9.0,29,true
2026-08-21,2,2,3501430,4,1,14.0,44,true
2026-08-21,2,2,3501430,5,1,18.0,57,true
2026-08-21,2,2,3501430,6,1,21.0,66,true
2026-08-21,2,2,3501430,7,1,15.0,47,true
2026-08-21,2,2,3501430,8,1,19.0,60,true
2026-08-21,2,2,3501430,9,1,12.0,38,true
2026-08-21,2,2,3501430,10,1,10.0,32,true
2026-08-21,2,2,3501430,11,1,20.0,63,true
2026-08-21,2,2,3501430,12,1,7.0,22,true
2026-08-21,2,2,3501430,13,1,24.0,75,true
2026-08-21,4,2,3500162,1,1,10.0,48,true
2026-08-21,4,2,3500162,2,1,15.0,72,true
2026-08-21,4,2,3500162,3,1,18.0,86,true
2026-08-21,4,2,3500162,4,1,9.0,43,true
2026-08-21,4,2,3500162,5,1,12.0,58,true
2026-08-21,4,2,3500162,6,1,30.0,143,true
2026-08-21,4,2,3500162,7,1,20.0,96,true
2026-08-21,4,2,3500162,8,1,8.0,39,true
2026-08-21,4,2,3500162,9,1,14.0,67,true
2026-08-21,4,2,3500162,10,1,16.0,77,true
2026-08-21,4,2,3500162,11,1,11.0,53,true
2026-08-21,4,2,3500162,12,1,7.0,34,true
2026-08-21,4,2,3500162,13,1,28.0,134,true
2026-08-21,6,2,3500888,1,1,22.0,36,true
2026-08-21,6,2,3500888,2,1,19.0,31,true
2026-08-21,6,2,3500888,3,1,18.0,30,true
2026-08-21,6,2,3500888,4,1,15.0,25,true
2026-08-21,6,2,3500888,5,1,12.0,20,true
2026-08-21,6,2,3500888,6,1,23.0,38,true
2026-08-21,6,2,3500888,7,1,11.0,18,true
2026-08-21,6,2,3500888,8,1,13.0,21,true
2026-08-21,6,2,3500888,9,1,16.0,26,true
2026-08-21,6,2,3500888,10,1,17.0,28,true
2026-08-21,6,2,3500888,11,1,10.0,17,true
2026-08-21,6,2,3500888,12,1,20.0,33,true
2026-08-21,6,2,3500888,13,1,32.0,52,true
2026-08-22,1,3,3500005,1,1,13.0,74,true
2026-08-22,1,3,3500005,2,1,17.0,97,true
2026-08-22,1,3,3500005,3,1,20.0,113,true
2026-08-22,1,3,3500005,4,1,22.0,125,true
2026-08-22,1,3,3500005,5,1,10.0,57,true
2026-08-22,1,3,3500005,6,1,22.0,125,true
2026-08-22,1,3,3500005,7,1,17.0,97,true
2026-08-22,1,3,3500005,8,1,15.0,85,true
2026-08-22,1,3,3500005,9,1,10.0,57,true
2026-08-22,1,3,3500005,10,1,11.0,63,true
2026-08-22,1,3,3500005,11,1,17.0,97,true
2026-08-22,1,3,3500005,12,1,10.0,57,true
2026-08-22,1,3,3500005,13,1,21.0,119,true
2026-08-22,2,3,3501430,1,1,20.0,63,true
2026-08-22,2,3,3501430,2,1,27.0,85,true
2026-08-22,2,3,3501430,3,1,15.0,47,true
2026-08-22,2,3,3501430,4,1,10.0,32,true
2026-08-22,2,3,3501430,5,1,12.0,38,true
2026-08-22,2,3,3501430,6,1,30.0,94,true
2026-08-22,2,3,3501430,7,1,23.0,72,true
2026-08-22,2,3,3501430,8,1,17.0,53,true
2026-08-22,2,3,3501430,9,1,13.0,41,true
2026-08-22,2,3,3501430,10,1,20.0,63,true
2026-08-22,2,3,3501430,11,1,12.0,38,true
2026-08-22,2,3,3501430,12,1,17.0,53,true
2026-08-22,2,3,3501430,13,1,21.0,66,true
2026-08-22,4,3,3500162,1,1,20.0,96,true
2026-08-22,4,3,3500162,2,1,17.0,81,true
2026-08-22,4,3,3500162,3,1,15.0,72,true
2026-08-22,4,3,3500162,4,1,10.0,48,true
2026-08-22,4,3,3500162,5,1,22.0,105,true
2026-08-22,4,3,3500162,6,1,37.0,177,true
2026-08-22,4,3,3500162,7,1,27.0,129,true
2026-08-22,4,3,3500162,8,1,19.0,91,true
2026-08-22,4,3,3500162,9,1,25.0,120,true
2026-08-22,4,3,3500162,10,1,10.0,48,true
2026-08-22,4,3,3500162,11,1,12.0,58,true
2026-08-22,4,3,3500162,12,1,14.0,67,true
2026-08-22,4,3,3500162,13,1,21.0,100,true
2026-08-22,6,3,3500888,1,1,24.0,39,true
2026-08-22,6,3,3500888,2,1,33.0,54,true
2026-08-22,6,3,3500888,3,1,19.0,31,true
2026-08-22,6,3,3500888,4,1,20.0,33,true
2026-08-22,6,3,3500888,5,1,15.0,25,true
2026-08-22,6,3,3500888,6,1,22.0,36,true
2026-08-22,6,3,3500888,7,1,20.0,33,true
2026-08-22,6,3,3500888,8,1,17.0,28,true
2026-08-22,6,3,3500888,9,1,10.0,17,true
2026-08-22,6,3,3500888,10,1,23.0,38,true
2026-08-22,6,3,3500888,11,1,30.0,49,true
2026-08-22,6,3,3500888,12,1,10.0,17,true
2026-08-22,6,3,3500888,13,1,21.0,34,true
2026-08-22,1,1,3500005,1,1,18.0,102,true
2026-08-22,1,1,3500005,2,1,16.0,91,true
2026-08-22,1,1,3500005,3,1,19.0,108,true
2026-08-22,1,1,3500005,4,1,20.0,113,true
2026-08-22,1,1,3500005,5,1,17.0,97,true
2026-08-22,1,1,3500005,6,1,27.0,153,true
2026-08-22,1,1,3500005,7,1,20.0,113,true
2026-08-22,1,1,3500005,8,1,11.0,63,true
2026-08-22,1,1,3500005,9,1,21.0,119,true
2026-08-22,1,1,3500005,10,1,22.0,125,true
2026-08-22,1,1,3500005,11,1,20.0,113,true
2026-08-22,1,1,3500005,12,1,13.0,74,true
2026-08-22,1,1,3500005,13,1,36.0,204,true
2026-08-22,2,1,3500162,1,1,23.0,110,true
2026-08-22,2,1,3500162,2,1,20.0,96,true
2026-08-22,2,1,3500162,3,1,22.0,105,true
2026-08-22,2,1,3500162,4,1,21.0,100,true
2026-08-22,2,1,3500162,5,1,18.0,86,true
2026-08-22,2,1,3500162,6,1,30.0,143,true
2026-08-22,2,1,3500162,7,1,13.0,62,true
2026-08-22,2,1,3500162,8,1,11.0,53,true
2026-08-22,2,1,3500162,9,1,22.0,105,true
2026-08-22,2,1,3500162,10,1,20.0,96,true
2026-08-22,2,1,3500162,11,1,22.0,105,true
2026-08-22,2,1,3500162,12,1,25.0,120,true
2026-08-22,2,1,3500162,13,1,34.0,162,true
2026-08-22,4,1,3500162,1,1,22.0,105,true
2026-08-22,4,1,3500162,2,1,21.0,100,true
2026-08-22,4,1,3500162,3,1,20.0,96,true
2026-08-22,4,1,3500162,4,1,19.0,91,true
2026-08-22,4,1,3500162,5,1,18.0,86,true
2026-08-22,4,1,3500162,6,1,27.0,129,true
2026-08-22,4,1,3500162,7,1,12.0,58,true
2026-08-22,4,1,3500162,8,1,16.0,77,true
2026-08-22,4,1,3500162,9,1,18.0,86,true
2026-08-22,4,1,3500162,10,1,20.0,96,true
2026-08-22,4,1,3500162,11,1,21.0,100,true
2026-08-22,4,1,3500162,12,1,23.0,110,true
2026-08-22,4,1,3500162,13,1,33.0,158,true
2026-08-22,6,1,3500888,1,1,22.0,36,true
2026-08-22,6,1,3500888,2,1,19.0,31,true
2026-08-22,6,1,3500888,3,1,18.0,30,true
2026-08-22,6,1,3500888,4,1,20.0,33,true
2026-08-22,6,1,3500888,5,1,16.0,26,true
2026-08-22,6,1,3500888,6,1,32.0,52,true
2026-08-22,6,1,3500888,7,1,20.0,33,true
2026-08-22,6,1,3500888,8,1,10.0,17,true
2026-08-22,6,1,3500888,9,1,18.0,30,true
2026-08-22,6,1,3500888,10,1,21.0,34,true
2026-08-22,6,1,3500888,11,1,22.0,36,true
2026-08-22,6,1,3500888,12,1,23.0,38,true
2026-08-22,6,1,3500888,13,1,41.0,67,true
2026-08-22,1,2,3500005,1,1,11.0,63,true
2026-08-22,1,2,3500005,2,1,19.0,108,true
2026-08-22,1,2,3500005,3,1,14.0,80,true
2026-08-22,1,2,3500005,4,1,12.0,68,true
2026-08-22,1,2,3500005,5,1,10.0,57,true
2026-08-22,1,2,3500005,6,1,22.0,125,true
2026-08-22,1,2,3500005,7,1,12.0,68,true
2026-08-22,1,2,3500005,8,1,10.0,57,true
2026-08-22,1,2,3500005,9,1,7.0,40,true
2026-08-22,1,2,3500005,10,1,11.0,63,true
2026-08-22,1,2,3500005,11,1,10.0,57,true
2026-08-22,1,2,3500005,12,1,14.0,80,true
2026-08-22,1,2,3500005,13,1,16.0,91,true
2026-08-22,2,2,3500162,1,1,20.0,96,true
2026-08-22,2,2,3500162,2,1,14.0,67,true
2026-08-22,2,2,3500162,3,1,16.0,77,true
2026-08-22,2,2,3500162,4,1,12.0,58,true
2026-08-22,2,2,3500162,5,1,10.0,48,true
2026-08-22,2,2,3500162,6,1,20.0,96,true
2026-08-22,2,2,3500162,7,1,12.0,58,true
2026-08-22,2,2,3500162,8,1,10.0,48,true
2026-08-22,2,2,3500162,9,1,16.0,77,true
2026-08-22,2,2,3500162,10,1,11.0,53,true
2026-08-22,2,2,3500162,11,1,14.0,67,true
2026-08-22,2,2,3500162,12,1,16.0,77,true
2026-08-22,2,2,3500162,13,1,19.0,91,true
2026-08-22,4,2,3500162,1,1,22.0,105,true
2026-08-22,4,2,3500162,2,1,24.0,115,true
2026-08-22,4,2,3500162,3,1,16.0,77,true
2026-08-22,4,2,3500162,4,1,12.0,58,true
2026-08-22,4,2,3500162,5,1,10.0,48,true
2026-08-22,4,2,3500162,6,1,22.0,105,true
2026-08-22,4,2,3500162,7,1,10.0,48,true
2026-08-22,4,2,3500162,8,1,11.0,53,true
2026-08-22,4,2,3500162,9,1,16.0,77,true
2026-08-22,4,2,3500162,10,1,10.0,48,true
2026-08-22,4,2,3500162,11,1,12.0,58,true
2026-08-22,4,2,3500162,12,1,14.0,67,true
2026-08-22,4,2,3500162,13,1,17.0,81,true
2026-08-22,6,2,3500888,1,1,14.0,23,true
2026-08-22,6,2,3500888,2,1,16.0,26,true
2026-08-22,6,2,3500888,3,1,12.0,20,true
2026-08-22,6,2,3500888,4,1,12.0,20,true
2026-08-22,6,2,3500888,5,1,10.0,17,true
2026-08-22,6,2,3500888,6,1,17.0,28,true
2026-08-22,6,2,3500888,7,1,12.0,20,true
2026-08-22,6,2,3500888,8,1,9.0,15,true
2026-08-22,6,2,3500888,9,1,6.0,10,true
2026-08-22,6,2,3500888,10,1,8.0,13,true
2026-08-22,6,2,3500888,11,1,12.0,20,true
2026-08-22,6,2,3500888,12,1,10.0,17,true
2026-08-22,6,2,3500888,13,1,12.0,20,true
2026-08-23,1,1,3500005,1,1,10.0,57,true
2026-08-23,1,1,3500005,2,1,12.0,68,true
2026-08-23,1,1,3500005,3,1,13.0,74,true
2026-08-23,1,1,3500005,4,1,15.0,85,true
2026-08-23,1,1,3500005,5,1,10.0,57,true
2026-08-23,1,1,3500005,6,1,25.0,142,true
2026-08-23,1,1,3500005,7,1,12.0,68,true
2026-08-23,1,1,3500005,8,1,110.0,622,true
2026-08-23,1,1,3500005,9,1,8.0,46,true
2026-08-23,1,1,3500005,10,1,20.0,113,true
2026-08-23,1,1,3500005,11,1,15.0,85,true
2026-08-23,1,1,3500005,12,1,15.0,85,true
2026-08-23,1,1,3500005,13,1,10.0,57,true
2026-08-23,2,1,3500162,1,1,15.0,72,true
2026-08-23,2,1,3500162,2,1,19.0,91,true
2026-08-23,2,1,3500162,3,1,18.0,86,true
2026-08-23,2,1,3500162,4,1,20.0,96,true
2026-08-23,2,1,3500162,5,1,10.0,48,true
2026-08-23,2,1,3500162,6,1,40.0,191,true
2026-08-23,2,1,3500162,7,1,15.0,72,true
2026-08-23,2,1,3500162,8,1,18.0,86,true
2026-08-23,2,1,3500162,9,1,15.0,72,true
2026-08-23,2,1,3500162,10,1,12.0,58,true
2026-08-23,2,1,3500162,11,1,20.0,96,true
2026-08-23,2,1,3500162,12,1,35.0,167,true
2026-08-23,2,1,3500162,13,1,20.0,96,true
2026-08-23,4,1,3500162,1,1,25.0,120,true
2026-08-23,4,1,3500162,2,1,30.0,143,true
2026-08-23,4,1,3500162,3,1,35.0,167,true
2026-08-23,4,1,3500162,4,1,25.0,120,true
2026-08-23,4,1,3500162,5,1,30.0,143,true
2026-08-23,4,1,3500162,6,1,55.0,262,true
2026-08-23,4,1,3500162,7,1,25.0,120,true
2026-08-23,4,1,3500162,8,1,30.0,143,true
2026-08-23,4,1,3500162,9,1,15.0,72,true
2026-08-23,4,1,3500162,10,1,10.0,48,true
2026-08-23,4,1,3500162,11,1,15.0,72,true
2026-08-23,4,1,3500162,12,1,40.0,191,true
2026-08-23,4,1,3500162,13,1,25.0,120,true
2026-08-23,1,2,3500005,1,1,16.0,91,true
2026-08-23,1,2,3500005,2,1,16.0,91,true
2026-08-23,1,2,3500005,3,1,12.0,68,true
2026-08-23,1,2,3500005,4,1,12.0,68,true
2026-08-23,1,2,3500005,5,1,12.0,68,true
2026-08-23,1,2,3500005,6,1,28.0,159,true
2026-08-23,1,2,3500005,7,1,12.0,68,true
2026-08-23,1,2,3500005,8,1,12.0,68,true
2026-08-23,1,2,3500005,9,1,12.0,68,true
2026-08-23,1,2,3500005,10,1,12.0,68,true
2026-08-23,1,2,3500005,11,1,14.0,80,true
2026-08-23,1,2,3500005,12,1,12.0,68,true
2026-08-23,1,2,3500005,13,1,33.0,187,true
2026-08-23,2,2,3500162,1,1,14.0,67,true
2026-08-23,2,2,3500162,2,1,12.0,58,true
2026-08-23,2,2,3500162,3,1,12.0,58,true
2026-08-23,2,2,3500162,4,1,16.0,77,true
2026-08-23,2,2,3500162,5,1,16.0,77,true
2026-08-23,2,2,3500162,6,1,24.0,115,true
2026-08-23,2,2,3500162,7,1,14.0,67,true
2026-08-23,2,2,3500162,8,1,14.0,67,true
2026-08-23,2,2,3500162,9,1,12.0,58,true
2026-08-23,2,2,3500162,10,1,12.0,58,true
2026-08-23,2,2,3500162,11,1,10.0,48,true
2026-08-23,2,2,3500162,12,1,10.0,48,true
2026-08-23,2,2,3500162,13,1,19.0,91,true
2026-08-23,4,2,3500446,1,1,16.0,69,true
2026-08-23,4,2,3500446,2,1,16.0,69,true
2026-08-23,4,2,3500446,3,1,12.0,52,true
2026-08-23,4,2,3500446,4,1,12.0,52,true
2026-08-23,4,2,3500446,5,1,12.0,52,true
2026-08-23,4,2,3500446,6,1,20.0,87,true
2026-08-23,4,2,3500446,7,1,9.0,39,true
2026-08-23,4,2,3500446,8,1,9.0,39,true
2026-08-23,4,2,3500446,9,1,9.0,39,true
2026-08-23,4,2,3500446,10,1,10.0,44,true
2026-08-23,4,2,3500446,11,1,10.0,44,true
2026-08-23,4,2,3500446,12,1,11.0,48,true
2026-08-23,4,2,3500446,13,1,18.0,78,true
2026-08-24,1,3,3500005,1,1,21.0,119,true
2026-08-24,1,3,3500005,2,1,21.0,119,true
2026-08-24,1,3,3500005,3,1,20.0,113,true
2026-08-24,1,3,3500005,4,1,19.0,108,true
2026-08-24,1,3,3500005,5,1,18.0,102,true
2026-08-24,1,3,3500005,6,1,26.0,147,true
2026-08-24,1,3,3500005,7,1,11.0,63,true
2026-08-24,1,3,3500005,8,1,20.0,113,true
2026-08-24,1,3,3500005,9,1,22.0,125,true
2026-08-24,1,3,3500005,10,1,21.0,119,true
2026-08-24,1,3,3500005,11,1,20.0,113,true
2026-08-24,1,3,3500005,12,1,12.0,68,true
2026-08-24,1,3,3500005,13,1,33.0,187,true
2026-08-24,2,3,3500162,1,1,20.0,96,true
2026-08-24,2,3,3500162,2,1,22.0,105,true
2026-08-24,2,3,3500162,3,1,19.0,91,true
2026-08-24,2,3,3500162,4,1,18.0,86,true
2026-08-24,2,3,3500162,5,1,22.0,105,true
2026-08-24,2,3,3500162,6,1,23.0,110,true
2026-08-24,2,3,3500162,7,1,11.0,53,true
2026-08-24,2,3,3500162,8,1,12.0,58,true
2026-08-24,2,3,3500162,9,1,22.0,105,true
2026-08-24,2,3,3500162,10,1,20.0,96,true
2026-08-24,2,3,3500162,11,1,19.0,91,true
2026-08-24,2,3,3500162,12,1,22.0,105,true
2026-08-24,2,3,3500162,13,1,33.0,158,true
2026-08-24,4,3,3500446,1,1,25.0,108,true
2026-08-24,4,3,3500446,2,1,26.0,113,true
2026-08-24,4,3,3500446,3,1,30.0,130,true
2026-08-24,4,3,3500446,4,1,21.0,91,true
2026-08-24,4,3,3500446,5,1,22.0,95,true
2026-08-24,4,3,3500446,6,1,31.0,134,true
2026-08-24,4,3,3500446,7,1,12.0,52,true
2026-08-24,4,3,3500446,8,1,10.0,44,true
2026-08-24,4,3,3500446,9,1,22.0,95,true
2026-08-24,4,3,3500446,10,1,30.0,130,true
2026-08-24,4,3,3500446,11,1,22.0,95,true
2026-08-24,4,3,3500446,12,1,21.0,91,true
2026-08-24,4,3,3500446,13,1,34.0,147,true
2026-08-24,1,1,3500005,1,1,15.0,85,true
2026-08-24,1,1,3500005,2,1,11.0,63,true
2026-08-24,1,1,3500005,3,1,10.0,57,true
2026-08-24,1,1,3500005,4,1,9.0,51,true
2026-08-24,1,1,3500005,5,1,20.0,113,true
2026-08-24,1,1,3500005,6,1,19.0,108,true
2026-08-24,1,1,3500005,7,1,12.0,68,true
2026-08-24,1,1,3500005,8,1,16.0,91,true
2026-08-24,1,1,3500005,9,1,19.0,108,true
2026-08-24,1,1,3500005,10,1,7.0,40,true
2026-08-24,1,1,3500005,11,1,11.0,63,true
2026-08-24,1,1,3500005,12,1,13.0,74,true
2026-08-24,1,1,3500005,13,1,30.0,170,true
2026-08-24,2,1,3500162,1,1,20.0,96,true
2026-08-24,2,1,3500162,2,1,15.0,72,true
2026-08-24,2,1,3500162,3,1,16.0,77,true
2026-08-24,2,1,3500162,4,1,9.0,43,true
2026-08-24,2,1,3500162,5,1,10.0,48,true
2026-08-24,2,1,3500162,6,1,26.0,124,true
2026-08-24,2,1,3500162,7,1,17.0,81,true
2026-08-24,2,1,3500162,8,1,14.0,67,true
2026-08-24,2,1,3500162,9,1,13.0,62,true
2026-08-24,2,1,3500162,10,1,12.0,58,true
2026-08-24,2,1,3500162,11,1,11.0,53,true
2026-08-24,2,1,3500162,12,1,10.0,48,true
2026-08-24,2,1,3500162,13,1,27.0,129,true
2026-08-24,4,1,3500446,1,1,20.0,87,true
2026-08-24,4,1,3500446,2,1,15.0,65,true
2026-08-24,4,1,3500446,3,1,17.0,74,true
2026-08-24,4,1,3500446,4,1,22.0,95,true
2026-08-24,4,1,3500446,5,1,19.0,82,true
2026-08-24,4,1,3500446,6,1,34.0,147,true
2026-08-24,4,1,3500446,7,1,20.0,87,true
2026-08-24,4,1,3500446,8,1,17.0,74,true
2026-08-24,4,1,3500446,9,1,18.0,78,true
2026-08-24,4,1,3500446,10,1,14.0,61,true
2026-08-24,4,1,3500446,11,1,13.0,57,true
2026-08-24,4,1,3500446,12,1,12.0,52,true
2026-08-24,4,1,3500446,13,1,21.0,91,true
2026-08-24,6,1,3500888,1,1,22.0,36,true
2026-08-24,6,1,3500888,2,1,16.0,26,true
2026-08-24,6,1,3500888,3,1,14.0,23,true
2026-08-24,6,1,3500888,4,1,17.0,28,true
2026-08-24,6,1,3500888,5,1,9.0,15,true
2026-08-24,6,1,3500888,6,1,23.0,38,true
2026-08-24,6,1,3500888,7,1,18.0,30,true
2026-08-24,6,1,3500888,8,1,12.0,20,true
2026-08-24,6,1,3500888,9,1,10.0,17,true
2026-08-24,6,1,3500888,10,1,11.0,18,true
2026-08-24,6,1,3500888,11,1,16.0,26,true
2026-08-24,6,1,3500888,12,1,8.0,13,true
2026-08-24,6,1,3500888,13,1,26.0,42,true
2026-08-24,1,2,3500005,1,1,15.0,85,true
2026-08-24,1,2,3500005,2,1,12.0,68,true
2026-08-24,1,2,3500005,3,1,20.0,113,true
2026-08-24,1,2,3500005,4,1,14.0,80,true
2026-08-24,1,2,3500005,5,1,18.0,102,true
2026-08-24,1,2,3500005,6,1,21.0,119,true
2026-08-24,1,2,3500005,7,1,17.0,97,true
2026-08-24,1,2,3500005,8,1,24.0,136,true
2026-08-24,1,2,3500005,9,1,12.0,68,true
2026-08-24,1,2,3500005,10,1,22.0,125,true
2026-08-24,1,2,3500005,11,1,18.0,102,true
2026-08-24,1,2,3500005,12,1,17.0,97,true
2026-08-24,1,2,3500005,13,1,51.0,289,true
2026-08-24,2,2,3500162,1,1,24.0,115,true
2026-08-24,2,2,3500162,2,1,17.0,81,true
2026-08-24,2,2,3500162,3,1,20.0,96,true
2026-08-24,2,2,3500162,4,1,15.0,72,true
2026-08-24,2,2,3500162,5,1,10.0,48,true
2026-08-24,2,2,3500162,6,1,22.0,105,true
2026-08-24,2,2,3500162,7,1,27.0,129,true
2026-08-24,2,2,3500162,8,1,14.0,67,true
2026-08-24,2,2,3500162,9,1,22.0,105,true
2026-08-24,2,2,3500162,10,1,14.0,67,true
2026-08-24,2,2,3500162,11,1,10.0,48,true
2026-08-24,2,2,3500162,12,1,12.0,58,true
2026-08-24,2,2,3500162,13,1,23.0,110,true
2026-08-24,4,2,3500446,1,1,30.0,130,true
2026-08-24,4,2,3500446,2,1,24.0,104,true
2026-08-24,4,2,3500446,3,1,27.0,117,true
2026-08-24,4,2,3500446,4,1,17.0,74,true
2026-08-24,4,2,3500446,5,1,20.0,87,true
2026-08-24,4,2,3500446,6,1,25.0,108,true
2026-08-24,4,2,3500446,7,1,24.0,104,true
2026-08-24,4,2,3500446,8,1,23.0,100,true
2026-08-24,4,2,3500446,9,1,19.0,82,true
2026-08-24,4,2,3500446,10,1,25.0,108,true
2026-08-24,4,2,3500446,11,1,10.0,44,true
2026-08-24,4,2,3500446,12,1,17.0,74,true
2026-08-24,4,2,3500446,13,1,22.0,95,true
2026-08-25,1,3,3500005,1,1,19.0,108,true
2026-08-25,1,3,3500005,2,1,18.0,102,true
2026-08-25,1,3,3500005,3,1,20.0,113,true
2026-08-25,1,3,3500005,4,1,21.0,119,true
2026-08-25,1,3,3500005,5,1,25.0,142,true
2026-08-25,1,3,3500005,6,1,30.0,170,true
2026-08-25,1,3,3500005,7,1,10.0,57,true
2026-08-25,1,3,3500005,8,1,12.0,68,true
2026-08-25,1,3,3500005,9,1,22.0,125,true
2026-08-25,1,3,3500005,10,1,20.0,113,true
2026-08-25,1,3,3500005,11,1,19.0,108,true
2026-08-25,1,3,3500005,12,1,18.0,102,true
2026-08-25,1,3,3500005,13,1,33.0,187,true
2026-08-25,2,3,3500162,1,1,20.0,96,true
2026-08-25,2,3,3500162,2,1,21.0,100,true
2026-08-25,2,3,3500162,3,1,22.0,105,true
2026-08-25,2,3,3500162,4,1,20.0,96,true
2026-08-25,2,3,3500162,5,1,19.0,91,true
2026-08-25,2,3,3500162,6,1,25.0,120,true
2026-08-25,2,3,3500162,7,1,10.0,48,true
2026-08-25,2,3,3500162,8,1,12.0,58,true
2026-08-25,2,3,3500162,9,1,20.0,96,true
2026-08-25,2,3,3500162,10,1,22.0,105,true
2026-08-25,2,3,3500162,11,1,18.0,86,true
2026-08-25,2,3,3500162,12,1,22.0,105,true
2026-08-25,2,3,3500162,13,1,33.0,158,true
2026-08-25,4,3,3500446,1,1,22.0,95,true
2026-08-25,4,3,3500446,2,1,21.0,91,true
2026-08-25,4,3,3500446,3,1,25.0,108,true
2026-08-25,4,3,3500446,4,1,20.0,87,true
2026-08-25,4,3,3500446,5,1,19.0,82,true
2026-08-25,4,3,3500446,6,1,21.0,91,true
2026-08-25,4,3,3500446,7,1,11.0,48,true
2026-08-25,4,3,3500446,8,1,10.0,44,true
2026-08-25,4,3,3500446,9,1,22.0,95,true
2026-08-25,4,3,3500446,10,1,25.0,108,true
2026-08-25,4,3,3500446,11,1,20.0,87,true
2026-08-25,4,3,3500446,12,1,21.0,91,true
2026-08-25,4,3,3500446,13,1,36.0,156,true
2026-08-25,1,1,3500005,1,1,20.0,113,true
2026-08-25,1,1,3500005,2,1,15.0,85,true
2026-08-25,1,1,3500005,3,1,14.0,80,true
2026-08-25,1,1,3500005,4,1,13.0,74,true
2026-08-25,1,1,3500005,5,1,10.0,57,true
2026-08-25,1,1,3500005,6,1,27.0,153,true
2026-08-25,1,1,3500005,7,1,13.0,74,true
2026-08-25,1,1,3500005,8,1,12.0,68,true
2026-08-25,1,1,3500005,9,1,16.0,91,true
2026-08-25,1,1,3500005,10,1,11.0,63,true
2026-08-25,1,1,3500005,11,1,10.0,57,true
2026-08-25,1,1,3500005,12,1,15.0,85,true
2026-08-25,1,1,3500005,13,1,13.0,74,true
2026-08-25,2,1,3500162,1,1,16.0,77,true
2026-08-25,2,1,3500162,2,1,15.0,72,true
2026-08-25,2,1,3500162,3,1,18.0,86,true
2026-08-25,2,1,3500162,4,1,20.0,96,true
2026-08-25,2,1,3500162,5,1,25.0,120,true
2026-08-25,2,1,3500162,6,1,30.0,143,true
2026-08-25,2,1,3500162,7,1,18.0,86,true
2026-08-25,2,1,3500162,8,1,20.0,96,true
2026-08-25,2,1,3500162,9,1,15.0,72,true
2026-08-25,2,1,3500162,10,1,10.0,48,true
2026-08-25,2,1,3500162,11,1,19.0,91,true
2026-08-25,2,1,3500162,12,1,30.0,143,true
2026-08-25,2,1,3500162,13,1,20.0,96,true
2026-08-25,4,1,3500446,1,1,19.0,82,true
2026-08-25,4,1,3500446,2,1,20.0,87,true
2026-08-25,4,1,3500446,3,1,30.0,130,true
2026-08-25,4,1,3500446,4,1,25.0,108,true
2026-08-25,4,1,3500446,5,1,30.0,130,true
2026-08-25,4,1,3500446,6,1,40.0,173,true
2026-08-25,4,1,3500446,7,1,15.0,65,true
2026-08-25,4,1,3500446,8,1,20.0,87,true
2026-08-25,4,1,3500446,9,1,25.0,108,true
2026-08-25,4,1,3500446,10,1,15.0,65,true
2026-08-25,4,1,3500446,11,1,15.0,65,true
2026-08-25,4,1,3500446,12,1,45.0,194,true
2026-08-25,4,1,3500446,13,1,25.0,108,true
2026-08-25,6,1,3500888,1,1,16.0,26,true
2026-08-25,6,1,3500888,2,1,12.0,20,true
2026-08-25,6,1,3500888,3,1,10.0,17,true
2026-08-25,6,1,3500888,4,1,11.0,18,true
2026-08-25,6,1,3500888,5,1,13.0,21,true
2026-08-25,6,1,3500888,6,1,30.0,49,true
2026-08-25,6,1,3500888,7,1,15.0,25,true
2026-08-25,6,1,3500888,8,1,10.0,17,true
2026-08-25,6,1,3500888,9,1,10.0,17,true
2026-08-25,6,1,3500888,10,1,10.0,17,true
2026-08-25,6,1,3500888,11,1,8.0,13,true
2026-08-25,6,1,3500888,12,1,0.0,0,true
2026-08-25,6,1,3500888,13,1,10.0,17,true
2026-08-26,1,1,3500005,1,1,20.0,113,true
2026-08-26,1,1,3500005,2,1,10.0,57,true
2026-08-26,1,1,3500005,3,1,15.0,85,true
2026-08-26,1,1,3500005,4,1,14.0,80,true
2026-08-26,1,1,3500005,5,1,13.0,74,true
2026-08-26,1,1,3500005,6,1,26.0,147,true
2026-08-26,1,1,3500005,7,1,19.0,108,true
2026-08-26,1,1,3500005,8,1,18.0,102,true
2026-08-26,1,1,3500005,9,1,12.0,68,true
2026-08-26,1,1,3500005,10,1,11.0,63,true
2026-08-26,1,1,3500005,11,1,7.0,40,true
2026-08-26,1,1,3500005,12,1,10.0,57,true
2026-08-26,1,1,3500005,13,1,22.0,125,true
2026-08-26,2,1,3501430,1,1,10.0,32,true
2026-08-26,2,1,3501430,2,1,16.0,50,true
2026-08-26,2,1,3501430,3,1,13.0,41,true
2026-08-26,2,1,3501430,4,1,17.0,53,true
2026-08-26,2,1,3501430,5,1,9.0,29,true
2026-08-26,2,1,3501430,6,1,29.0,91,true
2026-08-26,2,1,3501430,7,1,22.0,69,true
2026-08-26,2,1,3501430,8,1,10.0,32,true
2026-08-26,2,1,3501430,9,1,11.0,35,true
2026-08-26,2,1,3501430,10,1,12.0,38,true
2026-08-26,2,1,3501430,11,1,19.0,60,true
2026-08-26,2,1,3501430,12,1,14.0,44,true
2026-08-26,2,1,3501430,13,1,33.0,103,true
2026-08-26,4,1,3501225,1,1,15.0,91,true
2026-08-26,4,1,3501225,2,1,17.0,104,true
2026-08-26,4,1,3501225,3,1,10.0,61,true
2026-08-26,4,1,3501225,4,1,18.0,110,true
2026-08-26,4,1,3501225,5,1,11.0,67,true
2026-08-26,4,1,3501225,6,1,21.0,128,true
2026-08-26,4,1,3501225,7,1,19.0,116,true
2026-08-26,4,1,3501225,8,1,20.0,122,true
2026-08-26,4,1,3501225,9,1,22.0,134,true
2026-08-26,4,1,3501225,10,1,13.0,79,true
2026-08-26,4,1,3501225,11,1,14.0,85,true
2026-08-26,4,1,3501225,12,1,16.0,97,true
2026-08-26,4,1,3501225,13,1,37.0,225,true
2026-08-26,1,3,3500005,1,1,19.0,108,true
2026-08-26,1,3,3500005,2,1,18.0,102,true
2026-08-26,1,3,3500005,3,1,16.0,91,true
2026-08-26,1,3,3500005,4,1,18.0,102,true
2026-08-26,1,3,3500005,5,1,15.0,85,true
2026-08-26,1,3,3500005,6,1,21.0,119,true
2026-08-26,1,3,3500005,7,1,12.0,68,true
2026-08-26,1,3,3500005,8,1,10.0,57,true
2026-08-26,1,3,3500005,9,1,21.0,119,true
2026-08-26,1,3,3500005,10,1,20.0,113,true
2026-08-26,1,3,3500005,11,1,21.0,119,true
2026-08-26,1,3,3500005,12,1,22.0,125,true
2026-08-26,1,3,3500005,13,1,32.0,181,true
2026-08-26,2,3,3501430,1,1,20.0,63,true
2026-08-26,2,3,3501430,2,1,18.0,57,true
2026-08-26,2,3,3501430,3,1,19.0,60,true
2026-08-26,2,3,3501430,4,1,12.0,38,true
2026-08-26,2,3,3501430,5,1,16.0,50,true
2026-08-26,2,3,3501430,6,1,32.0,100,true
2026-08-26,2,3,3501430,7,1,11.0,35,true
2026-08-26,2,3,3501430,8,1,12.0,38,true
2026-08-26,2,3,3501430,9,1,21.0,66,true
2026-08-26,2,3,3501430,10,1,22.0,69,true
2026-08-26,2,3,3501430,11,1,26.0,82,true
2026-08-26,2,3,3501430,12,1,28.0,88,true
2026-08-26,2,3,3501430,13,1,33.0,103,true
2026-08-26,4,3,3501225,1,1,22.0,134,true
2026-08-26,4,3,3501225,2,1,21.0,128,true
2026-08-26,4,3,3501225,3,1,20.0,122,true
2026-08-26,4,3,3501225,4,1,19.0,116,true
2026-08-26,4,3,3501225,5,1,21.0,128,true
2026-08-26,4,3,3501225,6,1,28.0,170,true
2026-08-26,4,3,3501225,7,1,11.0,67,true
2026-08-26,4,3,3501225,8,1,10.0,61,true
2026-08-26,4,3,3501225,9,1,20.0,122,true
2026-08-26,4,3,3501225,10,1,22.0,134,true
2026-08-26,4,3,3501225,11,1,23.0,140,true
2026-08-26,4,3,3501225,12,1,21.0,128,true
2026-08-26,4,3,3501225,13,1,31.0,188,true
2026-08-27,1,1,3500005,1,1,16.0,91,true
2026-08-27,1,1,3500005,2,1,12.0,68,true
2026-08-27,1,1,3500005,3,1,12.0,68,true
2026-08-27,1,1,3500005,4,1,10.0,57,true
2026-08-27,1,1,3500005,5,1,10.0,57,true
2026-08-27,1,1,3500005,6,1,20.0,113,true
2026-08-27,1,1,3500005,7,1,10.0,57,true
2026-08-27,1,1,3500005,8,1,9.0,51,true
2026-08-27,1,1,3500005,9,1,9.0,51,true
2026-08-27,1,1,3500005,10,1,9.0,51,true
2026-08-27,1,1,3500005,11,1,9.0,51,true
2026-08-27,1,1,3500005,12,1,9.0,51,true
2026-08-27,1,1,3500005,13,1,9.0,51,true
2026-08-27,2,1,3501430,1,1,14.0,44,true
2026-08-27,2,1,3501430,2,1,16.0,50,true
2026-08-27,2,1,3501430,3,1,16.0,50,true
2026-08-27,2,1,3501430,4,1,12.0,38,true
2026-08-27,2,1,3501430,5,1,12.0,38,true
2026-08-27,2,1,3501430,6,1,24.0,75,true
2026-08-27,2,1,3501430,7,1,11.0,35,true
2026-08-27,2,1,3501430,8,1,9.0,29,true
2026-08-27,2,1,3501430,9,1,10.0,32,true
2026-08-27,2,1,3501430,10,1,10.0,32,true
2026-08-27,2,1,3501430,11,1,11.0,35,true
2026-08-27,2,1,3501430,12,1,11.0,35,true
2026-08-27,2,1,3501430,13,1,22.0,69,true
2026-08-27,4,1,3501225,1,1,17.0,104,true
2026-08-27,4,1,3501225,2,1,12.0,73,true
2026-08-27,4,1,3501225,3,1,12.0,73,true
2026-08-27,4,1,3501225,4,1,12.0,73,true
2026-08-27,4,1,3501225,5,1,12.0,73,true
2026-08-27,4,1,3501225,6,1,19.0,116,true
2026-08-27,4,1,3501225,7,1,8.0,49,true
2026-08-27,4,1,3501225,8,1,8.0,49,true
2026-08-27,4,1,3501225,9,1,6.0,37,true
2026-08-27,4,1,3501225,10,1,6.0,37,true
2026-08-27,4,1,3501225,11,1,7.0,43,true
2026-08-27,4,1,3501225,12,1,8.0,49,true
2026-08-27,4,1,3501225,13,1,18.0,110,true
2026-08-27,1,2,3500005,1,1,24.0,136,true
2026-08-27,1,2,3500005,2,1,17.0,97,true
2026-08-27,1,2,3500005,3,1,15.0,85,true
2026-08-27,1,2,3500005,4,1,13.0,74,true
2026-08-27,1,2,3500005,5,1,10.0,57,true
2026-08-27,1,2,3500005,6,1,22.0,125,true
2026-08-27,1,2,3500005,7,1,20.0,113,true
2026-08-27,1,2,3500005,8,1,21.0,119,true
2026-08-27,1,2,3500005,9,1,14.0,80,true
2026-08-27,1,2,3500005,10,1,17.0,97,true
2026-08-27,1,2,3500005,11,1,20.0,113,true
2026-08-27,1,2,3500005,12,1,17.0,97,true
2026-08-27,1,2,3500005,13,1,21.0,119,true
2026-08-27,2,2,3501430,1,1,24.0,75,true
2026-08-27,2,2,3501430,2,1,17.0,53,true
2026-08-27,2,2,3501430,3,1,20.0,63,true
2026-08-27,2,2,3501430,4,1,12.0,38,true
2026-08-27,2,2,3501430,5,1,15.0,47,true
2026-08-27,2,2,3501430,6,1,28.0,88,true
2026-08-27,2,2,3501430,7,1,30.0,94,true
2026-08-27,2,2,3501430,8,1,13.0,41,true
2026-08-27,2,2,3501430,9,1,27.0,85,true
2026-08-27,2,2,3501430,10,1,24.0,75,true
2026-08-27,2,2,3501430,11,1,20.0,63,true
2026-08-27,2,2,3501430,12,1,17.0,53,true
2026-08-27,2,2,3501430,13,1,30.0,94,true
2026-08-27,4,2,3501226,1,1,24.0,130,true
2026-08-27,4,2,3501226,2,1,20.0,109,true
2026-08-27,4,2,3501226,3,1,13.0,71,true
2026-08-27,4,2,3501226,4,1,10.0,55,true
2026-08-27,4,2,3501226,5,1,12.0,65,true
2026-08-27,4,2,3501226,6,1,25.0,136,true
2026-08-27,4,2,3501226,7,1,15.0,82,true
2026-08-27,4,2,3501226,8,1,17.0,92,true
2026-08-27,4,2,3501226,9,1,20.0,109,true
2026-08-27,4,2,3501226,10,1,10.0,55,true
2026-08-27,4,2,3501226,11,1,15.0,82,true
2026-08-27,4,2,3501226,12,1,10.0,55,true
2026-08-27,4,2,3501226,13,1,21.0,114,true
2026-08-28,1,3,3500005,1,1,18.0,102,true
2026-08-28,1,3,3500005,2,1,19.0,108,true
2026-08-28,1,3,3500005,3,1,16.0,91,true
2026-08-28,1,3,3500005,4,1,20.0,113,true
2026-08-28,1,3,3500005,5,1,19.0,108,true
2026-08-28,1,3,3500005,6,1,23.0,130,true
2026-08-28,1,3,3500005,7,1,13.0,74,true
2026-08-28,1,3,3500005,8,1,12.0,68,true
2026-08-28,1,3,3500005,9,1,22.0,125,true
2026-08-28,1,3,3500005,10,1,21.0,119,true
2026-08-28,1,3,3500005,11,1,18.0,102,true
2026-08-28,1,3,3500005,12,1,20.0,113,true
2026-08-28,1,3,3500005,13,1,39.0,221,true
2026-08-28,2,3,3501430,1,1,22.0,69,true
2026-08-28,2,3,3501430,2,1,20.0,63,true
2026-08-28,2,3,3501430,3,1,21.0,66,true
2026-08-28,2,3,3501430,4,1,19.0,60,true
2026-08-28,2,3,3501430,5,1,26.0,82,true
2026-08-28,2,3,3501430,6,1,36.0,113,true
2026-08-28,2,3,3501430,7,1,10.0,32,true
2026-08-28,2,3,3501430,8,1,12.0,38,true
2026-08-28,2,3,3501430,9,1,20.0,63,true
2026-08-28,2,3,3501430,10,1,22.0,69,true
2026-08-28,2,3,3501430,11,1,25.0,78,true
2026-08-28,2,3,3501430,12,1,25.0,78,true
2026-08-28,2,3,3501430,13,1,34.0,106,true
2026-08-28,4,3,3501226,1,1,22.0,119,true
2026-08-28,4,3,3501226,2,1,25.0,136,true
2026-08-28,4,3,3501226,3,1,20.0,109,true
2026-08-28,4,3,3501226,4,1,19.0,103,true
2026-08-28,4,3,3501226,5,1,20.0,109,true
2026-08-28,4,3,3501226,6,1,37.0,200,true
2026-08-28,4,3,3501226,7,1,11.0,60,true
2026-08-28,4,3,3501226,8,1,12.0,65,true
2026-08-28,4,3,3501226,9,1,22.0,119,true
2026-08-28,4,3,3501226,10,1,23.0,125,true
2026-08-28,4,3,3501226,11,1,25.0,136,true
2026-08-28,4,3,3501226,12,1,26.0,141,true
2026-08-28,4,3,3501226,13,1,40.0,217,true
2026-08-28,1,1,3500005,1,1,20.0,113,true
2026-08-28,1,1,3500005,2,1,16.0,91,true
2026-08-28,1,1,3500005,3,1,13.0,74,true
2026-08-28,1,1,3500005,4,1,10.0,57,true
2026-08-28,1,1,3500005,5,1,8.0,46,true
2026-08-28,1,1,3500005,6,1,36.0,204,true
2026-08-28,1,1,3500005,7,1,12.0,68,true
2026-08-28,1,1,3500005,8,1,14.0,80,true
2026-08-28,1,1,3500005,9,1,18.0,102,true
2026-08-28,1,1,3500005,10,1,15.0,85,true
2026-08-28,1,1,3500005,11,1,7.0,40,true
2026-08-28,1,1,3500005,12,1,11.0,63,true
2026-08-28,1,1,3500005,13,1,21.0,119,true
2026-08-28,2,1,3501430,1,1,17.0,53,true
2026-08-28,2,1,3501430,2,1,20.0,63,true
2026-08-28,2,1,3501430,3,1,15.0,47,true
2026-08-28,2,1,3501430,4,1,13.0,41,true
2026-08-28,2,1,3501430,5,1,9.0,29,true
2026-08-28,2,1,3501430,6,1,40.0,125,true
2026-08-28,2,1,3501430,7,1,8.0,25,true
2026-08-28,2,1,3501430,8,1,17.0,53,true
2026-08-28,2,1,3501430,9,1,11.0,35,true
2026-08-28,2,1,3501430,10,1,10.0,32,true
2026-08-28,2,1,3501430,11,1,7.0,22,true
2026-08-28,2,1,3501430,12,1,19.0,60,true
2026-08-28,2,1,3501430,13,1,26.0,82,true
2026-08-28,4,1,3501226,1,1,16.0,87,true
2026-08-28,4,1,3501226,2,1,20.0,109,true
2026-08-28,4,1,3501226,3,1,15.0,82,true
2026-08-28,4,1,3501226,4,1,14.0,76,true
2026-08-28,4,1,3501226,5,1,22.0,119,true
2026-08-28,4,1,3501226,6,1,37.0,200,true
2026-08-28,4,1,3501226,7,1,17.0,92,true
2026-08-28,4,1,3501226,8,1,16.0,87,true
2026-08-28,4,1,3501226,9,1,12.0,65,true
2026-08-28,4,1,3501226,10,1,13.0,71,true
2026-08-28,4,1,3501226,11,1,19.0,103,true
2026-08-28,4,1,3501226,12,1,10.0,55,true
2026-08-28,4,1,3501226,13,1,21.0,114,true
2026-08-29,1,2,3500005,1,1,13.0,74,true
2026-08-29,1,2,3500005,2,1,20.0,113,true
2026-08-29,1,2,3500005,3,1,17.0,97,true
2026-08-29,1,2,3500005,4,1,1.0,6,true
2026-08-29,1,2,3500005,5,1,15.0,85,true
2026-08-29,1,2,3500005,6,1,20.0,113,true
2026-08-29,1,2,3500005,7,1,15.0,85,true
2026-08-29,1,2,3500005,8,1,24.0,136,true
2026-08-29,1,2,3500005,9,1,20.0,113,true
2026-08-29,1,2,3500005,10,1,19.0,108,true
2026-08-29,1,2,3500005,11,1,27.0,153,true
2026-08-29,1,2,3500005,12,1,10.0,57,true
2026-08-29,1,2,3500005,13,1,22.0,125,true
2026-08-29,2,2,3500162,1,1,30.0,143,true
2026-08-29,2,2,3500162,2,1,19.0,91,true
2026-08-29,2,2,3500162,3,1,29.0,139,true
2026-08-29,2,2,3500162,4,1,17.0,81,true
2026-08-29,2,2,3500162,5,1,13.0,62,true
2026-08-29,2,2,3500162,6,1,22.0,105,true
2026-08-29,2,2,3500162,7,1,20.0,96,true
2026-08-29,2,2,3500162,8,1,12.0,58,true
2026-08-29,2,2,3500162,9,1,23.0,110,true
2026-08-29,2,2,3500162,10,1,17.0,81,true
2026-08-29,2,2,3500162,11,1,10.0,48,true
2026-08-29,2,2,3500162,12,1,15.0,72,true
2026-08-29,2,2,3500162,13,1,26.0,124,true
2026-08-29,4,2,3501226,1,1,40.0,217,true
2026-08-29,4,2,3501226,2,1,20.0,109,true
2026-08-29,4,2,3501226,3,1,27.0,146,true
2026-08-29,4,2,3501226,4,1,19.0,103,true
2026-08-29,4,2,3501226,5,1,17.0,92,true
2026-08-29,4,2,3501226,6,1,20.0,109,true
2026-08-29,4,2,3501226,7,1,20.0,109,true
2026-08-29,4,2,3501226,8,1,33.0,179,true
2026-08-29,4,2,3501226,9,1,20.0,109,true
2026-08-29,4,2,3501226,10,1,17.0,92,true
2026-08-29,4,2,3501226,11,1,22.0,119,true
2026-08-29,4,2,3501226,12,1,10.0,55,true
2026-08-29,4,2,3501226,13,1,22.0,119,true
2026-08-30,1,3,3500005,1,1,15.0,85,true
2026-08-30,1,3,3500005,2,1,13.0,74,true
2026-08-30,1,3,3500005,3,1,14.0,80,true
2026-08-30,1,3,3500005,4,1,12.0,68,true
2026-08-30,1,3,3500005,5,1,10.0,57,true
2026-08-30,1,3,3500005,6,1,14.0,80,true
2026-08-30,1,3,3500005,7,1,12.0,68,true
2026-08-30,1,3,3500005,8,1,10.0,57,true
2026-08-30,1,3,3500005,9,1,11.0,63,true
2026-08-30,1,3,3500005,10,1,10.0,57,true
2026-08-30,1,3,3500005,11,1,9.0,51,true
2026-08-30,1,3,3500005,12,1,10.0,57,true
2026-08-30,1,3,3500005,13,1,11.0,63,true
2026-08-30,2,3,3500162,1,1,18.0,86,true
2026-08-30,2,3,3500162,2,1,17.0,81,true
2026-08-30,2,3,3500162,3,1,15.0,72,true
2026-08-30,2,3,3500162,4,1,12.0,58,true
2026-08-30,2,3,3500162,5,1,13.0,62,true
2026-08-30,2,3,3500162,6,1,10.0,48,true
2026-08-30,2,3,3500162,7,1,15.0,72,true
2026-08-30,2,3,3500162,8,1,12.0,58,true
2026-08-30,2,3,3500162,9,1,13.0,62,true
2026-08-30,2,3,3500162,10,1,11.0,53,true
2026-08-30,2,3,3500162,11,1,10.0,48,true
2026-08-30,2,3,3500162,12,1,12.0,58,true
2026-08-30,2,3,3500162,13,1,13.0,62,true
2026-08-30,4,3,3501226,1,1,20.0,109,true
2026-08-30,4,3,3501226,2,1,25.0,136,true
2026-08-30,4,3,3501226,3,1,20.0,109,true
2026-08-30,4,3,3501226,4,1,19.0,103,true
2026-08-30,4,3,3501226,5,1,17.0,92,true
2026-08-30,4,3,3501226,6,1,20.0,109,true
2026-08-30,4,3,3501226,7,1,18.0,98,true
2026-08-30,4,3,3501226,8,1,17.0,92,true
2026-08-30,4,3,3501226,9,1,12.0,65,true
2026-08-30,4,3,3501226,10,1,13.0,71,true
2026-08-30,4,3,3501226,11,1,14.0,76,true
2026-08-30,4,3,3501226,12,1,20.0,109,true
2026-08-30,4,3,3501226,13,1,21.0,114,true
2026-08-30,1,1,3500005,1,1,17.0,97,true
2026-08-30,1,1,3500005,2,1,14.0,80,true
2026-08-30,1,1,3500005,3,1,13.0,74,true
2026-08-30,1,1,3500005,4,1,10.0,57,true
2026-08-30,1,1,3500005,5,1,9.0,51,true
2026-08-30,1,1,3500005,6,1,12.0,68,true
2026-08-30,1,1,3500005,7,1,13.0,74,true
2026-08-30,1,1,3500005,8,1,9.0,51,true
2026-08-30,1,1,3500005,9,1,11.0,63,true
2026-08-30,1,1,3500005,10,1,13.0,74,true
2026-08-30,1,1,3500005,11,1,9.0,51,true
2026-08-30,1,1,3500005,12,1,10.0,57,true
2026-08-30,1,1,3500005,13,1,11.0,63,true
2026-08-30,2,1,3500162,1,1,20.0,96,true
2026-08-30,2,1,3500162,2,1,16.0,77,true
2026-08-30,2,1,3500162,3,1,15.0,72,true
2026-08-30,2,1,3500162,4,1,14.0,67,true
2026-08-30,2,1,3500162,5,1,13.0,62,true
2026-08-30,2,1,3500162,6,1,11.0,53,true
2026-08-30,2,1,3500162,7,1,17.0,81,true
2026-08-30,2,1,3500162,8,1,13.0,62,true
2026-08-30,2,1,3500162,9,1,14.0,67,true
2026-08-30,2,1,3500162,10,1,11.0,53,true
2026-08-30,2,1,3500162,11,1,10.0,48,true
2026-08-30,2,1,3500162,12,1,15.0,72,true
2026-08-30,2,1,3500162,13,1,12.0,58,true
2026-08-30,4,1,3501226,1,1,25.0,136,true
2026-08-30,4,1,3501226,2,1,19.0,103,true
2026-08-30,4,1,3501226,3,1,22.0,119,true
2026-08-30,4,1,3501226,4,1,17.0,92,true
2026-08-30,4,1,3501226,5,1,15.0,82,true
2026-08-30,4,1,3501226,6,1,18.0,98,true
2026-08-30,4,1,3501226,7,1,28.0,152,true
2026-08-30,4,1,3501226,8,1,17.0,92,true
2026-08-30,4,1,3501226,9,1,16.0,87,true
2026-08-30,4,1,3501226,10,1,15.0,82,true
2026-08-30,4,1,3501226,11,1,14.0,76,true
2026-08-30,4,1,3501226,12,1,15.0,82,true
2026-08-30,4,1,3501226,13,1,23.0,125,true
2026-08-31,1,3,3500005,1,1,15.0,85,true
2026-08-31,1,3,3500005,2,1,13.0,74,true
2026-08-31,1,3,3500005,3,1,17.0,97,true
2026-08-31,1,3,3500005,4,1,9.0,51,true
2026-08-31,1,3,3500005,5,1,16.0,91,true
2026-08-31,1,3,3500005,6,1,18.0,102,true
2026-08-31,1,3,3500005,7,1,14.0,80,true
2026-08-31,1,3,3500005,8,1,18.0,102,true
2026-08-31,1,3,3500005,9,1,7.0,40,true
2026-08-31,1,3,3500005,10,1,20.0,113,true
2026-08-31,1,3,3500005,11,1,12.0,68,true
2026-08-31,1,3,3500005,12,1,11.0,63,true
2026-08-31,1,3,3500005,13,1,29.0,164,true
2026-08-31,2,3,3500162,1,1,18.0,86,true
2026-08-31,2,3,3500162,2,1,20.0,96,true
2026-08-31,2,3,3500162,3,1,15.0,72,true
2026-08-31,2,3,3500162,4,1,9.0,43,true
2026-08-31,2,3,3500162,5,1,11.0,53,true
2026-08-31,2,3,3500162,6,1,34.0,162,true
2026-08-31,2,3,3500162,7,1,19.0,91,true
2026-08-31,2,3,3500162,8,1,17.0,81,true
2026-08-31,2,3,3500162,9,1,13.0,62,true
2026-08-31,2,3,3500162,10,1,16.0,77,true
2026-08-31,2,3,3500162,11,1,7.0,34,true
2026-08-31,2,3,3500162,12,1,22.0,105,true
2026-08-31,2,3,3500162,13,1,26.0,124,true
2026-08-31,4,3,3501226,1,1,10.0,55,true
2026-08-31,4,3,3501226,2,1,16.0,87,true
2026-08-31,4,3,3501226,3,1,11.0,60,true
2026-08-31,4,3,3501226,4,1,18.0,98,true
2026-08-31,4,3,3501226,5,1,9.0,49,true
2026-08-31,4,3,3501226,6,1,33.0,179,true
2026-08-31,4,3,3501226,7,1,12.0,65,true
2026-08-31,4,3,3501226,8,1,8.0,44,true
2026-08-31,4,3,3501226,9,1,22.0,119,true
2026-08-31,4,3,3501226,10,1,20.0,109,true
2026-08-31,4,3,3501226,11,1,17.0,92,true
2026-08-31,4,3,3501226,12,1,19.0,103,true
2026-08-31,4,3,3501226,13,1,25.0,136,true
2026-08-30,1,2,3500005,1,1,12.0,68,true
2026-08-30,1,2,3500005,2,1,11.0,63,true
2026-08-30,1,2,3500005,3,1,10.0,57,true
2026-08-30,1,2,3500005,4,1,14.0,80,true
2026-08-30,1,2,3500005,5,1,10.0,57,true
2026-08-30,1,2,3500005,6,1,18.0,102,true
2026-08-30,1,2,3500005,7,1,10.0,57,true
2026-08-30,1,2,3500005,8,1,11.0,63,true
2026-08-30,1,2,3500005,9,1,9.0,51,true
2026-08-30,1,2,3500005,10,1,10.0,57,true
2026-08-30,1,2,3500005,11,1,11.0,63,true
2026-08-30,1,2,3500005,12,1,14.0,80,true
2026-08-30,1,2,3500005,13,1,22.0,125,true
2026-08-30,2,2,3500162,1,1,32.0,153,true
2026-08-30,2,2,3500162,2,1,22.0,105,true
2026-08-30,2,2,3500162,3,1,16.0,77,true
2026-08-30,2,2,3500162,4,1,14.0,67,true
2026-08-30,2,2,3500162,5,1,10.0,48,true
2026-08-30,2,2,3500162,6,1,23.0,110,true
2026-08-30,2,2,3500162,7,1,12.0,58,true
2026-08-30,2,2,3500162,8,1,14.0,67,true
2026-08-30,2,2,3500162,9,1,24.0,115,true
2026-08-30,2,2,3500162,10,1,11.0,53,true
2026-08-30,2,2,3500162,11,1,10.0,48,true
2026-08-30,2,2,3500162,12,1,14.0,67,true
2026-08-30,2,2,3500162,13,1,18.0,86,true
2026-08-30,4,2,3501226,1,1,26.0,141,true
2026-08-30,4,2,3501226,2,1,18.0,98,true
2026-08-30,4,2,3501226,3,1,22.0,119,true
2026-08-30,4,2,3501226,4,1,20.0,109,true
2026-08-30,4,2,3501226,5,1,12.0,65,true
2026-08-30,4,2,3501226,6,1,19.0,103,true
2026-08-30,4,2,3501226,7,1,16.0,87,true
2026-08-30,4,2,3501226,8,1,12.0,65,true
2026-08-30,4,2,3501226,9,1,17.0,92,true
2026-08-30,4,2,3501226,10,1,10.0,55,true
2026-08-30,4,2,3501226,11,1,14.0,76,true
2026-08-30,4,2,3501226,12,1,12.0,65,true
2026-08-30,4,2,3501226,13,1,18.0,98,true
2026-08-31,1,2,3500005,1,1,19.0,108,true
2026-08-31,1,2,3500005,2,1,20.0,113,true
2026-08-31,1,2,3500005,3,1,18.0,102,true
2026-08-31,1,2,3500005,4,1,22.0,125,true
2026-08-31,1,2,3500005,5,1,21.0,119,true
2026-08-31,1,2,3500005,6,1,32.0,181,true
2026-08-31,1,2,3500005,7,1,11.0,63,true
2026-08-31,1,2,3500005,8,1,22.0,125,true
2026-08-31,1,2,3500005,9,1,20.0,113,true
2026-08-31,1,2,3500005,10,1,12.0,68,true
2026-08-31,1,2,3500005,11,1,21.0,119,true
2026-08-31,1,2,3500005,12,1,17.0,97,true
2026-08-31,1,2,3500005,13,1,30.0,170,true
2026-08-31,4,2,3501226,1,1,22.0,119,true
2026-08-31,4,2,3501226,2,1,25.0,136,true
2026-08-31,4,2,3501226,3,1,20.0,109,true
2026-08-31,4,2,3501226,4,1,22.0,119,true
2026-08-31,4,2,3501226,5,1,21.0,114,true
2026-08-31,4,2,3501226,6,1,30.0,163,true
2026-08-31,4,2,3501226,7,1,11.0,60,true
2026-08-31,4,2,3501226,8,1,10.0,55,true
2026-08-31,4,2,3501226,9,1,24.0,130,true
2026-08-31,4,2,3501226,10,1,22.0,119,true
2026-08-31,4,2,3501226,11,1,20.0,109,true
2026-08-31,4,2,3501226,12,1,25.0,136,true
2026-08-31,4,2,3501226,13,1,33.0,179,true
2026-09-01,1,3,3500005,1,1,2.0,12,true
2026-09-01,1,3,3500005,2,1,15.0,85,true
2026-09-01,1,3,3500005,3,1,14.0,80,true
2026-09-01,1,3,3500005,4,1,16.0,91,true
2026-09-01,1,3,3500005,5,1,18.0,102,true
2026-09-01,1,3,3500005,6,1,39.0,221,true
2026-09-01,1,3,3500005,7,1,11.0,63,true
2026-09-01,1,3,3500005,8,1,10.0,57,true
2026-09-01,1,3,3500005,9,1,9.0,51,true
2026-09-01,1,3,3500005,10,1,13.0,74,true
2026-09-01,1,3,3500005,11,1,12.0,68,true
2026-09-01,1,3,3500005,12,1,17.0,97,true
2026-09-01,1,3,3500005,13,1,23.0,130,true
2026-09-01,4,3,3501225,1,1,22.0,134,true
2026-09-01,4,3,3501225,2,1,14.0,85,true
2026-09-01,4,3,3501225,3,1,15.0,91,true
2026-09-01,4,3,3501225,4,1,23.0,140,true
2026-09-01,4,3,3501225,5,1,20.0,122,true
2026-09-01,4,3,3501225,6,1,32.0,194,true
2026-09-01,4,3,3501225,7,1,12.0,73,true
2026-09-01,4,3,3501225,8,1,11.0,67,true
2026-09-01,4,3,3501225,9,1,24.0,146,true
2026-09-01,4,3,3501225,10,1,10.0,61,true
2026-09-01,4,3,3501225,11,1,19.0,116,true
2026-09-01,4,3,3501225,12,1,18.0,110,true
2026-09-01,4,3,3501225,13,1,33.0,200,true
2026-09-01,1,2,3500005,1,1,19.0,108,true
2026-09-01,1,2,3500005,2,1,20.0,113,true
2026-09-01,1,2,3500005,3,1,18.0,102,true
2026-09-01,1,2,3500005,4,1,21.0,119,true
2026-09-01,1,2,3500005,5,1,21.0,119,true
2026-09-01,1,2,3500005,6,1,30.0,170,true
2026-09-01,1,2,3500005,7,1,12.0,68,true
2026-09-01,1,2,3500005,8,1,10.0,57,true
2026-09-01,1,2,3500005,9,1,21.0,119,true
2026-09-01,1,2,3500005,10,1,20.0,113,true
2026-09-01,1,2,3500005,11,1,18.0,102,true
2026-09-01,1,2,3500005,12,1,16.0,91,true
2026-09-01,1,2,3500005,13,1,31.0,176,true
2026-09-01,4,2,3501225,1,1,22.0,134,true
2026-09-01,4,2,3501225,2,1,21.0,128,true
2026-09-01,4,2,3501225,3,1,20.0,122,true
2026-09-01,4,2,3501225,4,1,21.0,128,true
2026-09-01,4,2,3501225,5,1,20.0,122,true
2026-09-01,4,2,3501225,6,1,31.0,188,true
2026-09-01,4,2,3501225,7,1,11.0,67,true
2026-09-01,4,2,3501225,8,1,12.0,73,true
2026-09-01,4,2,3501225,9,1,21.0,128,true
2026-09-01,4,2,3501225,10,1,20.0,122,true
2026-09-01,4,2,3501225,11,1,22.0,134,true
2026-09-01,4,2,3501225,12,1,20.0,122,true
2026-09-01,4,2,3501225,13,1,32.0,194,true
2026-09-02,1,3,3500005,1,1,20.0,113,true
2026-09-02,1,3,3500005,2,1,15.0,85,true
2026-09-02,1,3,3500005,3,1,18.0,102,true
2026-09-02,1,3,3500005,4,1,14.0,80,true
2026-09-02,1,3,3500005,5,1,9.0,51,true
2026-09-02,1,3,3500005,6,1,25.0,142,true
2026-09-02,1,3,3500005,7,1,10.0,57,true
2026-09-02,1,3,3500005,8,1,8.0,46,true
2026-09-02,1,3,3500005,9,1,16.0,91,true
2026-09-02,1,3,3500005,10,1,19.0,108,true
2026-09-02,1,3,3500005,11,1,17.0,97,true
2026-09-02,1,3,3500005,12,1,11.0,63,true
2026-09-02,1,3,3500005,13,1,22.0,125,true
2026-09-02,4,3,3501225,1,1,15.0,91,true
2026-09-02,4,3,3501225,2,1,18.0,110,true
2026-09-02,4,3,3501225,3,1,20.0,122,true
2026-09-02,4,3,3501225,4,1,16.0,97,true
2026-09-02,4,3,3501225,5,1,19.0,116,true
2026-09-02,4,3,3501225,6,1,34.0,207,true
2026-09-02,4,3,3501225,7,1,11.0,67,true
2026-09-02,4,3,3501225,8,1,14.0,85,true
2026-09-02,4,3,3501225,9,1,10.0,61,true
2026-09-02,4,3,3501225,10,1,17.0,104,true
2026-09-02,4,3,3501225,11,1,13.0,79,true
2026-09-02,4,3,3501225,12,1,10.0,61,true
2026-09-02,4,3,3501225,13,1,37.0,225,true
2026-09-02,1,1,3500005,1,1,12.0,68,true
2026-09-02,1,1,3500005,2,1,10.0,57,true
2026-09-02,1,1,3500005,3,1,10.0,57,true
2026-09-02,1,1,3500005,4,1,13.0,74,true
2026-09-02,1,1,3500005,5,1,9.0,51,true
2026-09-02,1,1,3500005,6,1,20.0,113,true
2026-09-02,1,1,3500005,7,1,13.0,74,true
2026-09-02,1,1,3500005,8,1,20.0,113,true
2026-09-02,1,1,3500005,9,1,12.0,68,true
2026-09-02,1,1,3500005,10,1,10.0,57,true
2026-09-02,1,1,3500005,11,1,12.0,68,true
2026-09-02,1,1,3500005,12,1,10.0,57,true
2026-09-02,1,1,3500005,13,1,19.0,108,true
2026-09-02,4,1,3501225,1,1,30.0,182,true
2026-09-02,4,1,3501225,2,1,24.0,146,true
2026-09-02,4,1,3501225,3,1,10.0,61,true
2026-09-02,4,1,3501225,4,1,12.0,73,true
2026-09-02,4,1,3501225,5,1,10.0,61,true
2026-09-02,4,1,3501225,6,1,30.0,182,true
2026-09-02,4,1,3501225,7,1,24.0,146,true
2026-09-02,4,1,3501225,8,1,20.0,122,true
2026-09-02,4,1,3501225,9,1,17.0,104,true
2026-09-02,4,1,3501225,10,1,14.0,85,true
2026-09-02,4,1,3501225,11,1,10.0,61,true
2026-09-02,4,1,3501225,12,1,13.0,79,true
2026-09-02,4,1,3501225,13,1,30.0,182,true
2026-09-02,1,2,3500005,1,1,18.0,102,true
2026-09-02,1,2,3500005,2,1,19.0,108,true
2026-09-02,1,2,3500005,3,1,16.0,91,true
2026-09-02,1,2,3500005,4,1,12.0,68,true
2026-09-02,1,2,3500005,5,1,13.0,74,true
2026-09-02,1,2,3500005,6,1,22.0,125,true
2026-09-02,1,2,3500005,7,1,11.0,63,true
2026-09-02,1,2,3500005,8,1,10.0,57,true
2026-09-02,1,2,3500005,9,1,13.0,74,true
2026-09-02,1,2,3500005,10,1,18.0,102,true
2026-09-02,1,2,3500005,11,1,19.0,108,true
2026-09-02,1,2,3500005,12,1,22.0,125,true
2026-09-02,1,2,3500005,13,1,36.0,204,true
2026-09-02,4,2,3501225,1,1,22.0,134,true
2026-09-02,4,2,3501225,2,1,20.0,122,true
2026-09-02,4,2,3501225,3,1,21.0,128,true
2026-09-02,4,2,3501225,4,1,19.0,116,true
2026-09-02,4,2,3501225,5,1,18.0,110,true
2026-09-02,4,2,3501225,6,1,31.0,188,true
2026-09-02,4,2,3501225,7,1,12.0,73,true
2026-09-02,4,2,3501225,8,1,10.0,61,true
2026-09-02,4,2,3501225,9,1,22.0,134,true
2026-09-02,4,2,3501225,10,1,22.0,134,true
2026-09-02,4,2,3501225,11,1,20.0,122,true
2026-09-02,4,2,3501225,12,1,23.0,140,true
2026-09-02,4,2,3501225,13,1,31.0,188,true
2026-09-03,1,3,3500005,1,1,15.0,85,true
2026-09-03,1,3,3500005,2,1,13.0,74,true
2026-09-03,1,3,3500005,3,1,14.0,80,true
2026-09-03,1,3,3500005,4,1,11.0,63,true
2026-09-03,1,3,3500005,5,1,10.0,57,true
2026-09-03,1,3,3500005,6,1,21.0,119,true
2026-09-03,1,3,3500005,7,1,13.0,74,true
2026-09-03,1,3,3500005,8,1,10.0,57,true
2026-09-03,1,3,3500005,9,1,12.0,68,true
2026-09-03,1,3,3500005,10,1,11.0,63,true
2026-09-03,1,3,3500005,11,1,14.0,80,true
2026-09-03,1,3,3500005,12,1,12.0,68,true
2026-09-03,1,3,3500005,13,1,19.0,108,true
2026-09-03,4,3,3501225,1,1,18.0,110,true
2026-09-03,4,3,3501225,2,1,19.0,116,true
2026-09-03,4,3,3501225,3,1,14.0,85,true
2026-09-03,4,3,3501225,4,1,12.0,73,true
2026-09-03,4,3,3501225,5,1,10.0,61,true
2026-09-03,4,3,3501225,6,1,29.0,176,true
2026-09-03,4,3,3501225,7,1,15.0,91,true
2026-09-03,4,3,3501225,8,1,12.0,73,true
2026-09-03,4,3,3501225,9,1,10.0,61,true
2026-09-03,4,3,3501225,10,1,14.0,85,true
2026-09-03,4,3,3501225,11,1,13.0,79,true
2026-09-03,4,3,3501225,12,1,17.0,104,true
2026-09-03,4,3,3501225,13,1,29.0,176,true
2026-09-03,1,2,3500005,1,1,19.0,108,true
2026-09-03,1,2,3500005,2,1,18.0,102,true
2026-09-03,1,2,3500005,3,1,20.0,113,true
2026-09-03,1,2,3500005,4,1,21.0,119,true
2026-09-03,1,2,3500005,5,1,20.0,113,true
2026-09-03,1,2,3500005,6,1,26.0,147,true
2026-09-03,1,2,3500005,7,1,11.0,63,true
2026-09-03,1,2,3500005,8,1,12.0,68,true
2026-09-03,1,2,3500005,9,1,20.0,113,true
2026-09-03,1,2,3500005,10,1,22.0,125,true
2026-09-03,1,2,3500005,11,1,21.0,119,true
2026-09-03,1,2,3500005,12,1,20.0,113,true
2026-09-03,1,2,3500005,13,1,27.0,153,true
2026-09-03,4,2,3501226,1,1,22.0,119,true
2026-09-03,4,2,3501226,2,1,22.0,119,true
2026-09-03,4,2,3501226,3,1,20.0,109,true
2026-09-03,4,2,3501226,4,1,21.0,114,true
2026-09-03,4,2,3501226,5,1,25.0,136,true
2026-09-03,4,2,3501226,6,1,30.0,163,true
2026-09-03,4,2,3501226,7,1,11.0,60,true
2026-09-03,4,2,3501226,8,1,12.0,65,true
2026-09-03,4,2,3501226,9,1,22.0,119,true
2026-09-03,4,2,3501226,10,1,20.0,109,true
2026-09-03,4,2,3501226,11,1,23.0,125,true
2026-09-03,4,2,3501226,12,1,20.0,109,true
2026-09-03,4,2,3501226,13,1,36.0,195,true
2026-09-04,1,3,3500005,1,1,2.0,12,true
2026-09-04,1,3,3500005,2,1,15.0,85,true
2026-09-04,1,3,3500005,3,1,11.0,63,true
2026-09-04,1,3,3500005,4,1,9.0,51,true
2026-09-04,1,3,3500005,5,1,14.0,80,true
2026-09-04,1,3,3500005,6,1,30.0,170,true
2026-09-04,1,3,3500005,7,1,8.0,46,true
2026-09-04,1,3,3500005,8,1,10.0,57,true
2026-09-04,1,3,3500005,9,1,16.0,91,true
2026-09-04,1,3,3500005,10,1,19.0,108,true
2026-09-04,1,3,3500005,11,1,13.0,74,true
2026-09-04,1,3,3500005,12,1,17.0,97,true
2026-09-04,1,3,3500005,13,1,25.0,142,true
2026-09-04,4,3,3501226,1,1,22.0,119,true
2026-09-04,4,3,3501226,2,1,19.0,103,true
2026-09-04,4,3,3501226,3,1,17.0,92,true
2026-09-04,4,3,3501226,4,1,10.0,55,true
2026-09-04,4,3,3501226,5,1,13.0,71,true
2026-09-04,4,3,3501226,6,1,31.0,168,true
2026-09-04,4,3,3501226,7,1,15.0,82,true
2026-09-04,4,3,3501226,8,1,16.0,87,true
2026-09-04,4,3,3501226,9,1,18.0,98,true
2026-09-04,4,3,3501226,10,1,10.0,55,true
2026-09-04,4,3,3501226,11,1,11.0,60,true
2026-09-04,4,3,3501226,12,1,12.0,65,true
2026-09-04,4,3,3501226,13,1,26.0,141,true
2026-09-04,1,1,3500005,1,1,14.0,80,true
2026-09-04,1,1,3500005,2,1,19.0,108,true
2026-09-04,1,1,3500005,3,1,13.0,74,true
2026-09-04,1,1,3500005,4,1,10.0,57,true
2026-09-04,1,1,3500005,5,1,14.0,80,true
2026-09-04,1,1,3500005,6,1,21.0,119,true
2026-09-04,1,1,3500005,7,1,17.0,97,true
2026-09-04,1,1,3500005,8,1,14.0,80,true
2026-09-04,1,1,3500005,9,1,13.0,74,true
2026-09-04,1,1,3500005,10,1,20.0,113,true
2026-09-04,1,1,3500005,11,1,21.0,119,true
2026-09-04,1,1,3500005,12,1,10.0,57,true
2026-09-04,1,1,3500005,13,1,22.0,125,true
2026-09-04,4,1,3501226,1,1,12.0,65,true
2026-09-04,4,1,3501226,2,1,24.0,130,true
2026-09-04,4,1,3501226,3,1,17.0,92,true
2026-09-04,4,1,3501226,4,1,19.0,103,true
2026-09-04,4,1,3501226,5,1,20.0,109,true
2026-09-04,4,1,3501226,6,1,22.0,119,true
2026-09-04,4,1,3501226,7,1,13.0,71,true
2026-09-04,4,1,3501226,8,1,23.0,125,true
2026-09-04,4,1,3501226,9,1,15.0,82,true
2026-09-04,4,1,3501226,10,1,19.0,103,true
2026-09-04,4,1,3501226,11,1,10.0,55,true
2026-09-04,4,1,3501226,12,1,12.0,65,true
2026-09-04,4,1,3501226,13,1,20.0,109,true
2026-09-04,6,1,3500888,1,1,13.0,21,true
2026-09-04,6,1,3500888,2,1,14.0,23,true
2026-09-04,6,1,3500888,3,1,19.0,31,true
2026-09-04,6,1,3500888,4,1,20.0,33,true
2026-09-04,6,1,3500888,5,1,10.0,17,true
2026-09-04,6,1,3500888,6,1,22.0,36,true
2026-09-04,6,1,3500888,7,1,11.0,18,true
2026-09-04,6,1,3500888,8,1,19.0,31,true
2026-09-04,6,1,3500888,9,1,13.0,21,true
2026-09-04,6,1,3500888,10,1,19.0,31,true
2026-09-04,6,1,3500888,11,1,10.0,17,true
2026-09-04,6,1,3500888,12,1,12.0,20,true
2026-09-04,6,1,3500888,13,1,20.0,33,true
2026-09-04,1,2,3500005,1,1,18.0,102,true
2026-09-04,1,2,3500005,2,1,21.0,119,true
2026-09-04,1,2,3500005,3,1,19.0,108,true
2026-09-04,1,2,3500005,4,1,20.0,113,true
2026-09-04,1,2,3500005,5,1,21.0,119,true
2026-09-04,1,2,3500005,6,1,26.0,147,true
2026-09-04,1,2,3500005,7,1,11.0,63,true
2026-09-04,1,2,3500005,8,1,12.0,68,true
2026-09-04,1,2,3500005,9,1,20.0,113,true
2026-09-04,1,2,3500005,10,1,21.0,119,true
2026-09-04,1,2,3500005,11,1,22.0,125,true
2026-09-04,1,2,3500005,12,1,23.0,130,true
2026-09-04,1,2,3500005,13,1,31.0,176,true
2026-09-04,2,2,3501430,1,1,20.0,63,true
2026-09-04,2,2,3501430,2,1,22.0,69,true
2026-09-04,2,2,3501430,3,1,21.0,66,true
2026-09-04,2,2,3501430,4,1,19.0,60,true
2026-09-04,2,2,3501430,5,1,21.0,66,true
2026-09-04,2,2,3501430,6,1,23.0,72,true
2026-09-04,2,2,3501430,7,1,11.0,35,true
2026-09-04,2,2,3501430,8,1,12.0,38,true
2026-09-04,2,2,3501430,9,1,20.0,63,true
2026-09-04,2,2,3501430,10,1,21.0,66,true
2026-09-04,2,2,3501430,11,1,20.0,63,true
2026-09-04,2,2,3501430,12,1,21.0,66,true
2026-09-04,2,2,3501430,13,1,33.0,103,true
2026-09-04,4,2,3500162,1,1,22.0,105,true
2026-09-04,4,2,3500162,2,1,20.0,96,true
2026-09-04,4,2,3500162,3,1,23.0,110,true
2026-09-04,4,2,3500162,4,1,20.0,96,true
2026-09-04,4,2,3500162,5,1,21.0,100,true
2026-09-04,4,2,3500162,6,1,31.0,148,true
2026-09-04,4,2,3500162,7,1,12.0,58,true
2026-09-04,4,2,3500162,8,1,10.0,48,true
2026-09-04,4,2,3500162,9,1,21.0,100,true
2026-09-04,4,2,3500162,10,1,20.0,96,true
2026-09-04,4,2,3500162,11,1,25.0,120,true
2026-09-04,4,2,3500162,12,1,20.0,96,true
2026-09-04,4,2,3500162,13,1,36.0,172,true
2026-09-04,6,2,3500888,1,1,22.0,36,true
2026-09-04,6,2,3500888,2,1,23.0,38,true
2026-09-04,6,2,3500888,3,1,20.0,33,true
2026-09-04,6,2,3500888,4,1,25.0,41,true
2026-09-04,6,2,3500888,5,1,21.0,34,true
2026-09-04,6,2,3500888,6,1,23.0,38,true
2026-09-04,6,2,3500888,7,1,11.0,18,true
2026-09-04,6,2,3500888,8,1,12.0,20,true
2026-09-04,6,2,3500888,9,1,21.0,34,true
2026-09-04,6,2,3500888,10,1,20.0,33,true
2026-09-04,6,2,3500888,11,1,22.0,36,true
2026-09-04,6,2,3500888,12,1,21.0,34,true
2026-09-04,6,2,3500888,13,1,33.0,54,true
2026-09-05,1,3,3500005,1,1,20.0,113,true
2026-09-05,1,3,3500005,2,1,16.0,91,true
2026-09-05,1,3,3500005,3,1,18.0,102,true
2026-09-05,1,3,3500005,4,1,9.0,51,true
2026-09-05,1,3,3500005,5,1,11.0,63,true
2026-09-05,1,3,3500005,6,1,31.0,176,true
2026-09-05,1,3,3500005,7,1,19.0,108,true
2026-09-05,1,3,3500005,8,1,15.0,85,true
2026-09-05,1,3,3500005,9,1,13.0,74,true
2026-09-05,1,3,3500005,10,1,10.0,57,true
2026-09-05,1,3,3500005,11,1,12.0,68,true
2026-09-05,1,3,3500005,12,1,8.0,46,true
2026-09-05,1,3,3500005,13,1,22.0,125,true
2026-09-05,2,3,3501430,1,1,11.0,35,true
2026-09-05,2,3,3501430,2,1,15.0,47,true
2026-09-05,2,3,3501430,3,1,9.0,29,true
2026-09-05,2,3,3501430,4,1,16.0,50,true
2026-09-05,2,3,3501430,5,1,18.0,57,true
2026-09-05,2,3,3501430,6,1,27.0,85,true
2026-09-05,2,3,3501430,7,1,19.0,60,true
2026-09-05,2,3,3501430,8,1,14.0,44,true
2026-09-05,2,3,3501430,9,1,20.0,63,true
2026-09-05,2,3,3501430,10,1,13.0,41,true
2026-09-05,2,3,3501430,11,1,12.0,38,true
2026-09-05,2,3,3501430,12,1,10.0,32,true
2026-09-05,2,3,3501430,13,1,22.0,69,true
2026-09-05,4,3,3500162,1,1,22.0,105,true
2026-09-05,4,3,3500162,2,1,19.0,91,true
2026-09-05,4,3,3500162,3,1,17.0,81,true
2026-09-05,4,3,3500162,4,1,15.0,72,true
2026-09-05,4,3,3500162,5,1,10.0,48,true
2026-09-05,4,3,3500162,6,1,24.0,115,true
2026-09-05,4,3,3500162,7,1,16.0,77,true
2026-09-05,4,3,3500162,8,1,18.0,86,true
2026-09-05,4,3,3500162,9,1,19.0,91,true
2026-09-05,4,3,3500162,10,1,20.0,96,true
2026-09-05,4,3,3500162,11,1,14.0,67,true
2026-09-05,4,3,3500162,12,1,12.0,58,true
2026-09-05,4,3,3500162,13,1,24.0,115,true
2026-09-05,6,3,3500888,1,1,24.0,39,true
2026-09-05,6,3,3500888,2,1,26.0,42,true
2026-09-05,6,3,3500888,3,1,22.0,36,true
2026-09-05,6,3,3500888,4,1,20.0,33,true
2026-09-05,6,3,3500888,5,1,19.0,31,true
2026-09-05,6,3,3500888,6,1,34.0,55,true
2026-09-05,6,3,3500888,7,1,15.0,25,true
2026-09-05,6,3,3500888,8,1,23.0,38,true
2026-09-05,6,3,3500888,9,1,17.0,28,true
2026-09-05,6,3,3500888,10,1,18.0,30,true
2026-09-05,6,3,3500888,11,1,19.0,31,true
2026-09-05,6,3,3500888,12,1,26.0,42,true
2026-09-05,6,3,3500888,13,1,49.0,80,true
2026-09-05,1,1,3500005,1,1,17.0,97,true
2026-09-05,1,1,3500005,2,1,20.0,113,true
2026-09-05,1,1,3500005,3,1,13.0,74,true
2026-09-05,1,1,3500005,4,1,14.0,80,true
2026-09-05,1,1,3500005,5,1,10.0,57,true
2026-09-05,1,1,3500005,6,1,22.0,125,true
2026-09-05,1,1,3500005,7,1,13.0,74,true
2026-09-05,1,1,3500005,8,1,19.0,108,true
2026-09-05,1,1,3500005,9,1,20.0,113,true
2026-09-05,1,1,3500005,10,1,24.0,136,true
2026-09-05,1,1,3500005,11,1,10.0,57,true
2026-09-05,1,1,3500005,12,1,12.0,68,true
2026-09-05,1,1,3500005,13,1,20.0,113,true
2026-09-05,2,1,3501430,1,1,13.0,41,true
2026-09-05,2,1,3501430,2,1,17.0,53,true
2026-09-05,2,1,3501430,3,1,20.0,63,true
2026-09-05,2,1,3501430,4,1,24.0,75,true
2026-09-05,2,1,3501430,5,1,15.0,47,true
2026-09-05,2,1,3501430,6,1,20.0,63,true
2026-09-05,2,1,3501430,7,1,24.0,75,true
2026-09-05,2,1,3501430,8,1,12.0,38,true
2026-09-05,2,1,3501430,9,1,17.0,53,true
2026-09-05,2,1,3501430,10,1,15.0,47,true
2026-09-05,2,1,3501430,11,1,10.0,32,true
2026-09-05,2,1,3501430,12,1,20.0,63,true
2026-09-05,2,1,3501430,13,1,20.0,63,true
2026-09-05,4,1,3500162,1,1,35.0,167,true
2026-09-05,4,1,3500162,2,1,20.0,96,true
2026-09-05,4,1,3500162,3,1,19.0,91,true
2026-09-05,4,1,3500162,4,1,15.0,72,true
2026-09-05,4,1,3500162,5,1,10.0,48,true
2026-09-05,4,1,3500162,6,1,22.0,105,true
2026-09-05,4,1,3500162,7,1,30.0,143,true
2026-09-05,4,1,3500162,8,1,24.0,115,true
2026-09-05,4,1,3500162,9,1,12.0,58,true
2026-09-05,4,1,3500162,10,1,10.0,48,true
2026-09-05,4,1,3500162,11,1,20.0,96,true
2026-09-05,4,1,3500162,12,1,10.0,48,true
2026-09-05,4,1,3500162,13,1,20.0,96,true
2026-09-05,6,1,3500888,1,1,19.0,31,true
2026-09-05,6,1,3500888,2,1,24.0,39,true
2026-09-05,6,1,3500888,3,1,13.0,21,true
2026-09-05,6,1,3500888,4,1,29.0,47,true
2026-09-05,6,1,3500888,5,1,17.0,28,true
2026-09-05,6,1,3500888,6,1,30.0,49,true
2026-09-05,6,1,3500888,7,1,20.0,33,true
2026-09-05,6,1,3500888,8,1,24.0,39,true
2026-09-05,6,1,3500888,9,1,10.0,17,true
2026-09-05,6,1,3500888,10,1,13.0,21,true
2026-09-05,6,1,3500888,11,1,20.0,33,true
2026-09-05,6,1,3500888,12,1,10.0,17,true
2026-09-05,6,1,3500888,13,1,12.0,20,true
2026-09-05,1,2,3500005,1,1,12.0,68,true
2026-09-05,1,2,3500005,2,1,10.0,57,true
2026-09-05,1,2,3500005,3,1,12.0,68,true
2026-09-05,1,2,3500005,4,1,11.0,63,true
2026-09-05,1,2,3500005,5,1,10.0,57,true
2026-09-05,1,2,3500005,6,1,12.0,68,true
2026-09-05,1,2,3500005,7,1,10.0,57,true
2026-09-05,1,2,3500005,8,1,9.0,51,true
2026-09-05,1,2,3500005,9,1,7.0,40,true
2026-09-05,1,2,3500005,10,1,10.0,57,true
2026-09-05,1,2,3500005,11,1,12.0,68,true
2026-09-05,1,2,3500005,12,1,10.0,57,true
2026-09-05,1,2,3500005,13,1,11.0,63,true
2026-09-05,2,2,3501430,1,1,15.0,47,true
2026-09-05,2,2,3501430,2,1,17.0,53,true
2026-09-05,2,2,3501430,3,1,12.0,38,true
2026-09-05,2,2,3501430,4,1,15.0,47,true
2026-09-05,2,2,3501430,5,1,10.0,32,true
2026-09-05,2,2,3501430,6,1,13.0,41,true
2026-09-05,2,2,3501430,7,1,12.0,38,true
2026-09-05,2,2,3501430,8,1,10.0,32,true
2026-09-05,2,2,3501430,9,1,11.0,35,true
2026-09-05,2,2,3501430,10,1,19.0,60,true
2026-09-05,2,2,3501430,11,1,10.0,32,true
2026-09-05,2,2,3501430,12,1,12.0,38,true
2026-09-05,2,2,3501430,13,1,15.0,47,true
2026-09-05,4,2,3500162,1,1,18.0,86,true
2026-09-05,4,2,3500162,2,1,17.0,81,true
2026-09-05,4,2,3500162,3,1,12.0,58,true
2026-09-05,4,2,3500162,4,1,13.0,62,true
2026-09-05,4,2,3500162,5,1,15.0,72,true
2026-09-05,4,2,3500162,6,1,14.0,67,true
2026-09-05,4,2,3500162,7,1,15.0,72,true
2026-09-05,4,2,3500162,8,1,12.0,58,true
2026-09-05,4,2,3500162,9,1,10.0,48,true
2026-09-05,4,2,3500162,10,1,12.0,58,true
2026-09-05,4,2,3500162,11,1,11.0,53,true
2026-09-05,4,2,3500162,12,1,10.0,48,true
2026-09-05,4,2,3500162,13,1,15.0,72,true
2026-09-06,1,3,3500005,1,1,10.0,57,true
2026-09-06,1,3,3500005,2,1,11.0,63,true
2026-09-06,1,3,3500005,3,1,9.0,51,true
2026-09-06,1,3,3500005,4,1,12.0,68,true
2026-09-06,1,3,3500005,5,1,14.0,80,true
2026-09-06,1,3,3500005,6,1,24.0,136,true
2026-09-06,1,3,3500005,7,1,18.0,102,true
2026-09-06,1,3,3500005,8,1,8.0,46,true
2026-09-06,1,3,3500005,9,1,14.0,80,true
2026-09-06,1,3,3500005,10,1,12.0,68,true
2026-09-06,1,3,3500005,11,1,10.0,57,true
2026-09-06,1,3,3500005,12,1,17.0,97,true
2026-09-06,1,3,3500005,13,1,26.0,147,true
2026-09-06,2,3,3500162,1,1,20.0,96,true
2026-09-06,2,3,3500162,2,1,17.0,81,true
2026-09-06,2,3,3500162,3,1,15.0,72,true
2026-09-06,2,3,3500162,4,1,10.0,48,true
2026-09-06,2,3,3500162,5,1,9.0,43,true
2026-09-06,2,3,3500162,6,1,27.0,129,true
2026-09-06,2,3,3500162,7,1,13.0,62,true
2026-09-06,2,3,3500162,8,1,18.0,86,true
2026-09-06,2,3,3500162,9,1,14.0,67,true
2026-09-06,2,3,3500162,10,1,12.0,58,true
2026-09-06,2,3,3500162,11,1,10.0,48,true
2026-09-06,2,3,3500162,12,1,19.0,91,true
2026-09-06,2,3,3500162,13,1,30.0,143,true
2026-09-06,4,3,3500162,1,1,22.0,105,true
2026-09-06,4,3,3500162,2,1,19.0,91,true
2026-09-06,4,3,3500162,3,1,15.0,72,true
2026-09-06,4,3,3500162,4,1,10.0,48,true
2026-09-06,4,3,3500162,5,1,17.0,81,true
2026-09-06,4,3,3500162,6,1,27.0,129,true
2026-09-06,4,3,3500162,7,1,16.0,77,true
2026-09-06,4,3,3500162,8,1,18.0,86,true
2026-09-06,4,3,3500162,9,1,19.0,91,true
2026-09-06,4,3,3500162,10,1,26.0,124,true
2026-09-06,4,3,3500162,11,1,13.0,62,true
2026-09-06,4,3,3500162,12,1,12.0,58,true
2026-09-06,4,3,3500162,13,1,21.0,100,true
2026-09-06,1,1,3500005,1,1,10.0,57,true
2026-09-06,1,1,3500005,2,1,9.0,51,true
2026-09-06,1,1,3500005,3,1,8.0,46,true
2026-09-06,1,1,3500005,4,1,10.0,57,true
2026-09-06,1,1,3500005,5,1,8.0,46,true
2026-09-06,1,1,3500005,6,1,9.0,51,true
2026-09-06,1,1,3500005,7,1,7.0,40,true
2026-09-06,1,1,3500005,8,1,8.0,46,true
2026-09-06,1,1,3500005,9,1,5.0,29,true
2026-09-06,1,1,3500005,10,1,9.0,51,true
2026-09-06,1,1,3500005,11,1,8.0,46,true
2026-09-06,1,1,3500005,12,1,8.0,46,true
2026-09-06,1,1,3500005,13,1,7.0,40,true
2026-09-06,2,1,3500162,1,1,25.0,120,true
2026-09-06,2,1,3500162,2,1,23.0,110,true
2026-09-06,2,1,3500162,3,1,30.0,143,true
2026-09-06,2,1,3500162,4,1,22.0,105,true
2026-09-06,2,1,3500162,5,1,20.0,96,true
2026-09-06,2,1,3500162,6,1,25.0,120,true
2026-09-06,2,1,3500162,7,1,12.0,58,true
2026-09-06,2,1,3500162,8,1,15.0,72,true
2026-09-06,2,1,3500162,9,1,20.0,96,true
2026-09-06,2,1,3500162,10,1,15.0,72,true
2026-09-06,2,1,3500162,11,1,12.0,58,true
2026-09-06,2,1,3500162,12,1,15.0,72,true
2026-09-06,2,1,3500162,13,1,22.0,105,true
2026-09-06,4,1,3500162,1,1,20.0,96,true
2026-09-06,4,1,3500162,2,1,19.0,91,true
2026-09-06,4,1,3500162,3,1,15.0,72,true
2026-09-06,4,1,3500162,4,1,17.0,81,true
2026-09-06,4,1,3500162,5,1,15.0,72,true
2026-09-06,4,1,3500162,6,1,18.0,86,true
2026-09-06,4,1,3500162,7,1,15.0,72,true
2026-09-06,4,1,3500162,8,1,12.0,58,true
2026-09-06,4,1,3500162,9,1,13.0,62,true
2026-09-06,4,1,3500162,10,1,12.0,58,true
2026-09-06,4,1,3500162,11,1,11.0,53,true
2026-09-06,4,1,3500162,12,1,12.0,58,true
2026-09-06,4,1,3500162,13,1,10.0,48,true
2026-09-06,6,1,3500888,1,1,22.0,36,true
2026-09-06,6,1,3500888,2,1,17.0,28,true
2026-09-06,6,1,3500888,3,1,15.0,25,true
2026-09-06,6,1,3500888,4,1,14.0,23,true
2026-09-06,6,1,3500888,5,1,12.0,20,true
2026-09-06,6,1,3500888,6,1,12.0,20,true
2026-09-06,6,1,3500888,7,1,17.0,28,true
2026-09-06,6,1,3500888,8,1,18.0,30,true
2026-09-06,6,1,3500888,9,1,12.0,20,true
2026-09-06,6,1,3500888,10,1,13.0,21,true
2026-09-06,6,1,3500888,11,1,11.0,18,true
2026-09-06,6,1,3500888,12,1,10.0,17,true
2026-09-06,6,1,3500888,13,1,12.0,20,true
2026-09-07,1,3,3500005,1,1,19.0,108,true
2026-09-07,1,3,3500005,2,1,20.0,113,true
2026-09-07,1,3,3500005,3,1,13.0,74,true
2026-09-07,1,3,3500005,4,1,17.0,97,true
2026-09-07,1,3,3500005,5,1,15.0,85,true
2026-09-07,1,3,3500005,6,1,22.0,125,true
2026-09-07,1,3,3500005,7,1,12.0,68,true
2026-09-07,1,3,3500005,8,1,20.0,113,true
2026-09-07,1,3,3500005,9,1,30.0,170,true
2026-09-07,1,3,3500005,10,1,17.0,97,true
2026-09-07,1,3,3500005,11,1,19.0,108,true
2026-09-07,1,3,3500005,12,1,22.0,125,true
2026-09-07,1,3,3500005,13,1,20.0,113,true
2026-09-07,2,3,3500162,1,1,35.0,167,true
2026-09-07,2,3,3500162,2,1,24.0,115,true
2026-09-07,2,3,3500162,3,1,19.0,91,true
2026-09-07,2,3,3500162,4,1,15.0,72,true
2026-09-07,2,3,3500162,5,1,19.0,91,true
2026-09-07,2,3,3500162,6,1,30.0,143,true
2026-09-07,2,3,3500162,7,1,33.0,158,true
2026-09-07,2,3,3500162,8,1,19.0,91,true
2026-09-07,2,3,3500162,9,1,13.0,62,true
2026-09-07,2,3,3500162,10,1,15.0,72,true
2026-09-07,2,3,3500162,11,1,20.0,96,true
2026-09-07,2,3,3500162,12,1,10.0,48,true
2026-09-07,2,3,3500162,13,1,24.0,115,true
2026-09-07,6,3,3500888,1,1,40.0,65,true
2026-09-07,6,3,3500888,2,1,24.0,39,true
2026-09-07,6,3,3500888,3,1,12.0,20,true
2026-09-07,6,3,3500888,4,1,19.0,31,true
2026-09-07,6,3,3500888,5,1,19.0,31,true
2026-09-07,6,3,3500888,6,1,20.0,33,true
2026-09-07,6,3,3500888,7,1,35.0,57,true
2026-09-07,6,3,3500888,8,1,27.0,44,true
2026-09-07,6,3,3500888,9,1,10.0,17,true
2026-09-07,6,3,3500888,10,1,20.0,33,true
2026-09-07,6,3,3500888,11,1,10.0,17,true
2026-09-07,6,3,3500888,12,1,12.0,20,true
2026-09-07,6,3,3500888,13,1,20.0,33,true
2026-09-07,1,1,3500005,1,1,19.0,108,false
2026-09-07,1,1,3500005,2,1,18.0,102,false
2026-09-07,1,1,3500005,3,1,20.0,113,false
2026-09-07,1,1,3500005,4,1,16.0,91,false
2026-09-07,1,1,3500005,5,1,20.0,113,false
2026-09-07,1,1,3500005,6,1,28.0,159,false
2026-09-07,1,1,3500005,7,1,11.0,63,false
2026-09-07,1,1,3500005,8,1,12.0,68,false
2026-09-07,1,1,3500005,9,1,20.0,113,false
2026-09-07,1,1,3500005,10,1,22.0,125,false
2026-09-07,1,1,3500005,11,1,20.0,113,false
2026-09-07,1,1,3500005,12,1,21.0,119,false
2026-09-07,1,1,3500005,13,1,30.0,170,false
2026-09-07,2,1,3500162,1,1,22.0,105,false
2026-09-07,2,1,3500162,2,1,20.0,96,false
2026-09-07,2,1,3500162,3,1,19.0,91,false
2026-09-07,2,1,3500162,4,1,21.0,100,false
2026-09-07,2,1,3500162,5,1,22.0,105,false
2026-09-07,2,1,3500162,6,1,37.0,177,false
2026-09-07,2,1,3500162,7,1,11.0,53,false
2026-09-07,2,1,3500162,8,1,10.0,48,false
2026-09-07,2,1,3500162,9,1,20.0,96,false
2026-09-07,2,1,3500162,10,1,25.0,120,false
2026-09-07,2,1,3500162,11,1,22.0,105,false
2026-09-07,2,1,3500162,12,1,21.0,100,false
2026-09-07,2,1,3500162,13,1,36.0,172,false
2026-09-07,4,1,412671,1,1,22.0,95,false
2026-09-07,4,1,412671,2,1,25.0,108,false
2026-09-07,4,1,412671,3,1,21.0,91,false
2026-09-07,4,1,412671,4,1,20.0,87,false
2026-09-07,4,1,412671,5,1,19.0,82,false
2026-09-07,4,1,412671,6,1,33.0,143,false
2026-09-07,4,1,412671,7,1,11.0,48,false
2026-09-07,4,1,412671,8,1,12.0,52,false
2026-09-07,4,1,412671,9,1,22.0,95,false
2026-09-07,4,1,412671,10,1,20.0,87,false
2026-09-07,4,1,412671,11,1,21.0,91,false
2026-09-07,4,1,412671,12,1,25.0,108,false
2026-09-07,4,1,412671,13,1,33.0,143,false
2026-09-07,6,1,3500888,1,1,22.0,36,false
2026-09-07,6,1,3500888,2,1,25.0,41,false
2026-09-07,6,1,3500888,3,1,28.0,46,false
2026-09-07,6,1,3500888,4,1,22.0,36,false
2026-09-07,6,1,3500888,5,1,20.0,33,false
2026-09-07,6,1,3500888,6,1,38.0,62,false
2026-09-07,6,1,3500888,7,1,11.0,18,false
2026-09-07,6,1,3500888,8,1,12.0,20,false
2026-09-07,6,1,3500888,9,1,22.0,36,false
2026-09-07,6,1,3500888,10,1,25.0,41,false
2026-09-07,6,1,3500888,11,1,20.0,33,false
2026-09-07,6,1,3500888,12,1,21.0,34,false
2026-09-07,6,1,3500888,13,1,31.0,50,false
2026-09-06,1,2,3500005,1,1,19.0,108,false
2026-09-06,1,2,3500005,2,1,18.0,102,false
2026-09-06,1,2,3500005,3,1,20.0,113,false
2026-09-06,1,2,3500005,4,1,16.0,91,false
2026-09-06,1,2,3500005,5,1,18.0,102,false
2026-09-06,1,2,3500005,6,1,31.0,176,false
2026-09-06,1,2,3500005,7,1,11.0,63,false
2026-09-06,1,2,3500005,8,1,12.0,68,false
2026-09-06,1,2,3500005,9,1,20.0,113,false
2026-09-06,1,2,3500005,10,1,19.0,108,false
2026-09-06,1,2,3500005,11,1,21.0,119,false
2026-09-06,1,2,3500005,12,1,20.0,113,false
2026-09-06,1,2,3500005,13,1,32.0,181,false
2026-09-06,2,2,3500162,1,1,22.0,105,false
2026-09-06,2,2,3500162,2,1,25.0,120,false
2026-09-06,2,2,3500162,3,1,21.0,100,false
2026-09-06,2,2,3500162,4,1,22.0,105,false
2026-09-06,2,2,3500162,5,1,25.0,120,false
2026-09-06,2,2,3500162,6,1,32.0,153,false
2026-09-06,2,2,3500162,7,1,11.0,53,false
2026-09-06,2,2,3500162,8,1,12.0,58,false
2026-09-06,2,2,3500162,9,1,20.0,96,false
2026-09-06,2,2,3500162,10,1,23.0,110,false
2026-09-06,2,2,3500162,11,1,21.0,100,false
2026-09-06,2,2,3500162,12,1,22.0,105,false
2026-09-06,2,2,3500162,13,1,36.0,172,false
2026-09-06,6,2,3500888,1,1,22.0,36,false
2026-09-06,6,2,3500888,2,1,20.0,33,false
2026-09-06,6,2,3500888,3,1,21.0,34,false
2026-09-06,6,2,3500888,4,1,22.0,36,false
2026-09-06,6,2,3500888,5,1,19.0,31,false
2026-09-06,6,2,3500888,6,1,36.0,59,false
2026-09-06,6,2,3500888,7,1,12.0,20,false
2026-09-06,6,2,3500888,8,1,11.0,18,false
2026-09-06,6,2,3500888,9,1,22.0,36,false
2026-09-06,6,2,3500888,10,1,20.0,33,false
2026-09-06,6,2,3500888,11,1,25.0,41,false
2026-09-06,6,2,3500888,12,1,21.0,34,false
2026-09-06,6,2,3500888,13,1,31.0,50,false
2026-09-07,1,2,3500005,1,1,20.0,113,false
2026-09-07,1,2,3500005,2,1,10.0,57,false
2026-09-07,1,2,3500005,3,1,15.0,85,false
2026-09-07,1,2,3500005,4,1,9.0,51,false
2026-09-07,1,2,3500005,5,1,16.0,91,false
2026-09-07,1,2,3500005,6,1,26.0,147,false
2026-09-07,1,2,3500005,7,1,13.0,74,false
2026-09-07,1,2,3500005,8,1,17.0,97,false
2026-09-07,1,2,3500005,9,1,18.0,102,false
2026-09-07,1,2,3500005,10,1,19.0,108,false
2026-09-07,1,2,3500005,11,1,11.0,63,false
2026-09-07,1,2,3500005,12,1,16.0,91,false
2026-09-07,1,2,3500005,13,1,28.0,159,false
2026-09-07,2,2,3500162,1,1,15.0,72,false
2026-09-07,2,2,3500162,2,1,16.0,77,false
2026-09-07,2,2,3500162,3,1,10.0,48,false
2026-09-07,2,2,3500162,4,1,8.0,39,false
2026-09-07,2,2,3500162,5,1,11.0,53,false
2026-09-07,2,2,3500162,6,1,30.0,143,false
2026-09-07,2,2,3500162,7,1,19.0,91,false
2026-09-07,2,2,3500162,8,1,14.0,67,false
2026-09-07,2,2,3500162,9,1,20.0,96,false
2026-09-07,2,2,3500162,10,1,18.0,86,false
2026-09-07,2,2,3500162,11,1,12.0,58,false
2026-09-07,2,2,3500162,12,1,13.0,62,false
2026-09-07,2,2,3500162,13,1,23.0,110,false
2026-09-07,4,2,412671,1,1,17.0,74,false
2026-09-07,4,2,412671,2,1,10.0,44,false
2026-09-07,4,2,412671,3,1,18.0,78,false
2026-09-07,4,2,412671,4,1,19.0,82,false
2026-09-07,4,2,412671,5,1,20.0,87,false
2026-09-07,4,2,412671,6,1,29.0,125,false
2026-09-07,4,2,412671,7,1,12.0,52,false
2026-09-07,4,2,412671,8,1,8.0,35,false
2026-09-07,4,2,412671,9,1,22.0,95,false
2026-09-07,4,2,412671,10,1,12.0,52,false
2026-09-07,4,2,412671,11,1,11.0,48,false
2026-09-07,4,2,412671,12,1,17.0,74,false
2026-09-07,4,2,412671,13,1,22.0,95,false
2026-09-08,1,2,3500005,1,1,20.0,113,false
2026-09-08,1,2,3500005,2,1,15.0,85,false
2026-09-08,1,2,3500005,3,1,17.0,97,false
2026-09-08,1,2,3500005,4,1,16.0,91,false
2026-09-08,1,2,3500005,5,1,10.0,57,false
2026-09-08,1,2,3500005,6,1,20.0,113,false
2026-09-08,1,2,3500005,7,1,14.0,80,false
2026-09-08,1,2,3500005,8,1,13.0,74,false
2026-09-08,1,2,3500005,9,1,18.0,102,false
2026-09-08,1,2,3500005,10,1,10.0,57,false
2026-09-08,1,2,3500005,11,1,19.0,108,false
2026-09-08,1,2,3500005,12,1,9.0,51,false
2026-09-08,1,2,3500005,13,1,19.0,108,false
2026-09-08,2,2,3500162,1,1,15.0,72,false
2026-09-08,2,2,3500162,2,1,13.0,62,false
2026-09-08,2,2,3500162,3,1,10.0,48,false
2026-09-08,2,2,3500162,4,1,14.0,67,false
2026-09-08,2,2,3500162,5,1,9.0,43,false
2026-09-08,2,2,3500162,6,1,37.0,177,false
2026-09-08,2,2,3500162,7,1,19.0,91,false
2026-09-08,2,2,3500162,8,1,12.0,58,false
2026-09-08,2,2,3500162,9,1,11.0,53,false
2026-09-08,2,2,3500162,10,1,8.0,39,false
2026-09-08,2,2,3500162,11,1,22.0,105,false
2026-09-08,2,2,3500162,12,1,10.0,48,false
2026-09-08,2,2,3500162,13,1,19.0,91,false
2026-09-08,4,2,3500446,1,1,18.0,78,false
2026-09-08,4,2,3500446,2,1,11.0,48,false
2026-09-08,4,2,3500446,3,1,12.0,52,false
2026-09-08,4,2,3500446,4,1,14.0,61,false
2026-09-08,4,2,3500446,5,1,9.0,39,false
2026-09-08,4,2,3500446,6,1,23.0,100,false
2026-09-08,4,2,3500446,7,1,22.0,95,false
2026-09-08,4,2,3500446,8,1,19.0,82,false
2026-09-08,4,2,3500446,9,1,17.0,74,false
2026-09-08,4,2,3500446,10,1,13.0,57,false
2026-09-08,4,2,3500446,11,1,24.0,104,false
2026-09-08,4,2,3500446,12,1,20.0,87,false
2026-09-08,4,2,3500446,13,1,25.0,108,false
2026-09-09,1,3,3500005,1,1,13.0,74,false
2026-09-09,1,3,3500005,2,1,14.0,80,false
2026-09-09,1,3,3500005,3,1,20.0,113,false
2026-09-09,1,3,3500005,4,1,27.0,153,false
2026-09-09,1,3,3500005,5,1,15.0,85,false
2026-09-09,1,3,3500005,6,1,21.0,119,false
2026-09-09,1,3,3500005,7,1,10.0,57,false
2026-09-09,1,3,3500005,8,1,13.0,74,false
2026-09-09,1,3,3500005,9,1,23.0,130,false
2026-09-09,1,3,3500005,10,1,14.0,80,false
2026-09-09,1,3,3500005,11,1,15.0,85,false
2026-09-09,1,3,3500005,12,1,10.0,57,false
2026-09-09,1,3,3500005,13,1,19.0,108,false
2026-09-09,2,3,3500162,1,1,35.0,167,false
2026-09-09,2,3,3500162,2,1,24.0,115,false
2026-09-09,2,3,3500162,3,1,15.0,72,false
2026-09-09,2,3,3500162,4,1,12.0,58,false
2026-09-09,2,3,3500162,5,1,17.0,81,false
2026-09-09,2,3,3500162,6,1,24.0,115,false
2026-09-09,2,3,3500162,7,1,20.0,96,false
2026-09-09,2,3,3500162,8,1,27.0,129,false
2026-09-09,2,3,3500162,9,1,17.0,81,false
2026-09-09,2,3,3500162,10,1,10.0,48,false
2026-09-09,2,3,3500162,11,1,25.0,120,false
2026-09-09,2,3,3500162,12,1,14.0,67,false
2026-09-09,2,3,3500162,13,1,20.0,96,false
2026-09-09,4,3,3500446,1,1,40.0,173,false
2026-09-09,4,3,3500446,2,1,20.0,87,false
2026-09-09,4,3,3500446,3,1,24.0,104,false
2026-09-09,4,3,3500446,4,1,17.0,74,false
2026-09-09,4,3,3500446,5,1,20.0,87,false
2026-09-09,4,3,3500446,6,1,24.0,104,false
2026-09-09,4,3,3500446,7,1,30.0,130,false
2026-09-09,4,3,3500446,8,1,40.0,173,false
2026-09-09,4,3,3500446,9,1,13.0,57,false
2026-09-09,4,3,3500446,10,1,10.0,44,false
2026-09-09,4,3,3500446,11,1,23.0,100,false
2026-09-09,4,3,3500446,12,1,10.0,44,false
2026-09-09,4,3,3500446,13,1,22.0,95,false
2026-09-09,1,1,3500005,1,1,19.0,108,false
2026-09-09,1,1,3500005,2,1,18.0,102,false
2026-09-09,1,1,3500005,3,1,17.0,97,false
2026-09-09,1,1,3500005,4,1,20.0,113,false
2026-09-09,1,1,3500005,5,1,21.0,119,false
2026-09-09,1,1,3500005,6,1,30.0,170,false
2026-09-09,1,1,3500005,7,1,11.0,63,false
2026-09-09,1,1,3500005,8,1,12.0,68,false
2026-09-09,1,1,3500005,9,1,21.0,119,false
2026-09-09,1,1,3500005,10,1,22.0,125,false
2026-09-09,1,1,3500005,11,1,23.0,130,false
2026-09-09,1,1,3500005,12,1,20.0,113,false
2026-09-09,1,1,3500005,13,1,32.0,181,false
2026-09-09,2,1,3500162,1,1,21.0,100,false
2026-09-09,2,1,3500162,2,1,21.0,100,false
2026-09-09,2,1,3500162,3,1,20.0,96,false
2026-09-09,2,1,3500162,4,1,21.0,100,false
2026-09-09,2,1,3500162,5,1,19.0,91,false
2026-09-09,2,1,3500162,6,1,33.0,158,false
2026-09-09,2,1,3500162,7,1,12.0,58,false
2026-09-09,2,1,3500162,8,1,10.0,48,false
2026-09-09,2,1,3500162,9,1,21.0,100,false
2026-09-09,2,1,3500162,10,1,20.0,96,false
2026-09-09,2,1,3500162,11,1,22.0,105,false
2026-09-09,2,1,3500162,12,1,23.0,110,false
2026-09-09,2,1,3500162,13,1,33.0,158,false
2026-09-09,4,1,3501430,1,1,22.0,69,false
2026-09-09,4,1,3501430,2,1,20.0,63,false
2026-09-09,4,1,3501430,3,1,21.0,66,false
2026-09-09,4,1,3501430,4,1,19.0,60,false
2026-09-09,4,1,3501430,5,1,16.0,50,false
2026-09-09,4,1,3501430,6,1,30.0,94,false
2026-09-09,4,1,3501430,7,1,12.0,38,false
2026-09-09,4,1,3501430,8,1,10.0,32,false
2026-09-09,4,1,3501430,9,1,20.0,63,false
2026-09-09,4,1,3501430,10,1,22.0,69,false
2026-09-09,4,1,3501430,11,1,21.0,66,false
2026-09-09,4,1,3501430,12,1,20.0,63,false
2026-09-09,4,1,3501430,13,1,33.0,103,false
2026-09-09,1,2,3500005,1,1,15.0,85,false
2026-09-09,1,2,3500005,2,1,11.0,63,false
2026-09-09,1,2,3500005,3,1,9.0,51,false
2026-09-09,1,2,3500005,4,1,16.0,91,false
2026-09-09,1,2,3500005,5,1,17.0,97,false
2026-09-09,1,2,3500005,6,1,32.0,181,false
2026-09-09,1,2,3500005,7,1,14.0,80,false
2026-09-09,1,2,3500005,8,1,12.0,68,false
2026-09-09,1,2,3500005,9,1,10.0,57,false
2026-09-09,1,2,3500005,10,1,18.0,102,false
2026-09-09,1,2,3500005,11,1,20.0,113,false
2026-09-09,1,2,3500005,12,1,10.0,57,false
2026-09-09,1,2,3500005,13,1,18.0,102,false
2026-09-09,2,2,3500162,1,1,20.0,96,false
2026-09-09,2,2,3500162,2,1,16.0,77,false
2026-09-09,2,2,3500162,3,1,10.0,48,false
2026-09-09,2,2,3500162,4,1,12.0,58,false
2026-09-09,2,2,3500162,5,1,9.0,43,false
2026-09-09,2,2,3500162,6,1,32.0,153,false
2026-09-09,2,2,3500162,7,1,13.0,62,false
2026-09-09,2,2,3500162,8,1,15.0,72,false
2026-09-09,2,2,3500162,9,1,17.0,81,false
2026-09-09,2,2,3500162,10,1,19.0,91,false
2026-09-09,2,2,3500162,11,1,11.0,53,false
2026-09-09,2,2,3500162,12,1,8.0,39,false
2026-09-09,2,2,3500162,13,1,17.0,81,false
2026-09-09,4,2,3501430,1,1,11.0,35,false
2026-09-09,4,2,3501430,2,1,16.0,50,false
2026-09-09,4,2,3501430,3,1,18.0,57,false
2026-09-09,4,2,3501430,4,1,20.0,63,false
2026-09-09,4,2,3501430,5,1,9.0,29,false
2026-09-09,4,2,3501430,6,1,29.0,91,false
2026-09-09,4,2,3501430,7,1,17.0,53,false
2026-09-09,4,2,3501430,8,1,14.0,44,false
2026-09-09,4,2,3501430,9,1,12.0,38,false
2026-09-09,4,2,3501430,10,1,13.0,41,false
2026-09-09,4,2,3501430,11,1,8.0,25,false
2026-09-09,4,2,3501430,12,1,11.0,35,false
2026-09-09,4,2,3501430,13,1,26.0,82,false
2026-09-10,1,3,3500005,1,1,19.0,108,false
2026-09-10,1,3,3500005,2,1,14.0,80,false
2026-09-10,1,3,3500005,3,1,17.0,97,false
2026-09-10,1,3,3500005,4,1,10.0,57,false
2026-09-10,1,3,3500005,5,1,11.0,63,false
2026-09-10,1,3,3500005,6,1,22.0,125,false
2026-09-10,1,3,3500005,7,1,29.0,164,false
2026-09-10,1,3,3500005,8,1,10.0,57,false
2026-09-10,1,3,3500005,9,1,133.0,752,false
2026-09-10,1,3,3500005,10,1,14.0,80,false
2026-09-10,1,3,3500005,11,1,27.0,153,false
2026-09-10,1,3,3500005,12,1,20.0,113,false
2026-09-10,1,3,3500005,13,1,20.0,113,false
2026-09-10,2,3,3500162,1,1,24.0,115,false
2026-09-10,2,3,3500162,2,1,19.0,91,false
2026-09-10,2,3,3500162,3,1,20.0,96,false
2026-09-10,2,3,3500162,4,1,17.0,81,false
2026-09-10,2,3,3500162,5,1,10.0,48,false
2026-09-10,2,3,3500162,6,1,23.0,110,false
2026-09-10,2,3,3500162,7,1,20.0,96,false
2026-09-10,2,3,3500162,8,1,17.0,81,false
2026-09-10,2,3,3500162,9,1,22.0,105,false
2026-09-10,2,3,3500162,10,1,17.0,81,false
2026-09-10,2,3,3500162,11,1,10.0,48,false
2026-09-10,2,3,3500162,12,1,12.0,58,false
2026-09-10,2,3,3500162,13,1,20.0,96,false
2026-09-10,4,3,3501430,1,1,12.0,38,false
2026-09-10,4,3,3501430,2,1,13.0,41,false
2026-09-10,4,3,3501430,3,1,17.0,53,false
2026-09-10,4,3,3501430,4,1,19.0,60,false
2026-09-10,4,3,3501430,5,1,10.0,32,false
2026-09-10,4,3,3501430,6,1,22.0,69,false
2026-09-10,4,3,3501430,7,1,17.0,53,false
2026-09-10,4,3,3501430,8,1,15.0,47,false
2026-09-10,4,3,3501430,9,1,10.0,32,false
2026-09-10,4,3,3501430,10,1,20.0,63,false
2026-09-10,4,3,3501430,11,1,10.0,32,false
2026-09-10,4,3,3501430,12,1,12.0,38,false
2026-09-10,4,3,3501430,13,1,21.0,66,false
2026-09-10,1,2,3500005,1,1,20.0,113,false
2026-09-10,1,2,3500005,2,1,17.0,97,false
2026-09-10,1,2,3500005,3,1,11.0,63,false
2026-09-10,1,2,3500005,4,1,9.0,51,false
2026-09-10,1,2,3500005,5,1,16.0,91,false
2026-09-10,1,2,3500005,6,1,35.0,198,false
2026-09-10,1,2,3500005,7,1,8.0,46,false
2026-09-10,1,2,3500005,8,1,14.0,80,false
2026-09-10,1,2,3500005,9,1,12.0,68,false
2026-09-10,1,2,3500005,10,1,19.0,108,false
2026-09-10,1,2,3500005,11,1,13.0,74,false
2026-09-10,1,2,3500005,12,1,10.0,57,false
2026-09-10,1,2,3500005,13,1,18.0,102,false
2026-09-10,2,2,3500162,1,1,15.0,72,false
2026-09-10,2,2,3500162,2,1,11.0,53,false
2026-09-10,2,2,3500162,3,1,16.0,77,false
2026-09-10,2,2,3500162,4,1,20.0,96,false
2026-09-10,2,2,3500162,5,1,9.0,43,false
2026-09-10,2,2,3500162,6,1,20.0,96,false
2026-09-10,2,2,3500162,7,1,17.0,81,false
2026-09-10,2,2,3500162,8,1,14.0,67,false
2026-09-10,2,2,3500162,9,1,15.0,72,false
2026-09-10,2,2,3500162,10,1,18.0,86,false
2026-09-10,2,2,3500162,11,1,13.0,62,false
2026-09-10,2,2,3500162,12,1,10.0,48,false
2026-09-10,2,2,3500162,13,1,26.0,124,false
2026-09-10,4,2,3501430,1,1,20.0,63,false
2026-09-10,4,2,3501430,2,1,22.0,69,false
2026-09-10,4,2,3501430,3,1,19.0,60,false
2026-09-10,4,2,3501430,4,1,18.0,57,false
2026-09-10,4,2,3501430,5,1,17.0,53,false
2026-09-10,4,2,3501430,6,1,31.0,97,false
2026-09-10,4,2,3501430,7,1,18.0,57,false
2026-09-10,4,2,3501430,8,1,20.0,63,false
2026-09-10,4,2,3501430,9,1,17.0,53,false
2026-09-10,4,2,3501430,10,1,12.0,38,false
2026-09-10,4,2,3501430,11,1,15.0,47,false
2026-09-10,4,2,3501430,12,1,15.0,47,false
2026-09-10,4,2,3501430,13,1,30.0,94,false
2026-09-10,6,2,3500888,1,1,23.0,38,false
2026-09-10,6,2,3500888,2,1,12.0,20,false
2026-09-10,6,2,3500888,3,1,14.0,23,false
2026-09-10,6,2,3500888,4,1,15.0,25,false
2026-09-10,6,2,3500888,5,1,22.0,36,false
2026-09-10,6,2,3500888,6,1,37.0,60,false
2026-09-10,6,2,3500888,7,1,20.0,33,false
2026-09-10,6,2,3500888,8,1,17.0,28,false
2026-09-10,6,2,3500888,9,1,19.0,31,false
2026-09-10,6,2,3500888,10,1,18.0,30,false
2026-09-10,6,2,3500888,11,1,17.0,28,false
2026-09-10,6,2,3500888,12,1,16.0,26,false
2026-09-10,6,2,3500888,13,1,34.0,55,false
2026-09-10,1,1,3500005,1,1,19.0,108,false
2026-09-10,1,1,3500005,2,1,18.0,102,false
2026-09-10,1,1,3500005,3,1,20.0,113,false
2026-09-10,1,1,3500005,4,1,21.0,119,false
2026-09-10,1,1,3500005,5,1,22.0,125,false
2026-09-10,1,1,3500005,6,1,30.0,170,false
2026-09-10,1,1,3500005,7,1,11.0,63,false
2026-09-10,1,1,3500005,8,1,10.0,57,false
2026-09-10,1,1,3500005,9,1,22.0,125,false
2026-09-10,1,1,3500005,10,1,20.0,113,false
2026-09-10,1,1,3500005,11,1,18.0,102,false
2026-09-10,1,1,3500005,12,1,20.0,113,false
2026-09-10,1,1,3500005,13,1,32.0,181,false
2026-09-10,2,1,3500162,1,1,22.0,105,false
2026-09-10,2,1,3500162,2,1,25.0,120,false
2026-09-10,2,1,3500162,3,1,21.0,100,false
2026-09-10,2,1,3500162,4,1,20.0,96,false
2026-09-10,2,1,3500162,5,1,19.0,91,false
2026-09-10,2,1,3500162,6,1,31.0,148,false
2026-09-10,2,1,3500162,7,1,11.0,53,false
2026-09-10,2,1,3500162,8,1,10.0,48,false
2026-09-10,2,1,3500162,9,1,22.0,105,false
2026-09-10,2,1,3500162,10,1,21.0,100,false
2026-09-10,2,1,3500162,11,1,22.0,105,false
2026-09-10,2,1,3500162,12,1,23.0,110,false
2026-09-10,2,1,3500162,13,1,31.0,148,false
2026-09-10,4,1,3501430,1,1,22.0,69,false
2026-09-10,4,1,3501430,2,1,21.0,66,false
2026-09-10,4,1,3501430,3,1,20.0,63,false
2026-09-10,4,1,3501430,4,1,18.0,57,false
2026-09-10,4,1,3501430,5,1,19.0,60,false
2026-09-10,4,1,3501430,6,1,31.0,97,false
2026-09-10,4,1,3501430,7,1,10.0,32,false
2026-09-10,4,1,3501430,8,1,11.0,35,false
2026-09-10,4,1,3501430,9,1,21.0,66,false
2026-09-10,4,1,3501430,10,1,20.0,63,false
2026-09-10,4,1,3501430,11,1,21.0,66,false
2026-09-10,4,1,3501430,12,1,22.0,69,false
2026-09-10,4,1,3501430,13,1,31.0,97,false
2026-09-11,1,3,3500005,1,1,17.0,97,false
2026-09-11,1,3,3500005,2,1,20.0,113,false
2026-09-11,1,3,3500005,3,1,13.0,74,false
2026-09-11,1,3,3500005,4,1,20.0,113,false
2026-09-11,1,3,3500005,5,1,14.0,80,false
2026-09-11,1,3,3500005,6,1,20.0,113,false
2026-09-11,1,3,3500005,7,1,15.0,85,false
2026-09-11,1,3,3500005,8,1,24.0,136,false
2026-09-11,1,3,3500005,9,1,23.0,130,false
2026-09-11,1,3,3500005,10,1,10.0,57,false
2026-09-11,1,3,3500005,11,1,12.0,68,false
2026-09-11,1,3,3500005,12,1,18.0,102,false
2026-09-11,1,3,3500005,13,1,20.0,113,false
2026-09-11,2,3,3500162,1,1,24.0,115,false
2026-09-11,2,3,3500162,2,1,27.0,129,false
2026-09-11,2,3,3500162,3,1,13.0,62,false
2026-09-11,2,3,3500162,4,1,20.0,96,false
2026-09-11,2,3,3500162,5,1,12.0,58,false
2026-09-11,2,3,3500162,6,1,20.0,96,false
2026-09-11,2,3,3500162,7,1,23.0,110,false
2026-09-11,2,3,3500162,8,1,15.0,72,false
2026-09-11,2,3,3500162,9,1,23.0,110,false
2026-09-11,2,3,3500162,10,1,19.0,91,false
2026-09-11,2,3,3500162,11,1,10.0,48,false
2026-09-11,2,3,3500162,12,1,12.0,58,false
2026-09-11,2,3,3500162,13,1,21.0,100,false
2026-09-11,4,3,3501430,1,1,40.0,125,false
2026-09-11,4,3,3501430,2,1,20.0,63,false
2026-09-11,4,3,3501430,3,1,27.0,85,false
2026-09-11,4,3,3501430,4,1,10.0,32,false
2026-09-11,4,3,3501430,5,1,27.0,85,false
2026-09-11,4,3,3501430,6,1,2.0,7,false
2026-09-11,4,3,3501430,7,1,30.0,94,false
2026-09-11,4,3,3501430,8,1,29.0,91,false
2026-09-11,4,3,3501430,9,1,10.0,32,false
2026-09-11,4,3,3501430,10,1,20.0,63,false
2026-09-11,4,3,3501430,11,1,10.0,32,false
2026-09-11,4,3,3501430,12,1,17.0,53,false
2026-09-11,4,3,3501430,13,1,20.0,63,false
2026-09-11,6,3,3500888,1,1,12.0,20,false
2026-09-11,6,3,3500888,2,1,13.0,21,false
2026-09-11,6,3,3500888,3,1,10.0,17,false
2026-09-11,6,3,3500888,4,1,17.0,28,false
2026-09-11,6,3,3500888,5,1,10.0,17,false
2026-09-11,6,3,3500888,6,1,30.0,49,false
2026-09-11,6,3,3500888,7,1,20.0,33,false
2026-09-11,6,3,3500888,8,1,13.0,21,false
2026-09-11,6,3,3500888,9,1,17.0,28,false
2026-09-11,6,3,3500888,10,1,10.0,17,false
2026-09-11,6,3,3500888,11,1,13.0,21,false
2026-09-11,6,3,3500888,12,1,14.0,23,false
2026-09-11,6,3,3500888,13,1,20.0,33,false
2026-09-12,1,1,3500005,1,1,12.0,68,false
2026-09-12,1,1,3500005,2,1,18.0,102,false
2026-09-12,1,1,3500005,3,1,17.0,97,false
2026-09-12,1,1,3500005,4,1,19.0,108,false
2026-09-12,1,1,3500005,5,1,20.0,113,false
2026-09-12,1,1,3500005,6,1,23.0,130,false
2026-09-12,1,1,3500005,7,1,12.0,68,false
2026-09-12,1,1,3500005,8,1,10.0,57,false
2026-09-12,1,1,3500005,9,1,20.0,113,false
2026-09-12,1,1,3500005,10,1,21.0,119,false
2026-09-12,1,1,3500005,11,1,22.0,125,false
2026-09-12,1,1,3500005,12,1,23.0,130,false
2026-09-12,1,1,3500005,13,1,31.0,176,false
2026-09-12,2,1,3500162,1,1,22.0,105,false
2026-09-12,2,1,3500162,2,1,21.0,100,false
2026-09-12,2,1,3500162,3,1,20.0,96,false
2026-09-12,2,1,3500162,4,1,13.0,62,false
2026-09-12,2,1,3500162,5,1,13.0,62,false
2026-09-12,2,1,3500162,6,1,32.0,153,false
2026-09-12,2,1,3500162,7,1,21.0,100,false
2026-09-12,2,1,3500162,8,1,12.0,58,false
2026-09-12,2,1,3500162,9,1,31.0,148,false
2026-09-12,2,1,3500162,10,1,30.0,143,false
2026-09-12,2,1,3500162,11,1,31.0,148,false
2026-09-12,2,1,3500162,12,1,23.0,110,false
2026-09-12,2,1,3500162,13,1,41.0,196,false
2026-09-12,4,1,3501430,1,1,20.0,63,false
2026-09-12,4,1,3501430,2,1,22.0,69,false
2026-09-12,4,1,3501430,3,1,21.0,66,false
2026-09-12,4,1,3501430,4,1,22.0,69,false
2026-09-12,4,1,3501430,5,1,20.0,63,false
2026-09-12,4,1,3501430,6,1,30.0,94,false
2026-09-12,4,1,3501430,7,1,11.0,35,false
2026-09-12,4,1,3501430,8,1,12.0,38,false
2026-09-12,4,1,3501430,9,1,22.0,69,false
2026-09-12,4,1,3501430,10,1,25.0,78,false
2026-09-12,4,1,3501430,11,1,20.0,63,false
2026-09-12,4,1,3501430,12,1,21.0,66,false
2026-09-12,4,1,3501430,13,1,33.0,103,false
2026-09-12,6,1,3500887,1,1,22.0,36,false
2026-09-12,6,1,3500887,2,1,25.0,41,false
2026-09-12,6,1,3500887,3,1,20.0,33,false
2026-09-12,6,1,3500887,4,1,22.0,36,false
2026-09-12,6,1,3500887,5,1,19.0,31,false
2026-09-12,6,1,3500887,6,1,34.0,55,false
2026-09-12,6,1,3500887,7,1,11.0,18,false
2026-09-12,6,1,3500887,8,1,10.0,17,false
2026-09-12,6,1,3500887,9,1,20.0,33,false
2026-09-12,6,1,3500887,10,1,10.0,17,false
2026-09-12,6,1,3500887,11,1,20.0,33,false
2026-09-12,6,1,3500887,12,1,22.0,36,false
2026-09-12,6,1,3500887,13,1,31.0,50,false
2026-09-13,1,3,3500005,1,1,15.0,85,false
2026-09-13,1,3,3500005,2,1,17.0,97,false
2026-09-13,1,3,3500005,3,1,20.0,113,false
2026-09-13,1,3,3500005,4,1,27.0,153,false
2026-09-13,1,3,3500005,5,1,12.0,68,false
2026-09-13,1,3,3500005,6,1,21.0,119,false
2026-09-13,1,3,3500005,7,1,19.0,108,false
2026-09-13,1,3,3500005,8,1,23.0,130,false
2026-09-13,1,3,3500005,9,1,15.0,85,false
2026-09-13,1,3,3500005,10,1,10.0,57,false
2026-09-13,1,3,3500005,11,1,12.0,68,false
2026-09-13,1,3,3500005,12,1,10.0,57,false
2026-09-13,1,3,3500005,13,1,21.0,119,false
2026-09-13,2,3,3500162,1,1,24.0,115,false
2026-09-13,2,3,3500162,2,1,20.0,96,false
2026-09-13,2,3,3500162,3,1,31.0,148,false
2026-09-13,2,3,3500162,4,1,17.0,81,false
2026-09-13,2,3,3500162,5,1,25.0,120,false
2026-09-13,2,3,3500162,6,1,22.0,105,false
2026-09-13,2,3,3500162,7,1,20.0,96,false
2026-09-13,2,3,3500162,8,1,33.0,158,false
2026-09-13,2,3,3500162,9,1,27.0,129,false
2026-09-13,2,3,3500162,10,1,14.0,67,false
2026-09-13,2,3,3500162,11,1,12.0,58,false
2026-09-13,2,3,3500162,12,1,17.0,81,false
2026-09-13,2,3,3500162,13,1,30.0,143,false
2026-09-13,4,3,3501430,1,1,33.0,103,false
2026-09-13,4,3,3501430,2,1,24.0,75,false
2026-09-13,4,3,3501430,3,1,27.0,85,false
2026-09-13,4,3,3501430,4,1,10.0,32,false
2026-09-13,4,3,3501430,5,1,12.0,38,false
2026-09-13,4,3,3501430,6,1,21.0,66,false
2026-09-13,4,3,3501430,7,1,30.0,94,false
2026-09-13,4,3,3501430,8,1,24.0,75,false
2026-09-13,4,3,3501430,9,1,21.0,66,false
2026-09-13,4,3,3501430,10,1,19.0,60,false
2026-09-13,4,3,3501430,11,1,10.0,32,false
2026-09-13,4,3,3501430,12,1,12.0,38,false
2026-09-13,4,3,3501430,13,1,20.0,63,false
2026-09-13,1,1,3500005,1,1,12.0,68,false
2026-09-13,1,1,3500005,2,1,14.0,80,false
2026-09-13,1,1,3500005,3,1,18.0,102,false
2026-09-13,1,1,3500005,4,1,27.0,153,false
2026-09-13,1,1,3500005,5,1,12.0,68,false
2026-09-13,1,1,3500005,6,1,22.0,125,false
2026-09-13,1,1,3500005,7,1,14.0,80,false
2026-09-13,1,1,3500005,8,1,20.0,113,false
2026-09-13,1,1,3500005,9,1,8.0,46,false
2026-09-13,1,1,3500005,10,1,10.0,57,false
2026-09-13,1,1,3500005,11,1,11.0,63,false
2026-09-13,1,1,3500005,12,1,13.0,74,false
2026-09-13,1,1,3500005,13,1,11.0,63,false
2026-09-13,2,1,3500162,1,1,20.0,96,false
2026-09-13,2,1,3500162,2,1,18.0,86,false
2026-09-13,2,1,3500162,3,1,25.0,120,false
2026-09-13,2,1,3500162,4,1,10.0,48,false
2026-09-13,2,1,3500162,5,1,13.0,62,false
2026-09-13,2,1,3500162,6,1,35.0,167,false
2026-09-13,2,1,3500162,7,1,12.0,58,false
2026-09-13,2,1,3500162,8,1,10.0,48,false
2026-09-13,2,1,3500162,9,1,17.0,81,false
2026-09-13,2,1,3500162,10,1,15.0,72,false
2026-09-13,2,1,3500162,11,1,10.0,48,false
2026-09-13,2,1,3500162,12,1,10.0,48,false
2026-09-13,2,1,3500162,13,1,11.0,53,false
2026-09-13,4,1,3501430,1,1,13.0,41,false
2026-09-13,4,1,3501430,2,1,18.0,57,false
2026-09-13,4,1,3501430,3,1,16.0,50,false
2026-09-13,4,1,3501430,4,1,19.0,60,false
2026-09-13,4,1,3501430,5,1,10.0,32,false
2026-09-13,4,1,3501430,6,1,24.0,75,false
2026-09-13,4,1,3501430,7,1,12.0,38,false
2026-09-13,4,1,3501430,8,1,15.0,47,false
2026-09-13,4,1,3501430,9,1,10.0,32,false
2026-09-13,4,1,3501430,10,1,8.0,25,false
2026-09-13,4,1,3501430,11,1,13.0,41,false
2026-09-13,4,1,3501430,12,1,16.0,50,false
2026-09-13,4,1,3501430,13,1,19.0,60,false
2026-09-13,6,1,3500888,1,1,19.0,31,false
2026-09-13,6,1,3500888,2,1,22.0,36,false
2026-09-13,6,1,3500888,3,1,15.0,25,false
2026-09-13,6,1,3500888,4,1,23.0,38,false
2026-09-13,6,1,3500888,5,1,25.0,41,false
2026-09-13,6,1,3500888,6,1,30.0,49,false
2026-09-13,6,1,3500888,7,1,26.0,42,false
2026-09-13,6,1,3500888,8,1,15.0,25,false
2026-09-13,6,1,3500888,9,1,13.0,21,false
2026-09-13,6,1,3500888,10,1,17.0,28,false
2026-09-13,6,1,3500888,11,1,10.0,17,false
2026-09-13,6,1,3500888,12,1,12.0,20,false
2026-09-13,6,1,3500888,13,1,15.0,25,false
2026-09-13,1,2,3500005,1,1,15.0,85,false
2026-09-13,1,2,3500005,2,1,10.0,57,false
2026-09-13,1,2,3500005,3,1,12.0,68,false
2026-09-13,1,2,3500005,4,1,14.0,80,false
2026-09-13,1,2,3500005,5,1,9.0,51,false
2026-09-13,1,2,3500005,6,1,36.0,204,false
2026-09-13,1,2,3500005,7,1,13.0,74,false
2026-09-13,1,2,3500005,8,1,11.0,63,false
2026-09-13,1,2,3500005,9,1,8.0,46,false
2026-09-13,1,2,3500005,10,1,20.0,113,false
2026-09-13,1,2,3500005,11,1,18.0,102,false
2026-09-13,1,2,3500005,12,1,16.0,91,false
2026-09-13,1,2,3500005,13,1,22.0,125,false
2026-09-13,2,2,3500162,1,1,20.0,96,false
2026-09-13,2,2,3500162,2,1,11.0,53,false
2026-09-13,2,2,3500162,3,1,16.0,77,false
2026-09-13,2,2,3500162,4,1,17.0,81,false
2026-09-13,2,2,3500162,5,1,14.0,67,false
2026-09-13,2,2,3500162,6,1,19.0,91,false
2026-09-13,2,2,3500162,7,1,18.0,86,false
2026-09-13,2,2,3500162,8,1,13.0,62,false
2026-09-13,2,2,3500162,9,1,8.0,39,false
2026-09-13,2,2,3500162,10,1,12.0,58,false
2026-09-13,2,2,3500162,11,1,19.0,91,false
2026-09-13,2,2,3500162,12,1,7.0,34,false
2026-09-13,2,2,3500162,13,1,24.0,115,false
2026-09-13,4,2,3500162,1,1,16.0,77,false
2026-09-13,4,2,3500162,2,1,17.0,81,false
2026-09-13,4,2,3501430,3,1,11.0,35,false
2026-09-13,4,2,3501430,4,1,10.0,32,false
2026-09-13,4,2,3501430,5,1,14.0,44,false
2026-09-13,4,2,3501430,6,1,32.0,100,false
2026-09-13,4,2,3501430,7,1,9.0,29,false
2026-09-13,4,2,3501430,8,1,13.0,41,false
2026-09-13,4,2,3501430,9,1,14.0,44,false
2026-09-13,4,2,3501430,10,1,12.0,38,false
2026-09-13,4,2,3501430,11,1,7.0,22,false
2026-09-13,4,2,3501430,12,1,15.0,47,false
2026-09-13,4,2,3501430,13,1,30.0,94,false
2026-09-13,6,2,3500888,1,1,22.0,36,false
2026-09-13,6,2,3500888,2,1,20.0,33,false
2026-09-13,6,2,3500888,3,1,19.0,31,false
2026-09-13,6,2,3500888,4,1,17.0,28,false
2026-09-13,6,2,3500888,5,1,15.0,25,false
2026-09-13,6,2,3500888,6,1,34.0,55,false
2026-09-13,6,2,3500888,7,1,11.0,18,false
2026-09-13,6,2,3500888,8,1,10.0,17,false
2026-09-13,6,2,3500888,9,1,14.0,23,false
2026-09-13,6,2,3500888,10,1,13.0,21,false
2026-09-13,6,2,3500888,11,1,19.0,31,false
2026-09-13,6,2,3500888,12,1,23.0,38,false
2026-09-13,6,2,3500888,13,1,36.0,59,false
2026-09-12,1,2,3500005,1,1,10.0,57,false
2026-09-12,1,2,3500005,2,1,16.0,91,false
2026-09-12,1,2,3500005,3,1,18.0,102,false
2026-09-12,1,2,3500005,4,1,10.0,57,false
2026-09-12,1,2,3500005,5,1,9.0,51,false
2026-09-12,1,2,3500005,6,1,26.0,147,false
2026-09-12,1,2,3500005,7,1,16.0,91,false
2026-09-12,1,2,3500005,8,1,8.0,46,false
2026-09-12,1,2,3500005,9,1,9.0,51,false
2026-09-12,1,2,3500005,10,1,8.0,46,false
2026-09-12,1,2,3500005,11,1,12.0,68,false
2026-09-12,1,2,3500005,12,1,10.0,57,false
2026-09-12,1,2,3500005,13,1,10.0,57,false
2026-09-12,2,2,3500162,1,1,20.0,96,false
2026-09-12,2,2,3500162,2,1,16.0,77,false
2026-09-12,2,2,3500162,3,1,18.0,86,false
2026-09-12,2,2,3500162,4,1,19.0,91,false
2026-09-12,2,2,3500162,5,1,12.0,58,false
2026-09-12,2,2,3500162,6,1,21.0,100,false
2026-09-12,2,2,3500162,7,1,16.0,77,false
2026-09-12,2,2,3500162,8,1,21.0,100,false
2026-09-12,2,2,3500162,9,1,16.0,77,false
2026-09-12,2,2,3500162,10,1,10.0,48,false
2026-09-12,2,2,3500162,11,1,19.0,91,false
2026-09-12,2,2,3500162,12,1,12.0,58,false
2026-09-12,2,2,3500162,13,1,0.0,0,false
2026-09-12,4,2,3500162,1,1,20.0,96,false
2026-09-12,4,2,3500162,2,1,18.0,86,false
2026-09-12,4,2,3500162,3,1,12.0,58,false
2026-09-12,4,2,3500162,4,1,14.0,67,false
2026-09-12,4,2,3500162,5,1,16.0,77,false
2026-09-12,4,2,3500162,6,1,29.0,139,false
2026-09-12,4,2,3500162,7,1,11.0,53,false
2026-09-12,4,2,3500162,8,1,12.0,58,false
2026-09-12,4,2,3500162,9,1,16.0,77,false
2026-09-12,4,2,3500162,10,1,10.0,48,false
2026-09-12,4,2,3500162,11,1,11.0,53,false
2026-09-12,4,2,3500162,12,1,12.0,58,false
2026-09-12,4,2,3500162,13,1,0.0,0,false
2026-09-12,6,2,3500888,1,1,21.0,34,false
2026-09-12,6,2,3500888,2,1,16.0,26,false
2026-09-12,6,2,3500888,3,1,12.0,20,false
2026-09-12,6,2,3500888,4,1,14.0,23,false
2026-09-12,6,2,3500888,5,1,16.0,26,false
2026-09-12,6,2,3500888,6,1,21.0,34,false
2026-09-12,6,2,3500888,7,1,12.0,20,false
2026-09-12,6,2,3500888,8,1,10.0,17,false
2026-09-12,6,2,3500888,9,1,11.0,18,false
2026-09-12,6,2,3500888,10,1,16.0,26,false
2026-09-12,6,2,3500888,11,1,10.0,17,false
2026-09-12,6,2,3500888,12,1,11.0,18,false
2026-09-12,6,2,3500888,13,1,12.0,20,false
